bullwaves_user,bullwaves_id,from_affiliate_id,to_affiliate_id,comment,created_on,created_by,admin_only,affiliateid
bullwaves-851993,851993,2287,35272,"User bullwaves-851993 was moved from affiliate 2287 to  affiliate 35272  With settings : Move media report stats , Move pre calculated commissions",,,,
bullwaves-850942,850942,2287,35272,User bullwaves-850942 was moved from affiliate 2287 to  affiliate 35272,,,,
bullwaves-851993,851993,2287,35272,"User bullwaves-851993 was moved from affiliate 2287 to  affiliate 35272  With settings : Move media report stats , Move pre calculated commissions , Apply destination affiliate Revshare settings , Apply destination affiliate CPA Qualification",1/8/2026 3:45:03 PM,paolov,Yes,35272
bullwaves-850942,850942,2287,35272,"User bullwaves-850942 was moved from affiliate 2287 to  affiliate 35272  With settings : Move media report stats , Move pre calculated commissions , Apply destination affiliate Revshare settings , Apply destination affiliate CPA Qualification",1/8/2026 3:43:50 PM,paolov,Yes,35272
bullwaves-850358,850358,2287,35429,"User bullwaves-850358 was moved from affiliate 2287 to  affiliate 35429  With settings : Move media report stats , Move pre calculated commissions , Apply destination affiliate Revshare settings , Apply destination affiliate CPA Qualification",1/8/2026 3:41:10 PM,paolov,Yes,35429
bullwaves-850526,850526,2287,35597,"User bullwaves-850526 was moved from affiliate 2287 to  affiliate 35597  With settings : Move media report stats , Move pre calculated commissions , Apply destination affiliate Revshare settings , Apply destination affiliate CPA Qualification",1/8/2026 11:19:46 AM,Partners,Yes,35597
bullwaves-848882,848882,2287,35231,"User bullwaves-848882 was moved from affiliate 2287 to  affiliate 35231  With settings : Move media report stats , Move pre calculated commissions , Apply destination affiliate Revshare settings , Apply destination affiliate CPA Qualification",1/8/2026 11:17:21 AM,Partners,Yes,35231
bullwaves-840636,840636,35335,35270,"User bullwaves-840636 was moved from affiliate 35335 to  affiliate 35270  With settings : Move media report stats , Apply destination affiliate Revshare settings , Apply destination affiliate CPA Qualification",1/6/2026 12:31:03 PM,Partners,Yes,35270
bullwaves-840636,840636,35335,35270,"User bullwaves-840636 was moved from affiliate 35335 to  affiliate 35270  With settings : Move media report stats , Apply destination affiliate Revshare settings , Apply destination affiliate CPA Qualification",1/6/2026 12:31:02 PM,Partners,Yes,35335
bullwaves-838641,838641,2287,35270,"User bullwaves-838641 was moved from affiliate 2287 to  affiliate 35270  With settings : Move media report stats , Apply destination affiliate Revshare settings , Apply destination affiliate CPA Qualification",1/6/2026 12:29:51 PM,Partners,Yes,35270
bullwaves-505077,505077,35660,35270,"User bullwaves-505077 was moved from affiliate 35660 to  affiliate 35270  With settings : Move media report stats , Apply destination affiliate Revshare settings , Apply destination affiliate CPA Qualification",1/6/2026 10:45:32 AM,Partners,Yes,35270
bullwaves-484879,484879,35290,35270,"User bullwaves-484879 was moved from affiliate 35290 to  affiliate 35270  With settings : Move media report stats , Apply destination affiliate Revshare settings , Apply destination affiliate CPA Qualification",1/6/2026 10:43:34 AM,Partners,Yes,35270
bullwaves-844483,844483,2287,35231,"User bullwaves-844483 was moved from affiliate 2287 to  affiliate 35231  With settings : Move media report stats , Move pre calculated commissions , Apply destination affiliate Revshare settings , Apply destination affiliate CPA Qualification",1/5/2026 2:29:05 AM,Partners,Yes,35231
bullwaves-666903,666903,35272,35180,"User bullwaves-666903 was moved from affiliate 35272 to  affiliate 35180  With settings : Move media report stats , Apply destination affiliate Revshare settings , Apply destination affiliate CPA Qualification",1/4/2026 8:53:11 PM,Partners,Yes,35180
bullwaves-843546,843546,2287,35197,"User bullwaves-843546 was moved from affiliate 2287 to  affiliate 35197  With settings : Move media report stats , Move pre calculated commissions , Apply destination affiliate Revshare settings , Apply destination affiliate CPA Qualification",1/4/2026 12:11:42 PM,Tamara,Yes,35197
bullwaves-505077,505077,35270,35660,"User bullwaves-505077 was moved from affiliate 35270 to  affiliate 35660  With settings : Move media report stats , Move pre calculated commissions , Apply destination affiliate Revshare settings , Apply destination affiliate CPA Qualification",1/2/2026 4:54:12 PM,paolov,Yes,35660
bullwaves-841781,841781,2287,35660,"User bullwaves-841781 was moved from affiliate 2287 to  affiliate 35660  With settings : Move media report stats , Move pre calculated commissions , Apply destination affiliate Revshare settings , Apply destination affiliate CPA Qualification",1/2/2026 4:12:37 PM,SONJA,Yes,35660
bullwaves-841828,841828,2287,35180,"User bullwaves-841828 was moved from affiliate 2287 to  affiliate 35180  With settings : Move media report stats , Move pre calculated commissions , Apply destination affiliate Revshare settings , Apply destination affiliate CPA Qualification",1/2/2026 1:47:56 PM,paolov,Yes,35180
bullwaves-840636,840636,2287,35335,"User bullwaves-840636 was moved from affiliate 2287 to  affiliate 35335  With settings : Move media report stats , Move pre calculated commissions , Apply destination affiliate Revshare settings , Apply destination affiliate CPA Qualification",1/2/2026 10:11:48 AM,SONJA,Yes,35335
bullwaves-195154,195154,35224,35529,"User bullwaves-195154 was moved from affiliate 35224 to  affiliate 35529  With settings : Move media report stats , Move pre calculated commissions , Apply destination affiliate Revshare settings , Apply destination affiliate CPA Qualification",12/31/2025 4:03:55 PM,paolov,Yes,35529
bullwaves-290493,290493,35180,35465,"User bullwaves-290493 was moved from affiliate 35180 to  affiliate 35465  With settings : Move media report stats , Move pre calculated commissions , Apply destination affiliate Revshare settings , Apply destination affiliate CPA Qualification",12/30/2025 2:52:36 PM,Partners,Yes,35465
bullwaves-834335,834335,2287,35180,"User bullwaves-834335 was moved from affiliate 2287 to  affiliate 35180  With settings : Move media report stats , Apply destination affiliate Revshare settings , Apply destination affiliate CPA Qualification",12/30/2025 7:28:57 AM,Partners,Yes,35180
bullwaves-823008,823008,35112,35263,"User bullwaves-823008 was moved from affiliate 35112 to  affiliate 35263  With settings : Move media report stats , Move pre calculated commissions , Apply destination affiliate Revshare settings , Apply destination affiliate CPA Qualification",12/29/2025 1:26:02 PM,SONJA,Yes,35263
bullwaves-807618,807618,35445,35427,"User bullwaves-807618 was moved from affiliate 35445 to  affiliate 35427  With settings : Move media report stats , Apply destination affiliate Revshare settings , Apply destination affiliate CPA Qualification",12/29/2025 8:51:01 AM,Partners,Yes,35427
bullwaves-785809,785809,2287,35427,"User bullwaves-785809 was moved from affiliate 2287 to  affiliate 35427  With settings : Move media report stats , Apply destination affiliate Revshare settings , Apply destination affiliate CPA Qualification",12/29/2025 8:48:43 AM,Partners,Yes,35427
bullwaves-776837,776837,2287,35637,"User bullwaves-776837 was moved from affiliate 2287 to  affiliate 35637  With settings : Move media report stats , Move pre calculated commissions , Apply destination affiliate Revshare settings , Apply destination affiliate CPA Qualification",12/28/2025 3:13:40 PM,Partners,Yes,35637
bullwaves-781356,781356,2287,35637,"User bullwaves-781356 was moved from affiliate 2287 to  affiliate 35637  With settings : Move media report stats , Move pre calculated commissions , Apply destination affiliate Revshare settings , Apply destination affiliate CPA Qualification",12/28/2025 3:09:53 PM,Partners,Yes,35637
bullwaves-734558,734558,35477,35263,"User bullwaves-734558 was moved from affiliate 35477 to  affiliate 35263  With settings : Move media report stats , Apply destination affiliate Revshare settings , Apply destination affiliate CPA Qualification",12/26/2025 6:19:04 PM,Partners,Yes,35263
bullwaves-706171,706171,2287,35180,"User bullwaves-706171 was moved from affiliate 2287 to  affiliate 35180  With settings : Move media report stats , Move pre calculated commissions",12/24/2025 11:21:39 AM,ivana,Yes,35180
bullwaves-155404,155404,35143,35272,User bullwaves-155404 was moved from affiliate 35143 to  affiliate 35272  With settings : Apply destination affiliate CPA Qualification,12/24/2025 11:19:01 AM,paolov,Yes,35272
bullwaves-817241,817241,35335,35270,"User bullwaves-817241 was moved from affiliate 35335 to  affiliate 35270  With settings : Move media report stats , Apply destination affiliate Revshare settings , Apply destination affiliate CPA Qualification",12/24/2025 8:35:29 AM,Partners,Yes,35270
bullwaves-822739,822739,2287,35112,"User bullwaves-822739 was moved from affiliate 2287 to  affiliate 35112  With settings : Move media report stats , Move pre calculated commissions",12/24/2025 8:27:28 AM,ivana,Yes,35112
bullwaves-824753,824753,2287,35596,"User bullwaves-824753 was moved from affiliate 2287 to  affiliate 35596  With settings : Move media report stats , Move pre calculated commissions , Apply destination affiliate Revshare settings , Apply destination affiliate CPA Qualification",12/23/2025 4:37:19 PM,SONJA,Yes,35596
bullwaves-823008,823008,2287,35112,"User bullwaves-823008 was moved from affiliate 2287 to  affiliate 35112  With settings : Move media report stats , Move pre calculated commissions",12/23/2025 8:20:02 AM,paolov,Yes,35112
bullwaves-356168,356168,2287,35198,"User bullwaves-356168 was moved from affiliate 2287 to  affiliate 35198  With settings : Move media report stats , Move pre calculated commissions , Apply destination affiliate Revshare settings , Apply destination affiliate CPA Qualification",12/22/2025 5:45:00 PM,Partners,Yes,35198
bullwaves-509995,509995,35273,35180,"User bullwaves-509995 was moved from affiliate 35273 to  affiliate 35180  With settings : Apply destination affiliate Revshare settings , Apply destination affiliate CPA Qualification",12/21/2025 9:42:23 PM,Partners,Yes,35180
bullwaves-813352,813352,2287,35302,"User bullwaves-813352 was moved from affiliate 2287 to  affiliate 35302  With settings : Move media report stats , Move pre calculated commissions",12/18/2025 3:10:56 PM,ivana,Yes,35302
bullwaves-799575,799575,2287,35475,"User bullwaves-799575 was moved from affiliate 2287 to  affiliate 35475  With settings : Move media report stats , Move pre calculated commissions",12/18/2025 2:27:17 PM,ivana,Yes,35475
bullwaves-813701,813701,2287,35197,"User bullwaves-813701 was moved from affiliate 2287 to  affiliate 35197  With settings : Move media report stats , Move pre calculated commissions",12/18/2025 1:18:32 PM,ivana,Yes,35197
bullwaves-810901,810901,2287,35180,"User bullwaves-810901 was moved from affiliate 2287 to  affiliate 35180  With settings : Move media report stats , Move pre calculated commissions , Apply destination affiliate Revshare settings , Apply destination affiliate CPA Qualification",12/18/2025 11:17:16 AM,SONJA,Yes,35180
bullwaves-806917,806917,2287,35302,"User bullwaves-806917 was moved from affiliate 2287 to  affiliate 35302  With settings : Move media report stats , Move pre calculated commissions , Apply destination affiliate Revshare settings , Apply destination affiliate CPA Qualification",12/17/2025 1:35:37 PM,SONJA,Yes,35302
bullwaves-794690,794690,2287,35427,"User bullwaves-794690 was moved from affiliate 2287 to  affiliate 35427  With settings : Move media report stats , Apply destination affiliate Revshare settings , Apply destination affiliate CPA Qualification",12/17/2025 10:20:26 AM,Partners,Yes,35427
bullwaves-788819,788819,2287,35427,"User bullwaves-788819 was moved from affiliate 2287 to  affiliate 35427  With settings : Move media report stats , Apply destination affiliate Revshare settings , Apply destination affiliate CPA Qualification",12/17/2025 10:20:04 AM,Partners,Yes,35427
bullwaves-810873,810873,2287,35270,"User bullwaves-810873 was moved from affiliate 2287 to  affiliate 35270  With settings : Move media report stats , Apply destination affiliate Revshare settings , Apply destination affiliate CPA Qualification",12/17/2025 10:17:31 AM,Partners,Yes,35270
bullwaves-794215,794215,35335,35270,"User bullwaves-794215 was moved from affiliate 35335 to  affiliate 35270  With settings : Move media report stats , Apply destination affiliate Revshare settings , Apply destination affiliate CPA Qualification",12/17/2025 10:16:42 AM,Partners,Yes,35270
bullwaves-119363,119363,35180,35394,"User bullwaves-119363 was moved from affiliate 35180 to  affiliate 35394  With settings : Move media report stats , Move pre calculated commissions , Apply destination affiliate Revshare settings , Apply destination affiliate CPA Qualification",12/16/2025 12:08:36 PM,SONJA,Yes,35394
,,,,A payment for the amount of 4005 was removed; Payment ID: 510 Payment Date: Mon Dec 15 2025 00:00:00 GMT+0000 (Coordinated Universal Time)  by admin: finance,12/15/2025 5:36:44 PM,finance,Yes,35235
bullwaves-778317,778317,35660,35302,"User bullwaves-778317 was moved from affiliate 35660 to  affiliate 35302  With settings : Move media report stats , Move pre calculated commissions , Apply destination affiliate Revshare settings , Apply destination affiliate CPA Qualification",12/15/2025 12:06:25 PM,Partners,Yes,35302
bullwaves-538449,538449,2287,35273,"User bullwaves-538449 was moved from affiliate 2287 to  affiliate 35273  With settings : Move media report stats , Move pre calculated commissions , Apply destination affiliate Revshare settings , Apply destination affiliate CPA Qualification",12/15/2025 8:58:27 AM,Partners,Yes,35273
bullwaves-789469,789469,2287,35597,"User bullwaves-789469 was moved from affiliate 2287 to  affiliate 35597  With settings : Move media report stats , Move pre calculated commissions , Apply destination affiliate Revshare settings , Apply destination affiliate CPA Qualification",12/15/2025 8:42:35 AM,Partners,Yes,35597
bullwaves-783775,783775,2287,35272,"User bullwaves-783775 was moved from affiliate 2287 to  affiliate 35272  With settings : Move media report stats , Move pre calculated commissions , Apply destination affiliate Revshare settings , Apply destination affiliate CPA Qualification",12/12/2025 9:24:34 AM,SONJA,Yes,35272
bullwaves-784096,784096,2287,35270,"User bullwaves-784096 was moved from affiliate 2287 to  affiliate 35270  With settings : Move media report stats , Apply destination affiliate Revshare settings , Apply destination affiliate CPA Qualification",12/11/2025 7:32:14 PM,Partners,Yes,35270
bullwaves-777860,777860,35335,35270,"User bullwaves-777860 was moved from affiliate 35335 to  affiliate 35270  With settings : Move media report stats , Apply destination affiliate Revshare settings , Apply destination affiliate CPA Qualification",12/11/2025 7:31:50 PM,Partners,Yes,35270
bullwaves-545876,545876,35224,35394,"User bullwaves-545876 was moved from affiliate 35224 to  affiliate 35394  With settings : Move media report stats , Apply destination affiliate Revshare settings , Apply destination affiliate CPA Qualification",12/11/2025 7:30:12 PM,Partners,Yes,35394
bullwaves-768135,768135,2287,35637,"User bullwaves-768135 was moved from affiliate 2287 to  affiliate 35637  With settings : Move media report stats , Move pre calculated commissions , Apply destination affiliate Revshare settings , Apply destination affiliate CPA Qualification",12/11/2025 3:00:16 PM,Partners,Yes,35637
bullwaves-762833,762833,2287,35637,"User bullwaves-762833 was moved from affiliate 2287 to  affiliate 35637  With settings : Move media report stats , Move pre calculated commissions , Apply destination affiliate Revshare settings , Apply destination affiliate CPA Qualification",12/11/2025 2:56:52 PM,Partners,Yes,35637
bullwaves-781775,781775,2287,35272,"User bullwaves-781775 was moved from affiliate 2287 to  affiliate 35272  With settings : Move media report stats , Move pre calculated commissions , Apply destination affiliate Revshare settings , Apply destination affiliate CPA Qualification",12/10/2025 2:09:03 PM,SONJA,Yes,35272
bullwaves-785843,785843,2287,35596,"User bullwaves-785843 was moved from affiliate 2287 to  affiliate 35596  With settings : Move media report stats , Move pre calculated commissions , Apply destination affiliate Revshare settings , Apply destination affiliate CPA Qualification",12/10/2025 11:32:00 AM,SONJA,Yes,35596
bullwaves-622317,622317,2287,35607,"User bullwaves-622317 was moved from affiliate 2287 to  affiliate 35607  With settings : Move media report stats , Move pre calculated commissions , Apply destination affiliate Revshare settings , Apply destination affiliate CPA Qualification",12/9/2025 1:14:51 PM,SONJA,Yes,35607
bullwaves-781949,781949,2287,35272,"User bullwaves-781949 was moved from affiliate 2287 to  affiliate 35272  With settings : Move media report stats , Move pre calculated commissions , Apply destination affiliate Revshare settings , Apply destination affiliate CPA Qualification",12/9/2025 8:25:15 AM,SONJA,Yes,35272
bullwaves-748747,748747,2287,35394,"User bullwaves-748747 was moved from affiliate 2287 to  affiliate 35394  With settings : Move media report stats , Move pre calculated commissions , Apply destination affiliate Revshare settings , Apply destination affiliate CPA Qualification",12/9/2025 8:04:37 AM,Partners,Yes,35394
bullwaves-773483,773483,2287,35180,"User bullwaves-773483 was moved from affiliate 2287 to  affiliate 35180  With settings : Move media report stats , Move pre calculated commissions , Apply destination affiliate Revshare settings , Apply destination affiliate CPA Qualification",12/5/2025 10:25:56 AM,Partners,Yes,35180
bullwaves-773707,773707,2287,35272,"User bullwaves-773707 was moved from affiliate 2287 to  affiliate 35272  With settings : Move media report stats , Move pre calculated commissions , Apply destination affiliate Revshare settings , Apply destination affiliate CPA Qualification",12/5/2025 8:49:25 AM,SONJA,Yes,35272
bullwaves-769888,769888,2287,35273,"User bullwaves-769888 was moved from affiliate 2287 to  affiliate 35273  With settings : Move media report stats , Move pre calculated commissions , Apply destination affiliate Revshare settings , Apply destination affiliate CPA Qualification",12/5/2025 8:48:10 AM,SONJA,Yes,35273
bullwaves-553347,553347,2287,35273,"User bullwaves-553347 was moved from affiliate 2287 to  affiliate 35273  With settings : Move media report stats , Move pre calculated commissions , Apply destination affiliate Revshare settings , Apply destination affiliate CPA Qualification",12/5/2025 8:47:56 AM,SONJA,Yes,35273
bullwaves-770241,770241,2287,35273,"User bullwaves-770241 was moved from affiliate 2287 to  affiliate 35273  With settings : Move media report stats , Move pre calculated commissions , Apply destination affiliate Revshare settings , Apply destination affiliate CPA Qualification",12/5/2025 8:47:40 AM,SONJA,Yes,35273
bullwaves-756112,756112,35663,35596,"User bullwaves-756112 was moved from affiliate 35663 to  affiliate 35596  With settings : Move media report stats , Move pre calculated commissions , Apply destination affiliate Revshare settings , Apply destination affiliate CPA Qualification",12/5/2025 8:47:34 AM,Partners,Yes,35596
bullwaves-556551,556551,35107,35273,"User bullwaves-556551 was moved from affiliate 35107 to  affiliate 35273  With settings : Apply destination affiliate Revshare settings , Apply destination affiliate CPA Qualification",12/4/2025 4:54:14 PM,Partners,Yes,35273
bullwaves-287717,287717,2287,35270,"User bullwaves-287717 was moved from affiliate 2287 to  affiliate 35270  With settings : Move media report stats , Apply destination affiliate Revshare settings , Apply destination affiliate CPA Qualification",12/4/2025 10:40:16 AM,Partners,Yes,35270
bullwaves-759138,759138,2287,35427,"User bullwaves-759138 was moved from affiliate 2287 to  affiliate 35427  With settings : Move media report stats , Apply destination affiliate Revshare settings , Apply destination affiliate CPA Qualification",12/4/2025 9:52:51 AM,Partners,Yes,35427
bullwaves-721486,721486,35426,35427,"User bullwaves-721486 was moved from affiliate 35426 to  affiliate 35427  With settings : Move media report stats , Apply destination affiliate Revshare settings , Apply destination affiliate CPA Qualification",12/4/2025 9:52:09 AM,Partners,Yes,35427
bullwaves-769991,769991,2287,35597,"User bullwaves-769991 was moved from affiliate 2287 to  affiliate 35597  With settings : Move media report stats , Move pre calculated commissions , Apply destination affiliate Revshare settings , Apply destination affiliate CPA Qualification",12/4/2025 8:21:25 AM,SONJA,Yes,35597
bullwaves-682542,682542,2287,35180,"User bullwaves-682542 was moved from affiliate 2287 to  affiliate 35180  With settings : Move media report stats , Move pre calculated commissions , Apply destination affiliate Revshare settings , Apply destination affiliate CPA Qualification",12/3/2025 6:52:24 PM,Partners,Yes,35180
bullwaves-715743,715743,35198,35597,"User bullwaves-715743 was moved from affiliate 35198 to  affiliate 35597  With settings : Move media report stats , Move pre calculated commissions , Apply destination affiliate Revshare settings , Apply destination affiliate CPA Qualification",12/3/2025 1:22:38 PM,Partners,Yes,35597
bullwaves-728599,728599,2287,35596,"User bullwaves-728599 was moved from affiliate 2287 to  affiliate 35596  With settings : Move media report stats , Move pre calculated commissions , Apply destination affiliate Revshare settings , Apply destination affiliate CPA Qualification",12/2/2025 1:26:07 PM,Partners,Yes,35596
bullwaves-752108,752108,35599,35596,"User bullwaves-752108 was moved from affiliate 35599 to  affiliate 35596  With settings : Move media report stats , Move pre calculated commissions , Apply destination affiliate Revshare settings , Apply destination affiliate CPA Qualification",12/1/2025 5:23:19 PM,Partners,Yes,35596
bullwaves-428120,428120,2287,35272,"User bullwaves-428120 was moved from affiliate 2287 to  affiliate 35272  With settings : Move media report stats , Move pre calculated commissions , Apply destination affiliate Revshare settings , Apply destination affiliate CPA Qualification",12/1/2025 12:33:16 PM,SONJA,Yes,35272
bullwaves-761558,761558,2287,35180,"User bullwaves-761558 was moved from affiliate 2287 to  affiliate 35180  With settings : Move media report stats , Move pre calculated commissions , Apply destination affiliate Revshare settings , Apply destination affiliate CPA Qualification",12/1/2025 12:31:58 PM,SONJA,Yes,35180
bullwaves-745797,745797,2287,35637,"User bullwaves-745797 was moved from affiliate 2287 to  affiliate 35637  With settings : Move media report stats , Move pre calculated commissions , Apply destination affiliate Revshare settings , Apply destination affiliate CPA Qualification",11/30/2025 7:43:23 AM,Partners,Yes,35637
bullwaves-224627,224627,35272,35465,"User bullwaves-224627 was moved from affiliate 35272 to  affiliate 35465  With settings : Move media report stats , Move pre calculated commissions , Apply destination affiliate Revshare settings , Apply destination affiliate CPA Qualification",11/28/2025 12:13:19 PM,SONJA,Yes,35465
bullwaves-750268,750268,35599,35596,"User bullwaves-750268 was moved from affiliate 35599 to  affiliate 35596  With settings : Move media report stats , Move pre calculated commissions , Apply destination affiliate Revshare settings , Apply destination affiliate CPA Qualification",11/28/2025 10:37:27 AM,Partners,Yes,35596
,,,,A payment for the amount of 91800 was removed; Payment ID: 464 Payment Date: Fri Nov 28 2025 00:00:00 GMT+0000 (Coordinated Universal Time)  by admin: finance,11/28/2025 8:24:47 AM,finance,Yes,35227
bullwaves-550516,550516,35273,35198,"User bullwaves-550516 was moved from affiliate 35273 to  affiliate 35198  With settings : Move media report stats , Move pre calculated commissions , Apply destination affiliate Revshare settings , Apply destination affiliate CPA Qualification",11/27/2025 4:22:01 PM,Partners,Yes,35198
bullwaves-155465,155465,35224,35227,"User bullwaves-155465 was moved from affiliate 35224 to  affiliate 35227  With settings : Move media report stats , Move pre calculated commissions , Apply destination affiliate Revshare settings , Apply destination affiliate CPA Qualification",11/26/2025 2:57:29 PM,Partners,Yes,35227
bullwaves-747538,747538,35198,35597,"User bullwaves-747538 was moved from affiliate 35198 to  affiliate 35597  With settings : Move media report stats , Move pre calculated commissions , Apply destination affiliate Revshare settings , Apply destination affiliate CPA Qualification",11/26/2025 10:39:40 AM,SONJA,Yes,35597
bullwaves-471674,471674,35224,35270,"User bullwaves-471674 was moved from affiliate 35224 to  affiliate 35270  With settings : Move media report stats , Apply destination affiliate Revshare settings , Apply destination affiliate CPA Qualification",11/25/2025 6:46:17 PM,Partners,Yes,35270
bullwaves-504727,504727,35290,35270,"User bullwaves-504727 was moved from affiliate 35290 to  affiliate 35270  With settings : Move media report stats , Apply destination affiliate Revshare settings , Apply destination affiliate CPA Qualification",11/25/2025 6:45:14 PM,Partners,Yes,35270
bullwaves-504970,504970,35290,35270,"User bullwaves-504970 was moved from affiliate 35290 to  affiliate 35270  With settings : Move media report stats , Apply destination affiliate Revshare settings , Apply destination affiliate CPA Qualification",11/25/2025 6:44:58 PM,Partners,Yes,35270
bullwaves-505077,505077,35290,35270,"User bullwaves-505077 was moved from affiliate 35290 to  affiliate 35270  With settings : Move media report stats , Apply destination affiliate Revshare settings , Apply destination affiliate CPA Qualification",11/25/2025 6:44:45 PM,Partners,Yes,35270
bullwaves-505348,505348,35290,35270,"User bullwaves-505348 was moved from affiliate 35290 to  affiliate 35270  With settings : Move media report stats , Apply destination affiliate Revshare settings , Apply destination affiliate CPA Qualification",11/25/2025 6:44:34 PM,Partners,Yes,35270
bullwaves-505655,505655,35290,35270,"User bullwaves-505655 was moved from affiliate 35290 to  affiliate 35270  With settings : Move media report stats , Apply destination affiliate Revshare settings , Apply destination affiliate CPA Qualification",11/25/2025 6:44:21 PM,Partners,Yes,35270
bullwaves-506275,506275,35290,35270,"User bullwaves-506275 was moved from affiliate 35290 to  affiliate 35270  With settings : Move media report stats , Apply destination affiliate Revshare settings , Apply destination affiliate CPA Qualification",11/25/2025 6:44:09 PM,Partners,Yes,35270
bullwaves-506555,506555,35290,35270,"User bullwaves-506555 was moved from affiliate 35290 to  affiliate 35270  With settings : Move media report stats , Apply destination affiliate Revshare settings , Apply destination affiliate CPA Qualification",11/25/2025 6:43:55 PM,Partners,Yes,35270
bullwaves-506935,506935,35290,35270,"User bullwaves-506935 was moved from affiliate 35290 to  affiliate 35270  With settings : Move media report stats , Apply destination affiliate Revshare settings , Apply destination affiliate CPA Qualification",11/25/2025 6:43:43 PM,Partners,Yes,35270
bullwaves-507532,507532,35290,35270,"User bullwaves-507532 was moved from affiliate 35290 to  affiliate 35270  With settings : Move media report stats , Apply destination affiliate Revshare settings , Apply destination affiliate CPA Qualification",11/25/2025 6:43:31 PM,Partners,Yes,35270
bullwaves-507918,507918,35290,35270,"User bullwaves-507918 was moved from affiliate 35290 to  affiliate 35270  With settings : Move media report stats , Apply destination affiliate Revshare settings , Apply destination affiliate CPA Qualification",11/25/2025 6:42:47 PM,Partners,Yes,35270
bullwaves-507991,507991,35290,35270,"User bullwaves-507991 was moved from affiliate 35290 to  affiliate 35270  With settings : Move media report stats , Apply destination affiliate Revshare settings , Apply destination affiliate CPA Qualification",11/25/2025 6:42:33 PM,Partners,Yes,35270
bullwaves-508136,508136,35290,35270,"User bullwaves-508136 was moved from affiliate 35290 to  affiliate 35270  With settings : Move media report stats , Apply destination affiliate Revshare settings , Apply destination affiliate CPA Qualification",11/25/2025 6:42:21 PM,Partners,Yes,35270
bullwaves-508280,508280,35290,35270,"User bullwaves-508280 was moved from affiliate 35290 to  affiliate 35270  With settings : Move media report stats , Apply destination affiliate Revshare settings , Apply destination affiliate CPA Qualification",11/25/2025 6:42:10 PM,Partners,Yes,35270
bullwaves-510664,510664,35290,35270,"User bullwaves-510664 was moved from affiliate 35290 to  affiliate 35270  With settings : Move media report stats , Apply destination affiliate Revshare settings , Apply destination affiliate CPA Qualification",11/25/2025 6:40:44 PM,Partners,Yes,35270
bullwaves-511681,511681,35290,35270,"User bullwaves-511681 was moved from affiliate 35290 to  affiliate 35270  With settings : Move media report stats , Apply destination affiliate Revshare settings , Apply destination affiliate CPA Qualification",11/25/2025 6:40:32 PM,Partners,Yes,35270
bullwaves-513232,513232,35290,35270,"User bullwaves-513232 was moved from affiliate 35290 to  affiliate 35270  With settings : Move media report stats , Apply destination affiliate Revshare settings , Apply destination affiliate CPA Qualification",11/25/2025 6:40:19 PM,Partners,Yes,35270
bullwaves-513610,513610,35290,35270,"User bullwaves-513610 was moved from affiliate 35290 to  affiliate 35270  With settings : Move media report stats , Apply destination affiliate Revshare settings , Apply destination affiliate CPA Qualification",11/25/2025 6:40:08 PM,Partners,Yes,35270
bullwaves-515000,515000,35290,35270,"User bullwaves-515000 was moved from affiliate 35290 to  affiliate 35270  With settings : Move media report stats , Apply destination affiliate Revshare settings , Apply destination affiliate CPA Qualification",11/25/2025 6:39:55 PM,Partners,Yes,35270
bullwaves-519781,519781,35290,35270,"User bullwaves-519781 was moved from affiliate 35290 to  affiliate 35270  With settings : Move media report stats , Apply destination affiliate Revshare settings , Apply destination affiliate CPA Qualification",11/25/2025 6:39:43 PM,Partners,Yes,35270
bullwaves-547312,547312,35290,35270,"User bullwaves-547312 was moved from affiliate 35290 to  affiliate 35270  With settings : Move media report stats , Apply destination affiliate Revshare settings , Apply destination affiliate CPA Qualification",11/25/2025 6:39:30 PM,Partners,Yes,35270
bullwaves-548396,548396,35290,35270,"User bullwaves-548396 was moved from affiliate 35290 to  affiliate 35270  With settings : Move media report stats , Apply destination affiliate Revshare settings , Apply destination affiliate CPA Qualification",11/25/2025 6:39:17 PM,Partners,Yes,35270
bullwaves-548556,548556,35290,35270,"User bullwaves-548556 was moved from affiliate 35290 to  affiliate 35270  With settings : Move media report stats , Apply destination affiliate Revshare settings , Apply destination affiliate CPA Qualification",11/25/2025 6:39:04 PM,Partners,Yes,35270
bullwaves-554548,554548,35290,35270,"User bullwaves-554548 was moved from affiliate 35290 to  affiliate 35270  With settings : Move media report stats , Apply destination affiliate Revshare settings , Apply destination affiliate CPA Qualification",11/25/2025 6:38:49 PM,Partners,Yes,35270
bullwaves-247855,247855,35290,35270,"User bullwaves-247855 was moved from affiliate 35290 to  affiliate 35270  With settings : Move media report stats , Apply destination affiliate Revshare settings , Apply destination affiliate CPA Qualification",11/25/2025 6:25:33 PM,Partners,Yes,35270
bullwaves-748881,748881,2287,35060,"User bullwaves-748881 was moved from affiliate 2287 to  affiliate 35060  With settings : Move media report stats , Move pre calculated commissions , Apply destination affiliate Revshare settings , Apply destination affiliate CPA Qualification",11/25/2025 4:14:42 PM,SONJA,Yes,35060
bullwaves-731128,731128,2287,35637,"User bullwaves-731128 was moved from affiliate 2287 to  affiliate 35637  With settings : Move media report stats , Move pre calculated commissions , Apply destination affiliate Revshare settings , Apply destination affiliate CPA Qualification",11/25/2025 9:29:17 AM,Partners,Yes,35637
,,,,A payment for the amount of 98064 was removed; Payment ID: 460 Payment Date: Tue Nov 25 2025 00:00:00 GMT+0000 (Coordinated Universal Time)  by admin: finance,11/25/2025 8:57:53 AM,finance,Yes,35272
bullwaves-747438,747438,2287,35272,"User bullwaves-747438 was moved from affiliate 2287 to  affiliate 35272  With settings : Move media report stats , Move pre calculated commissions , Apply destination affiliate Revshare settings , Apply destination affiliate CPA Qualification",11/25/2025 8:47:44 AM,SONJA,Yes,35272
bullwaves-738174,738174,35272,35180,"User bullwaves-738174 was moved from affiliate 35272 to  affiliate 35180  With settings : Move media report stats , Apply destination affiliate Revshare settings , Apply destination affiliate CPA Qualification",11/24/2025 5:18:17 PM,Partners,Yes,35180
bullwaves-741094,741094,2287,35197,"User bullwaves-741094 was moved from affiliate 2287 to  affiliate 35197  With settings : Move media report stats , Move pre calculated commissions , Apply destination affiliate Revshare settings , Apply destination affiliate CPA Qualification",11/24/2025 2:58:49 PM,SONJA,Yes,35197
bullwaves-709317,709317,2287,35273,"User bullwaves-709317 was moved from affiliate 2287 to  affiliate 35273  With settings : Move media report stats , Move pre calculated commissions , Apply destination affiliate Revshare settings , Apply destination affiliate CPA Qualification",11/24/2025 2:58:20 PM,SONJA,Yes,35273
bullwaves-740150,740150,2287,35596,"User bullwaves-740150 was moved from affiliate 2287 to  affiliate 35596  With settings : Move media report stats , Move pre calculated commissions , Apply destination affiliate Revshare settings , Apply destination affiliate CPA Qualification",11/24/2025 1:48:20 PM,SONJA,Yes,35596
bullwaves-743803,743803,2287,35272,"User bullwaves-743803 was moved from affiliate 2287 to  affiliate 35272  With settings : Move media report stats , Move pre calculated commissions , Apply destination affiliate Revshare settings , Apply destination affiliate CPA Qualification",11/24/2025 8:35:43 AM,SONJA,Yes,35272
bullwaves-743544,743544,2287,35272,"User bullwaves-743544 was moved from affiliate 2287 to  affiliate 35272  With settings : Move media report stats , Move pre calculated commissions , Apply destination affiliate Revshare settings , Apply destination affiliate CPA Qualification",11/24/2025 8:34:48 AM,SONJA,Yes,35272
bullwaves-262713,262713,35180,35198,"User bullwaves-262713 was moved from affiliate 35180 to  affiliate 35198  With settings : Move media report stats , Move pre calculated commissions , Apply destination affiliate Revshare settings , Apply destination affiliate CPA Qualification",11/24/2025 8:33:19 AM,SONJA,Yes,35198
bullwaves-740882,740882,2287,35180,"User bullwaves-740882 was moved from affiliate 2287 to  affiliate 35180  With settings : Move media report stats , Move pre calculated commissions , Apply destination affiliate Revshare settings , Apply destination affiliate CPA Qualification",11/24/2025 8:29:42 AM,SONJA,Yes,35180
bullwaves-740125,740125,2287,35597,"User bullwaves-740125 was moved from affiliate 2287 to  affiliate 35597  With settings : Move media report stats , Move pre calculated commissions , Apply destination affiliate Revshare settings , Apply destination affiliate CPA Qualification",11/24/2025 8:27:45 AM,SONJA,Yes,35597
bullwaves-740496,740496,2287,35597,"User bullwaves-740496 was moved from affiliate 2287 to  affiliate 35597  With settings : Move media report stats , Move pre calculated commissions , Apply destination affiliate Revshare settings , Apply destination affiliate CPA Qualification",11/24/2025 8:27:27 AM,SONJA,Yes,35597
bullwaves-707674,707674,2287,35247,"User bullwaves-707674 was moved from affiliate 2287 to  affiliate 35247  With settings : Move media report stats , Apply destination affiliate Revshare settings , Apply destination affiliate CPA Qualification",11/24/2025 4:34:44 AM,Partners,Yes,35247
bullwaves-590288,590288,35347,35227,"User bullwaves-590288 was moved from affiliate 35347 to  affiliate 35227  With settings : Apply destination affiliate Revshare settings , Apply destination affiliate CPA Qualification",11/21/2025 7:48:58 PM,Partners,Yes,35227
,,,,A payment for the amount of 80450 was removed; Payment ID: 426 Payment Date: Tue Nov 11 2025 00:00:00 GMT+0000 (Coordinated Universal Time)  by admin: finance,11/21/2025 9:38:53 AM,finance,Yes,35180
,,,,A payment for the amount of 50000 was removed; Payment ID: 425 Payment Date: Tue Nov 11 2025 00:00:00 GMT+0000 (Coordinated Universal Time)  by admin: finance,11/21/2025 9:38:40 AM,finance,Yes,35180
,,,,A payment for the amount of 2000 was removed; Payment ID: 424 Payment Date: Thu Oct 30 2025 00:00:00 GMT+0000 (Coordinated Universal Time)  by admin: Partners,11/21/2025 8:34:16 AM,Partners,Yes,35198
,,,,A payment for the amount of 30000 was removed; Payment ID: 423 Payment Date: Mon Oct 13 2025 00:00:00 GMT+0000 (Coordinated Universal Time)  by admin: Partners,11/21/2025 8:34:01 AM,Partners,Yes,35198
bullwaves-236561,236561,35290,35270,"User bullwaves-236561 was moved from affiliate 35290 to  affiliate 35270  With settings : Move media report stats , Apply destination affiliate Revshare settings , Apply destination affiliate CPA Qualification",11/21/2025 4:54:41 AM,Partners,Yes,35270
bullwaves-706552,706552,2287,35637,"User bullwaves-706552 was moved from affiliate 2287 to  affiliate 35637  With settings : Move media report stats , Move pre calculated commissions , Apply destination affiliate Revshare settings , Apply destination affiliate CPA Qualification",11/20/2025 4:05:22 PM,Partners,Yes,35637
bullwaves-680516,680516,2287,35596,"User bullwaves-680516 was moved from affiliate 2287 to  affiliate 35596  With settings : Move media report stats , Move pre calculated commissions , Apply destination affiliate Revshare settings , Apply destination affiliate CPA Qualification",11/20/2025 10:40:22 AM,Partners,Yes,35596
bullwaves-683083,683083,35599,35596,"User bullwaves-683083 was moved from affiliate 35599 to  affiliate 35596  With settings : Move media report stats , Move pre calculated commissions , Apply destination affiliate Revshare settings , Apply destination affiliate CPA Qualification",11/20/2025 10:37:22 AM,Partners,Yes,35596
bullwaves-684345,684345,35599,35596,"User bullwaves-684345 was moved from affiliate 35599 to  affiliate 35596  With settings : Move media report stats , Move pre calculated commissions , Apply destination affiliate Revshare settings , Apply destination affiliate CPA Qualification",11/20/2025 10:36:12 AM,Partners,Yes,35596
bullwaves-692435,692435,35599,35596,"User bullwaves-692435 was moved from affiliate 35599 to  affiliate 35596  With settings : Move media report stats , Move pre calculated commissions , Apply destination affiliate Revshare settings , Apply destination affiliate CPA Qualification",11/20/2025 10:33:19 AM,Partners,Yes,35596
bullwaves-692751,692751,35600,35596,"User bullwaves-692751 was moved from affiliate 35600 to  affiliate 35596  With settings : Move media report stats , Move pre calculated commissions , Apply destination affiliate Revshare settings , Apply destination affiliate CPA Qualification",11/20/2025 10:31:40 AM,Partners,Yes,35596
bullwaves-694961,694961,35600,35596,"User bullwaves-694961 was moved from affiliate 35600 to  affiliate 35596  With settings : Move media report stats , Move pre calculated commissions , Apply destination affiliate Revshare settings , Apply destination affiliate CPA Qualification",11/20/2025 10:30:44 AM,Partners,Yes,35596
bullwaves-683498,683498,35599,35596,"User bullwaves-683498 was moved from affiliate 35599 to  affiliate 35596  With settings : Move media report stats , Move pre calculated commissions , Apply destination affiliate Revshare settings , Apply destination affiliate CPA Qualification",11/20/2025 10:29:43 AM,Partners,Yes,35596
bullwaves-681649,681649,35599,35596,"User bullwaves-681649 was moved from affiliate 35599 to  affiliate 35596  With settings : Move media report stats , Move pre calculated commissions , Apply destination affiliate Revshare settings , Apply destination affiliate CPA Qualification",11/20/2025 10:28:37 AM,Partners,Yes,35596
bullwaves-710594,710594,35599,35596,"User bullwaves-710594 was moved from affiliate 35599 to  affiliate 35596  With settings : Move media report stats , Move pre calculated commissions , Apply destination affiliate Revshare settings , Apply destination affiliate CPA Qualification",11/20/2025 10:27:09 AM,Partners,Yes,35596
bullwaves-711609,711609,35599,35596,"User bullwaves-711609 was moved from affiliate 35599 to  affiliate 35596  With settings : Move media report stats , Move pre calculated commissions , Apply destination affiliate Revshare settings , Apply destination affiliate CPA Qualification",11/20/2025 10:26:20 AM,Partners,Yes,35596
bullwaves-714690,714690,35600,35596,"User bullwaves-714690 was moved from affiliate 35600 to  affiliate 35596  With settings : Move media report stats , Move pre calculated commissions , Apply destination affiliate Revshare settings , Apply destination affiliate CPA Qualification",11/20/2025 10:24:52 AM,Partners,Yes,35596
bullwaves-715250,715250,35600,35596,"User bullwaves-715250 was moved from affiliate 35600 to  affiliate 35596  With settings : Move media report stats , Move pre calculated commissions , Apply destination affiliate Revshare settings , Apply destination affiliate CPA Qualification",11/20/2025 10:24:00 AM,Partners,Yes,35596
bullwaves-715233,715233,35599,35596,"User bullwaves-715233 was moved from affiliate 35599 to  affiliate 35596  With settings : Move media report stats , Move pre calculated commissions , Apply destination affiliate Revshare settings , Apply destination affiliate CPA Qualification",11/20/2025 10:22:44 AM,Partners,Yes,35596
bullwaves-713606,713606,35599,35596,"User bullwaves-713606 was moved from affiliate 35599 to  affiliate 35596  With settings : Move media report stats , Move pre calculated commissions , Apply destination affiliate Revshare settings , Apply destination affiliate CPA Qualification",11/20/2025 10:20:47 AM,Partners,Yes,35596
bullwaves-706444,706444,35599,35596,"User bullwaves-706444 was moved from affiliate 35599 to  affiliate 35596  With settings : Move media report stats , Move pre calculated commissions , Apply destination affiliate Revshare settings , Apply destination affiliate CPA Qualification",11/20/2025 10:18:51 AM,Partners,Yes,35596
bullwaves-720058,720058,35599,35596,"User bullwaves-720058 was moved from affiliate 35599 to  affiliate 35596  With settings : Move media report stats , Move pre calculated commissions , Apply destination affiliate Revshare settings , Apply destination affiliate CPA Qualification",11/20/2025 10:17:50 AM,Partners,Yes,35596
bullwaves-716346,716346,35599,35596,"User bullwaves-716346 was moved from affiliate 35599 to  affiliate 35596  With settings : Move media report stats , Move pre calculated commissions , Apply destination affiliate Revshare settings , Apply destination affiliate CPA Qualification",11/20/2025 10:16:52 AM,Partners,Yes,35596
bullwaves-721322,721322,35599,35596,"User bullwaves-721322 was moved from affiliate 35599 to  affiliate 35596  With settings : Move media report stats , Move pre calculated commissions , Apply destination affiliate Revshare settings , Apply destination affiliate CPA Qualification",11/20/2025 10:15:37 AM,Partners,Yes,35596
bullwaves-705093,705093,35599,35596,"User bullwaves-705093 was moved from affiliate 35599 to  affiliate 35596  With settings : Move media report stats , Move pre calculated commissions , Apply destination affiliate Revshare settings , Apply destination affiliate CPA Qualification",11/20/2025 10:14:13 AM,Partners,Yes,35596
bullwaves-721542,721542,35599,35596,"User bullwaves-721542 was moved from affiliate 35599 to  affiliate 35596  With settings : Move media report stats , Move pre calculated commissions , Apply destination affiliate Revshare settings , Apply destination affiliate CPA Qualification",11/20/2025 10:13:01 AM,Partners,Yes,35596
bullwaves-681734,681734,35599,35596,"User bullwaves-681734 was moved from affiliate 35599 to  affiliate 35596  With settings : Move media report stats , Move pre calculated commissions , Apply destination affiliate Revshare settings , Apply destination affiliate CPA Qualification",11/20/2025 10:11:17 AM,Partners,Yes,35596
bullwaves-728019,728019,35600,35596,"User bullwaves-728019 was moved from affiliate 35600 to  affiliate 35596  With settings : Move media report stats , Move pre calculated commissions , Apply destination affiliate Revshare settings , Apply destination affiliate CPA Qualification",11/20/2025 10:09:44 AM,Partners,Yes,35596
bullwaves-728550,728550,35600,35596,"User bullwaves-728550 was moved from affiliate 35600 to  affiliate 35596  With settings : Move media report stats , Move pre calculated commissions , Apply destination affiliate Revshare settings , Apply destination affiliate CPA Qualification",11/20/2025 10:08:47 AM,Partners,Yes,35596
bullwaves-730041,730041,35600,35596,"User bullwaves-730041 was moved from affiliate 35600 to  affiliate 35596  With settings : Move media report stats , Move pre calculated commissions , Apply destination affiliate Revshare settings , Apply destination affiliate CPA Qualification",11/20/2025 10:07:30 AM,Partners,Yes,35596
bullwaves-731267,731267,35600,35596,"User bullwaves-731267 was moved from affiliate 35600 to  affiliate 35596  With settings : Move media report stats , Move pre calculated commissions , Apply destination affiliate Revshare settings , Apply destination affiliate CPA Qualification",11/20/2025 10:05:58 AM,Partners,Yes,35596
bullwaves-732544,732544,35599,35596,"User bullwaves-732544 was moved from affiliate 35599 to  affiliate 35596  With settings : Move media report stats , Move pre calculated commissions , Apply destination affiliate Revshare settings , Apply destination affiliate CPA Qualification",11/20/2025 10:03:14 AM,Partners,Yes,35596
bullwaves-732761,732761,35599,35596,"User bullwaves-732761 was moved from affiliate 35599 to  affiliate 35596  With settings : Move media report stats , Move pre calculated commissions , Apply destination affiliate Revshare settings , Apply destination affiliate CPA Qualification",11/20/2025 10:00:59 AM,Partners,Yes,35596
bullwaves-732796,732796,35599,35596,"User bullwaves-732796 was moved from affiliate 35599 to  affiliate 35596  With settings : Move media report stats , Move pre calculated commissions , Apply destination affiliate Revshare settings , Apply destination affiliate CPA Qualification",11/20/2025 9:59:40 AM,Partners,Yes,35596
bullwaves-735416,735416,35599,35596,"User bullwaves-735416 was moved from affiliate 35599 to  affiliate 35596  With settings : Move media report stats , Move pre calculated commissions , Apply destination affiliate Revshare settings , Apply destination affiliate CPA Qualification",11/20/2025 9:54:11 AM,Partners,Yes,35596
bullwaves-691688,691688,2287,35637,"User bullwaves-691688 was moved from affiliate 2287 to  affiliate 35637  With settings : Move media report stats , Move pre calculated commissions , Apply destination affiliate Revshare settings , Apply destination affiliate CPA Qualification",11/20/2025 8:54:43 AM,Partners,Yes,35637
bullwaves-461920,461920,2287,35180,"User bullwaves-461920 was moved from affiliate 2287 to  affiliate 35180  With settings : Move media report stats , Move pre calculated commissions , Apply destination affiliate Revshare settings , Apply destination affiliate CPA Qualification",11/19/2025 5:33:26 PM,SONJA,Yes,35180
bullwaves-715481,715481,2287,35270,"User bullwaves-715481 was moved from affiliate 2287 to  affiliate 35270  With settings : Move media report stats , Apply destination affiliate Revshare settings , Apply destination affiliate CPA Qualification",11/19/2025 9:00:19 AM,Partners,Yes,35270
bullwaves-717511,717511,2287,35270,"User bullwaves-717511 was moved from affiliate 2287 to  affiliate 35270  With settings : Move media report stats , Apply destination affiliate Revshare settings , Apply destination affiliate CPA Qualification",11/19/2025 8:59:47 AM,Partners,Yes,35270
bullwaves-57923,57923,35143,35270,"User bullwaves-57923 was moved from affiliate 35143 to  affiliate 35270  With settings : Move media report stats , Apply destination affiliate Revshare settings , Apply destination affiliate CPA Qualification",11/19/2025 5:11:31 AM,Partners,Yes,35270
bullwaves-726053,726053,2287,35231,"User bullwaves-726053 was moved from affiliate 2287 to  affiliate 35231  With settings : Move media report stats , Move pre calculated commissions , Apply destination affiliate Revshare settings , Apply destination affiliate CPA Qualification",11/18/2025 7:02:01 PM,Partners,Yes,35231
bullwaves-691810,691810,2287,35637,"User bullwaves-691810 was moved from affiliate 2287 to  affiliate 35637  With settings : Move media report stats , Move pre calculated commissions , Apply destination affiliate Revshare settings , Apply destination affiliate CPA Qualification",11/18/2025 10:48:34 AM,Partners,Yes,35637
bullwaves-696748,696748,2287,35637,"User bullwaves-696748 was moved from affiliate 2287 to  affiliate 35637  With settings : Move media report stats , Move pre calculated commissions , Apply destination affiliate Revshare settings , Apply destination affiliate CPA Qualification",11/18/2025 10:45:15 AM,Partners,Yes,35637
bullwaves-710731,710731,2287,35596,"User bullwaves-710731 was moved from affiliate 2287 to  affiliate 35596  With settings : Move media report stats , Move pre calculated commissions , Apply destination affiliate Revshare settings , Apply destination affiliate CPA Qualification",11/18/2025 10:36:23 AM,Partners,Yes,35596
bullwaves-638682,638682,2287,35529,"User bullwaves-638682 was moved from affiliate 2287 to  affiliate 35529  With settings : Move media report stats , Move pre calculated commissions , Apply destination affiliate Revshare settings , Apply destination affiliate CPA Qualification",11/18/2025 10:19:32 AM,Partners,Yes,35529
bullwaves-158131,158131,35283,35273,"User bullwaves-158131 was moved from affiliate 35283 to  affiliate 35273  With settings : Move media report stats , Move pre calculated commissions , Apply destination affiliate Revshare settings , Apply destination affiliate CPA Qualification",11/18/2025 8:24:37 AM,SONJA,Yes,35273
bullwaves-710256,710256,2287,35270,"User bullwaves-710256 was moved from affiliate 2287 to  affiliate 35270  With settings : Move media report stats , Apply destination affiliate Revshare settings , Apply destination affiliate CPA Qualification",11/17/2025 1:36:29 PM,Partners,Yes,35270
bullwaves-725951,725951,2287,35597,"User bullwaves-725951 was moved from affiliate 2287 to  affiliate 35597  With settings : Move media report stats , Move pre calculated commissions , Apply destination affiliate Revshare settings , Apply destination affiliate CPA Qualification",11/17/2025 1:13:56 PM,Partners,Yes,35597
bullwaves-727150,727150,2287,35272,"User bullwaves-727150 was moved from affiliate 2287 to  affiliate 35272  With settings : Move media report stats , Move pre calculated commissions , Apply destination affiliate Revshare settings , Apply destination affiliate CPA Qualification",11/17/2025 10:11:59 AM,SONJA,Yes,35272
bullwaves-717753,717753,2287,35427,"User bullwaves-717753 was moved from affiliate 2287 to  affiliate 35427  With settings : Move media report stats , Apply destination affiliate Revshare settings , Apply destination affiliate CPA Qualification",11/17/2025 6:27:51 AM,Partners,Yes,35427
bullwaves-717753,717753,2287,35427,"User bullwaves-717753 was moved from affiliate 2287 to  affiliate 35427  With settings : Move media report stats , Apply destination affiliate Revshare settings , Apply destination affiliate CPA Qualification",11/17/2025 6:27:50 AM,Partners,Yes,35427
bullwaves-724689,724689,2287,35231,"User bullwaves-724689 was moved from affiliate 2287 to  affiliate 35231  With settings : Move media report stats , Move pre calculated commissions , Apply destination affiliate Revshare settings , Apply destination affiliate CPA Qualification",11/17/2025 6:13:16 AM,Partners,Yes,35231
bullwaves-710256,710256,35270,35150,"User bullwaves-710256 was moved from affiliate 35270 to  affiliate 35150  With settings : Move media report stats , Move pre calculated commissions , Apply destination affiliate Revshare settings , Apply destination affiliate CPA Qualification",11/14/2025 2:18:19 PM,SONJA,Yes,35150
bullwaves-713224,713224,35429,35224,"User bullwaves-713224 was moved from affiliate 35429 to  affiliate 35224  With settings : Move media report stats , Move pre calculated commissions , Apply destination affiliate Revshare settings , Apply destination affiliate CPA Qualification",11/14/2025 2:17:32 PM,SONJA,Yes,35224
bullwaves-414071,414071,2287,35175,"User bullwaves-414071 was moved from affiliate 2287 to  affiliate 35175  With settings : Move media report stats , Move pre calculated commissions , Apply destination affiliate Revshare settings , Apply destination affiliate CPA Qualification",11/14/2025 9:21:38 AM,Partners,Yes,35175
bullwaves-721457,721457,2287,35314,"User bullwaves-721457 was moved from affiliate 2287 to  affiliate 35314  With settings : Move media report stats , Move pre calculated commissions , Apply destination affiliate Revshare settings , Apply destination affiliate CPA Qualification",11/13/2025 7:55:49 PM,SONJA,Yes,35314
bullwaves-705093,705093,2287,35599,"User bullwaves-705093 was moved from affiliate 2287 to  affiliate 35599  With settings : Move media report stats , Move pre calculated commissions , Apply destination affiliate Revshare settings , Apply destination affiliate CPA Qualification",11/13/2025 4:02:29 PM,SONJA,Yes,35599
bullwaves-710256,710256,2287,35270,"User bullwaves-710256 was moved from affiliate 2287 to  affiliate 35270  With settings : Move media report stats , Apply destination affiliate Revshare settings , Apply destination affiliate CPA Qualification",11/13/2025 2:45:48 PM,Partners,Yes,35270
bullwaves-715512,715512,2287,35427,"User bullwaves-715512 was moved from affiliate 2287 to  affiliate 35427  With settings : Move media report stats , Apply destination affiliate Revshare settings , Apply destination affiliate CPA Qualification",11/13/2025 2:43:10 PM,Partners,Yes,35427
bullwaves-720379,720379,35461,35256,"User bullwaves-720379 was moved from affiliate 35461 to  affiliate 35256  With settings : Move media report stats , Move pre calculated commissions , Apply destination affiliate Revshare settings , Apply destination affiliate CPA Qualification",11/13/2025 11:48:47 AM,Partners,Yes,35256
bullwaves-435925,435925,35180,35597,"User bullwaves-435925 was moved from affiliate 35180 to  affiliate 35597  With settings : Move media report stats , Move pre calculated commissions , Apply destination affiliate Revshare settings , Apply destination affiliate CPA Qualification",11/12/2025 3:49:53 PM,SONJA,Yes,35597
bullwaves-710256,710256,2287,35150,"User bullwaves-710256 was moved from affiliate 2287 to  affiliate 35150  With settings : Move media report stats , Move pre calculated commissions , Apply destination affiliate Revshare settings , Apply destination affiliate CPA Qualification",11/12/2025 3:12:05 PM,SONJA,Yes,35150
bullwaves-663309,663309,35180,35597,"User bullwaves-663309 was moved from affiliate 35180 to  affiliate 35597  With settings : Move media report stats , Move pre calculated commissions",11/12/2025 10:12:47 AM,Partners,Yes,35597
bullwaves-713717,713717,35180,35597,"User bullwaves-713717 was moved from affiliate 35180 to  affiliate 35597  With settings : Move media report stats , Move pre calculated commissions",11/12/2025 10:12:27 AM,Partners,Yes,35597
bullwaves-687296,687296,35180,35597,"User bullwaves-687296 was moved from affiliate 35180 to  affiliate 35597  With settings : Move media report stats , Move pre calculated commissions",11/12/2025 10:11:57 AM,Partners,Yes,35597
bullwaves-666771,666771,35180,35597,"User bullwaves-666771 was moved from affiliate 35180 to  affiliate 35597  With settings : Move media report stats , Move pre calculated commissions",11/12/2025 10:11:35 AM,Partners,Yes,35597
bullwaves-663309,663309,35198,35180,"User bullwaves-663309 was moved from affiliate 35198 to  affiliate 35180  With settings : Move media report stats , Move pre calculated commissions",11/12/2025 10:07:10 AM,Partners,Yes,35180
bullwaves-713717,713717,35198,35180,"User bullwaves-713717 was moved from affiliate 35198 to  affiliate 35180  With settings : Move media report stats , Move pre calculated commissions",11/12/2025 10:06:49 AM,Partners,Yes,35180
bullwaves-666771,666771,35198,35180,"User bullwaves-666771 was moved from affiliate 35198 to  affiliate 35180  With settings : Move media report stats , Move pre calculated commissions",11/12/2025 10:06:06 AM,Partners,Yes,35180
bullwaves-687296,687296,35198,35180,"User bullwaves-687296 was moved from affiliate 35198 to  affiliate 35180  With settings : Move media report stats , Move pre calculated commissions",11/12/2025 10:05:32 AM,Partners,Yes,35180
bullwaves-244756,244756,35290,35394,"User bullwaves-244756 was moved from affiliate 35290 to  affiliate 35394  With settings : Move media report stats , Move pre calculated commissions , Apply destination affiliate Revshare settings , Apply destination affiliate CPA Qualification",11/11/2025 6:33:32 PM,SONJA,Yes,35394
bullwaves-395329,395329,35272,35394,"User bullwaves-395329 was moved from affiliate 35272 to  affiliate 35394  With settings : Move media report stats , Move pre calculated commissions , Apply destination affiliate Revshare settings , Apply destination affiliate CPA Qualification",11/11/2025 6:32:11 PM,SONJA,Yes,35394
bullwaves-697002,697002,2287,35180,"User bullwaves-697002 was moved from affiliate 2287 to  affiliate 35180  With settings : Move media report stats , Move pre calculated commissions , Apply destination affiliate Revshare settings , Apply destination affiliate CPA Qualification",11/11/2025 6:09:21 PM,SONJA,Yes,35180
bullwaves-702741,702741,2287,35180,"User bullwaves-702741 was moved from affiliate 2287 to  affiliate 35180  With settings : Move media report stats , Move pre calculated commissions , Apply destination affiliate Revshare settings , Apply destination affiliate CPA Qualification",11/11/2025 12:06:52 PM,Partners,Yes,35180
,,,,A payment for the amount of 48050 was removed; Payment ID: 421 Payment Date: Fri Oct 10 2025 00:00:00 GMT+0000 (Coordinated Universal Time)  by admin: finance,11/11/2025 8:22:09 AM,finance,Yes,35180
bullwaves-588124,588124,35314,35427,"User bullwaves-588124 was moved from affiliate 35314 to  affiliate 35427  With settings : Move media report stats , Apply destination affiliate Revshare settings , Apply destination affiliate CPA Qualification",11/10/2025 3:45:14 PM,Partners,Yes,35427
bullwaves-645200,645200,2287,35427,"User bullwaves-645200 was moved from affiliate 2287 to  affiliate 35427  With settings : Move media report stats , Apply destination affiliate Revshare settings , Apply destination affiliate CPA Qualification",11/10/2025 3:44:29 PM,Partners,Yes,35427
bullwaves-656326,656326,35272,35427,"User bullwaves-656326 was moved from affiliate 35272 to  affiliate 35427  With settings : Move media report stats , Apply destination affiliate Revshare settings , Apply destination affiliate CPA Qualification",11/10/2025 3:44:09 PM,Partners,Yes,35427
bullwaves-504005,504005,35426,35270,"User bullwaves-504005 was moved from affiliate 35426 to  affiliate 35270  With settings : Move media report stats , Apply destination affiliate Revshare settings , Apply destination affiliate CPA Qualification",11/10/2025 3:07:03 PM,Partners,Yes,35270
bullwaves-465905,465905,35290,35060,"User bullwaves-465905 was moved from affiliate 35290 to  affiliate 35060  With settings : Move media report stats , Move pre calculated commissions , Apply destination affiliate Revshare settings , Apply destination affiliate CPA Qualification",11/10/2025 1:17:08 PM,SONJA,Yes,35060
bullwaves-705814,705814,2287,35272,"User bullwaves-705814 was moved from affiliate 2287 to  affiliate 35272  With settings : Move media report stats , Move pre calculated commissions , Apply destination affiliate Revshare settings , Apply destination affiliate CPA Qualification",11/10/2025 8:54:01 AM,SONJA,Yes,35272
bullwaves-708603,708603,2287,35273,"User bullwaves-708603 was moved from affiliate 2287 to  affiliate 35273  With settings : Move media report stats , Move pre calculated commissions , Apply destination affiliate Revshare settings , Apply destination affiliate CPA Qualification",11/10/2025 8:30:49 AM,SONJA,Yes,35273
bullwaves-708523,708523,2287,35273,"User bullwaves-708523 was moved from affiliate 2287 to  affiliate 35273  With settings : Move media report stats , Move pre calculated commissions , Apply destination affiliate Revshare settings , Apply destination affiliate CPA Qualification",11/10/2025 8:27:12 AM,SONJA,Yes,35273
bullwaves-708091,708091,2287,35273,"User bullwaves-708091 was moved from affiliate 2287 to  affiliate 35273  With settings : Move media report stats , Move pre calculated commissions , Apply destination affiliate Revshare settings , Apply destination affiliate CPA Qualification",11/10/2025 8:26:31 AM,SONJA,Yes,35273
bullwaves-654744,654744,2287,35198,"User bullwaves-654744 was moved from affiliate 2287 to  affiliate 35198  With settings : Move media report stats , Move pre calculated commissions , Apply destination affiliate Revshare settings , Apply destination affiliate CPA Qualification",11/9/2025 5:05:31 AM,Partners,Yes,35198
bullwaves-698782,698782,2287,35270,"User bullwaves-698782 was moved from affiliate 2287 to  affiliate 35270  With settings : Move media report stats , Apply destination affiliate Revshare settings , Apply destination affiliate CPA Qualification",11/7/2025 8:20:45 AM,Partners,Yes,35270
bullwaves-695970,695970,2287,35180,"User bullwaves-695970 was moved from affiliate 2287 to  affiliate 35180  With settings : Move media report stats , Move pre calculated commissions , Apply destination affiliate Revshare settings , Apply destination affiliate CPA Qualification",11/6/2025 5:30:15 PM,Partners,Yes,35180
bullwaves-213720,213720,35270,35394,"User bullwaves-213720 was moved from affiliate 35270 to  affiliate 35394  With settings : Move media report stats , Apply destination affiliate Revshare settings , Apply destination affiliate CPA Qualification",11/6/2025 5:06:27 PM,Partners,Yes,35394
bullwaves-693763,693763,2287,35272,"User bullwaves-693763 was moved from affiliate 2287 to  affiliate 35272  With settings : Move media report stats , Move pre calculated commissions , Apply destination affiliate Revshare settings , Apply destination affiliate CPA Qualification",11/6/2025 1:42:26 PM,SONJA,Yes,35272
bullwaves-624687,624687,2287,35427,"User bullwaves-624687 was moved from affiliate 2287 to  affiliate 35427  With settings : Move media report stats , Apply destination affiliate Revshare settings , Apply destination affiliate CPA Qualification",11/5/2025 8:06:06 AM,Partners,Yes,35427
bullwaves-689367,689367,2287,35272,"User bullwaves-689367 was moved from affiliate 2287 to  affiliate 35272  With settings : Move media report stats , Move pre calculated commissions , Apply destination affiliate Revshare settings , Apply destination affiliate CPA Qualification",11/4/2025 9:05:51 AM,SONJA,Yes,35272
bullwaves-576961,576961,2287,35272,"User bullwaves-576961 was moved from affiliate 2287 to  affiliate 35272  With settings : Move media report stats , Move pre calculated commissions , Apply destination affiliate Revshare settings , Apply destination affiliate CPA Qualification",11/4/2025 8:51:56 AM,SONJA,Yes,35272
bullwaves-687530,687530,2287,35272,"User bullwaves-687530 was moved from affiliate 2287 to  affiliate 35272  With settings : Move media report stats , Move pre calculated commissions , Apply destination affiliate Revshare settings , Apply destination affiliate CPA Qualification",11/4/2025 8:51:09 AM,SONJA,Yes,35272
bullwaves-681250,681250,2287,35180,"User bullwaves-681250 was moved from affiliate 2287 to  affiliate 35180  With settings : Move media report stats , Move pre calculated commissions , Apply destination affiliate Revshare settings , Apply destination affiliate CPA Qualification",11/3/2025 4:37:26 PM,Partners,Yes,35180
bullwaves-658128,658128,2287,35198,"User bullwaves-658128 was moved from affiliate 2287 to  affiliate 35198  With settings : Move media report stats , Move pre calculated commissions , Apply destination affiliate Revshare settings , Apply destination affiliate CPA Qualification",10/31/2025 8:30:24 AM,SONJA,Yes,35198
bullwaves-42168,42168,35143,35270,"User bullwaves-42168 was moved from affiliate 35143 to  affiliate 35270  With settings : Move media report stats , Move pre calculated commissions , Apply destination affiliate Revshare settings , Apply destination affiliate CPA Qualification",10/30/2025 3:08:10 PM,Partners,Yes,35270
bullwaves-674950,674950,2287,35180,"User bullwaves-674950 was moved from affiliate 2287 to  affiliate 35180  With settings : Move media report stats , Move pre calculated commissions , Apply destination affiliate Revshare settings , Apply destination affiliate CPA Qualification",10/30/2025 2:28:22 PM,SONJA,Yes,35180
bullwaves-666777,666777,35198,35597,"User bullwaves-666777 was moved from affiliate 35198 to  affiliate 35597  With settings : Move media report stats , Move pre calculated commissions",10/30/2025 10:03:19 AM,ivana,Yes,35597
bullwaves-680767,680767,2287,35607,"User bullwaves-680767 was moved from affiliate 2287 to  affiliate 35607  With settings : Move media report stats , Move pre calculated commissions , Apply destination affiliate Revshare settings , Apply destination affiliate CPA Qualification",10/30/2025 9:20:41 AM,Partners,Yes,35607
bullwaves-555465,555465,35238,35529,"User bullwaves-555465 was moved from affiliate 35238 to  affiliate 35529  With settings : Move media report stats , Move pre calculated commissions , Apply destination affiliate Revshare settings , Apply destination affiliate CPA Qualification",10/29/2025 8:25:55 PM,Partners,Yes,35529
bullwaves-678901,678901,2287,35272,"User bullwaves-678901 was moved from affiliate 2287 to  affiliate 35272  With settings : Move media report stats , Move pre calculated commissions , Apply destination affiliate Revshare settings , Apply destination affiliate CPA Qualification",10/29/2025 2:16:42 PM,SONJA,Yes,35272
bullwaves-671798,671798,2287,35272,"User bullwaves-671798 was moved from affiliate 2287 to  affiliate 35272  With settings : Move media report stats , Move pre calculated commissions , Apply destination affiliate Revshare settings , Apply destination affiliate CPA Qualification",10/29/2025 2:16:30 PM,SONJA,Yes,35272
bullwaves-306924,306924,35290,35270,"User bullwaves-306924 was moved from affiliate 35290 to  affiliate 35270  With settings : Move media report stats , Apply destination affiliate Revshare settings , Apply destination affiliate CPA Qualification",10/29/2025 11:15:43 AM,Partners,Yes,35270
bullwaves-667786,667786,35198,35597,"User bullwaves-667786 was moved from affiliate 35198 to  affiliate 35597  With settings : Move media report stats , Move pre calculated commissions , Apply destination affiliate Revshare settings , Apply destination affiliate CPA Qualification",10/29/2025 11:08:10 AM,SONJA,Yes,35597
bullwaves-545479,545479,35180,35198,"User bullwaves-545479 was moved from affiliate 35180 to  affiliate 35198  With settings : Move media report stats , Move pre calculated commissions , Apply destination affiliate Revshare settings , Apply destination affiliate CPA Qualification",10/29/2025 10:26:21 AM,SONJA,Yes,35198
bullwaves-545479,545479,35273,35180,"User bullwaves-545479 was moved from affiliate 35273 to  affiliate 35180  With settings : Move media report stats , Move pre calculated commissions , Apply destination affiliate Revshare settings , Apply destination affiliate CPA Qualification",10/29/2025 10:25:23 AM,SONJA,Yes,35180
bullwaves-174186,174186,35197,35273,"User bullwaves-174186 was moved from affiliate 35197 to  affiliate 35273  With settings : Move media report stats , Move pre calculated commissions , Apply destination affiliate Revshare settings , Apply destination affiliate CPA Qualification",10/29/2025 8:12:23 AM,SONJA,Yes,35273
bullwaves-677747,677747,35198,35597,"User bullwaves-677747 was moved from affiliate 35198 to  affiliate 35597  With settings : Move media report stats , Move pre calculated commissions , Apply destination affiliate Revshare settings , Apply destination affiliate CPA Qualification",10/29/2025 4:59:28 AM,Partners,Yes,35597
bullwaves-677441,677441,35198,35597,"User bullwaves-677441 was moved from affiliate 35198 to  affiliate 35597  With settings : Move media report stats , Move pre calculated commissions , Apply destination affiliate Revshare settings , Apply destination affiliate CPA Qualification",10/29/2025 4:59:19 AM,Partners,Yes,35597
bullwaves-677235,677235,35198,35597,"User bullwaves-677235 was moved from affiliate 35198 to  affiliate 35597  With settings : Move media report stats , Move pre calculated commissions , Apply destination affiliate Revshare settings , Apply destination affiliate CPA Qualification",10/29/2025 4:59:10 AM,Partners,Yes,35597
bullwaves-675479,675479,2287,35231,"User bullwaves-675479 was moved from affiliate 2287 to  affiliate 35231  With settings : Move media report stats , Move pre calculated commissions , Apply destination affiliate Revshare settings , Apply destination affiliate CPA Qualification",10/28/2025 3:29:04 PM,Partners,Yes,35231
bullwaves-673000,673000,35272,35180,"User bullwaves-673000 was moved from affiliate 35272 to  affiliate 35180  With settings : Move media report stats , Move pre calculated commissions , Apply destination affiliate Revshare settings , Apply destination affiliate CPA Qualification",10/28/2025 11:19:29 AM,Partners,Yes,35180
bullwaves-189706,189706,35272,35180,"User bullwaves-189706 was moved from affiliate 35272 to  affiliate 35180  With settings : Move media report stats , Move pre calculated commissions , Apply destination affiliate Revshare settings , Apply destination affiliate CPA Qualification",10/28/2025 8:05:39 AM,SONJA,Yes,35180
bullwaves-668962,668962,35198,35597,"User bullwaves-668962 was moved from affiliate 35198 to  affiliate 35597  With settings : Move media report stats , Move pre calculated commissions , Apply destination affiliate Revshare settings , Apply destination affiliate CPA Qualification",10/27/2025 5:45:29 PM,Partners,Yes,35597
bullwaves-434028,434028,35198,35597,"User bullwaves-434028 was moved from affiliate 35198 to  affiliate 35597  With settings : Move media report stats , Move pre calculated commissions , Apply destination affiliate Revshare settings , Apply destination affiliate CPA Qualification",10/27/2025 5:45:23 PM,Partners,Yes,35597
bullwaves-667737,667737,35198,35597,"User bullwaves-667737 was moved from affiliate 35198 to  affiliate 35597  With settings : Move media report stats , Move pre calculated commissions , Apply destination affiliate Revshare settings , Apply destination affiliate CPA Qualification",10/27/2025 5:45:17 PM,Partners,Yes,35597
bullwaves-667413,667413,35198,35597,"User bullwaves-667413 was moved from affiliate 35198 to  affiliate 35597  With settings : Move media report stats , Move pre calculated commissions , Apply destination affiliate Revshare settings , Apply destination affiliate CPA Qualification",10/27/2025 5:45:07 PM,Partners,Yes,35597
bullwaves-663522,663522,35198,35597,"User bullwaves-663522 was moved from affiliate 35198 to  affiliate 35597  With settings : Move media report stats , Move pre calculated commissions , Apply destination affiliate Revshare settings , Apply destination affiliate CPA Qualification",10/27/2025 5:45:00 PM,Partners,Yes,35597
bullwaves-666296,666296,35198,35597,"User bullwaves-666296 was moved from affiliate 35198 to  affiliate 35597  With settings : Move media report stats , Move pre calculated commissions , Apply destination affiliate Revshare settings , Apply destination affiliate CPA Qualification",10/27/2025 5:44:52 PM,Partners,Yes,35597
bullwaves-664051,664051,35198,35597,"User bullwaves-664051 was moved from affiliate 35198 to  affiliate 35597  With settings : Move media report stats , Move pre calculated commissions , Apply destination affiliate Revshare settings , Apply destination affiliate CPA Qualification",10/27/2025 5:44:42 PM,Partners,Yes,35597
bullwaves-663883,663883,35198,35597,"User bullwaves-663883 was moved from affiliate 35198 to  affiliate 35597  With settings : Move media report stats , Move pre calculated commissions , Apply destination affiliate Revshare settings , Apply destination affiliate CPA Qualification",10/27/2025 5:44:33 PM,Partners,Yes,35597
bullwaves-663340,663340,35198,35597,"User bullwaves-663340 was moved from affiliate 35198 to  affiliate 35597  With settings : Move media report stats , Move pre calculated commissions , Apply destination affiliate Revshare settings , Apply destination affiliate CPA Qualification",10/27/2025 5:44:25 PM,Partners,Yes,35597
bullwaves-663281,663281,35198,35597,"User bullwaves-663281 was moved from affiliate 35198 to  affiliate 35597  With settings : Move media report stats , Move pre calculated commissions , Apply destination affiliate Revshare settings , Apply destination affiliate CPA Qualification",10/27/2025 5:44:16 PM,Partners,Yes,35597
bullwaves-669117,669117,2287,35273,"User bullwaves-669117 was moved from affiliate 2287 to  affiliate 35273  With settings : Move media report stats , Move pre calculated commissions , Apply destination affiliate Revshare settings , Apply destination affiliate CPA Qualification",10/27/2025 11:53:19 AM,SONJA,Yes,35273
bullwaves-644428,644428,2287,35273,"User bullwaves-644428 was moved from affiliate 2287 to  affiliate 35273  With settings : Move media report stats , Move pre calculated commissions , Apply destination affiliate Revshare settings , Apply destination affiliate CPA Qualification",10/27/2025 11:53:00 AM,SONJA,Yes,35273
bullwaves-485188,485188,35270,35198,"User bullwaves-485188 was moved from affiliate 35270 to  affiliate 35198  With settings : Move media report stats , Move pre calculated commissions , Apply destination affiliate Revshare settings , Apply destination affiliate CPA Qualification",10/27/2025 11:35:07 AM,SONJA,Yes,35198
bullwaves-664417,664417,35583,35180,"User bullwaves-664417 was moved from affiliate 35583 to  affiliate 35180  With settings : Move media report stats , Move pre calculated commissions , Apply destination affiliate Revshare settings , Apply destination affiliate CPA Qualification",10/27/2025 11:32:02 AM,SONJA,Yes,35180
bullwaves-666577,666577,2287,35427,"User bullwaves-666577 was moved from affiliate 2287 to  affiliate 35427  With settings : Move media report stats , Apply destination affiliate Revshare settings , Apply destination affiliate CPA Qualification",10/27/2025 11:20:43 AM,Partners,Yes,35427
bullwaves-310440,310440,35290,35270,"User bullwaves-310440 was moved from affiliate 35290 to  affiliate 35270  With settings : Move media report stats , Apply destination affiliate Revshare settings , Apply destination affiliate CPA Qualification",10/27/2025 10:58:06 AM,Partners,Yes,35270
bullwaves-310440,310440,35290,35270,"User bullwaves-310440 was moved from affiliate 35290 to  affiliate 35270  With settings : Move media report stats , Apply destination affiliate Revshare settings , Apply destination affiliate CPA Qualification",10/27/2025 10:58:05 AM,Partners,Yes,35290
bullwaves-508270,508270,35466,35198,"User bullwaves-508270 was moved from affiliate 35466 to  affiliate 35198  With settings : Move media report stats , Move pre calculated commissions , Apply destination affiliate Revshare settings , Apply destination affiliate CPA Qualification",10/27/2025 10:01:42 AM,SONJA,Yes,35198
bullwaves-434028,434028,35180,35198,"User bullwaves-434028 was moved from affiliate 35180 to  affiliate 35198  With settings : Move media report stats , Move pre calculated commissions , Apply destination affiliate Revshare settings , Apply destination affiliate CPA Qualification",10/27/2025 7:53:43 AM,SONJA,Yes,35198
bullwaves-668622,668622,2287,35273,"User bullwaves-668622 was moved from affiliate 2287 to  affiliate 35273  With settings : Move media report stats , Move pre calculated commissions , Apply destination affiliate Revshare settings , Apply destination affiliate CPA Qualification",10/27/2025 7:49:17 AM,SONJA,Yes,35273
bullwaves-665841,665841,2287,35180,"User bullwaves-665841 was moved from affiliate 2287 to  affiliate 35180  With settings : Move media report stats , Move pre calculated commissions , Apply destination affiliate Revshare settings , Apply destination affiliate CPA Qualification",10/24/2025 3:23:03 PM,SONJA,Yes,35180
,,,,A payment for the amount of 55000 was removed; Payment ID: 387 Payment Date: Fri Oct 24 2025 00:00:00 GMT+0000 (Coordinated Universal Time)  by admin: Partners,10/24/2025 2:33:28 PM,Partners,Yes,35180
bullwaves-639964,639964,2287,35180,"User bullwaves-639964 was moved from affiliate 2287 to  affiliate 35180  With settings : Move media report stats , Move pre calculated commissions , Apply destination affiliate Revshare settings , Apply destination affiliate CPA Qualification",10/24/2025 10:05:02 AM,SONJA,Yes,35180
bullwaves-449825,449825,35060,35423,"User bullwaves-449825 was moved from affiliate 35060 to  affiliate 35423  With settings : Move media report stats , Move pre calculated commissions , Apply destination affiliate Revshare settings , Apply destination affiliate CPA Qualification",10/23/2025 1:59:16 PM,SONJA,Yes,35423
bullwaves-449825,449825,35423,35060,"User bullwaves-449825 was moved from affiliate 35423 to  affiliate 35060  With settings : Move media report stats , Move pre calculated commissions , Apply destination affiliate Revshare settings , Apply destination affiliate CPA Qualification",10/23/2025 1:53:06 PM,SONJA,Yes,35060
bullwaves-564339,564339,35461,35180,"User bullwaves-564339 was moved from affiliate 35461 to  affiliate 35180  With settings : Move media report stats , Move pre calculated commissions , Apply destination affiliate Revshare settings , Apply destination affiliate CPA Qualification",10/23/2025 1:08:05 PM,SONJA,Yes,35180
bullwaves-658919,658919,2287,35227,"User bullwaves-658919 was moved from affiliate 2287 to  affiliate 35227  With settings : Move media report stats , Move pre calculated commissions , Apply destination affiliate Revshare settings , Apply destination affiliate CPA Qualification",10/23/2025 12:24:57 PM,SONJA,Yes,35227
bullwaves-463136,463136,35197,35281,"User bullwaves-463136 was moved from affiliate 35197 to  affiliate 35281  With settings : Move media report stats , Move pre calculated commissions , Apply destination affiliate Revshare settings , Apply destination affiliate CPA Qualification",10/23/2025 9:15:33 AM,SONJA,Yes,35281
bullwaves-438175,438175,35272,35180,"User bullwaves-438175 was moved from affiliate 35272 to  affiliate 35180  With settings : Move media report stats , Apply destination affiliate Revshare settings , Apply destination affiliate CPA Qualification",10/23/2025 8:14:32 AM,Partners,Yes,35180
bullwaves-661125,661125,2287,35272,"User bullwaves-661125 was moved from affiliate 2287 to  affiliate 35272  With settings : Move media report stats , Move pre calculated commissions , Apply destination affiliate Revshare settings , Apply destination affiliate CPA Qualification",10/23/2025 8:10:02 AM,SONJA,Yes,35272
bullwaves-654063,654063,2287,35465,"User bullwaves-654063 was moved from affiliate 2287 to  affiliate 35465  With settings : Move media report stats , Move pre calculated commissions , Apply destination affiliate Revshare settings , Apply destination affiliate CPA Qualification",10/23/2025 7:37:22 AM,SONJA,Yes,35465
bullwaves-569738,569738,35272,35180,"User bullwaves-569738 was moved from affiliate 35272 to  affiliate 35180  With settings : Move media report stats , Apply destination affiliate Revshare settings , Apply destination affiliate CPA Qualification",10/22/2025 7:14:20 PM,Partners,Yes,35180
bullwaves-644204,644204,2287,35272,"User bullwaves-644204 was moved from affiliate 2287 to  affiliate 35272  With settings : Move media report stats , Move pre calculated commissions , Apply destination affiliate Revshare settings , Apply destination affiliate CPA Qualification",10/22/2025 2:07:58 PM,SONJA,Yes,35272
bullwaves-647021,647021,35238,35529,"User bullwaves-647021 was moved from affiliate 35238 to  affiliate 35529  With settings : Move media report stats , Move pre calculated commissions , Apply destination affiliate Revshare settings , Apply destination affiliate CPA Qualification",10/22/2025 11:42:20 AM,Partners,Yes,35529
bullwaves-656648,656648,35238,35529,"User bullwaves-656648 was moved from affiliate 35238 to  affiliate 35529  With settings : Move media report stats , Move pre calculated commissions , Apply destination affiliate Revshare settings , Apply destination affiliate CPA Qualification",10/22/2025 11:40:47 AM,Partners,Yes,35529
bullwaves-634545,634545,2287,35180,"User bullwaves-634545 was moved from affiliate 2287 to  affiliate 35180  With settings : Move media report stats , Move pre calculated commissions , Apply destination affiliate Revshare settings , Apply destination affiliate CPA Qualification",10/21/2025 5:56:35 PM,Partners,Yes,35180
bullwaves-641257,641257,2287,35272,"User bullwaves-641257 was moved from affiliate 2287 to  affiliate 35272  With settings : Move media report stats , Move pre calculated commissions , Apply destination affiliate Revshare settings , Apply destination affiliate CPA Qualification",10/21/2025 2:38:09 PM,SONJA,Yes,35272
bullwaves-649119,649119,2287,35227,"User bullwaves-649119 was moved from affiliate 2287 to  affiliate 35227  With settings : Move media report stats , Move pre calculated commissions , Apply destination affiliate Revshare settings , Apply destination affiliate CPA Qualification",10/21/2025 9:03:57 AM,Partners,Yes,35227
bullwaves-626953,626953,2287,35180,"User bullwaves-626953 was moved from affiliate 2287 to  affiliate 35180  With settings : Move media report stats , Move pre calculated commissions , Apply destination affiliate Revshare settings , Apply destination affiliate CPA Qualification",10/20/2025 5:25:23 PM,Partners,Yes,35180
bullwaves-639794,639794,35107,35112,"User bullwaves-639794 was moved from affiliate 35107 to  affiliate 35112  With settings : Move media report stats , Move pre calculated commissions , Apply destination affiliate Revshare settings , Apply destination affiliate CPA Qualification",10/20/2025 12:52:03 PM,SONJA,Yes,35112
bullwaves-639794,639794,35112,35107,"User bullwaves-639794 was moved from affiliate 35112 to  affiliate 35107  With settings : Move media report stats , Move pre calculated commissions , Apply destination affiliate Revshare settings , Apply destination affiliate CPA Qualification",10/20/2025 12:31:51 PM,SONJA,Yes,35107
bullwaves-639794,639794,35107,35112,"User bullwaves-639794 was moved from affiliate 35107 to  affiliate 35112  With settings : Move media report stats , Move pre calculated commissions , Apply destination affiliate Revshare settings , Apply destination affiliate CPA Qualification",10/20/2025 12:30:11 PM,SONJA,Yes,35112
bullwaves-616058,616058,35290,35281,"User bullwaves-616058 was moved from affiliate 35290 to  affiliate 35281  With settings : Move media report stats , Move pre calculated commissions , Apply destination affiliate Revshare settings , Apply destination affiliate CPA Qualification",10/20/2025 11:30:42 AM,SONJA,Yes,35281
bullwaves-632530,632530,2287,35427,"User bullwaves-632530 was moved from affiliate 2287 to  affiliate 35427  With settings : Move media report stats , Apply destination affiliate Revshare settings , Apply destination affiliate CPA Qualification",10/20/2025 9:30:55 AM,Partners,Yes,35427
bullwaves-631902,631902,2287,35427,"User bullwaves-631902 was moved from affiliate 2287 to  affiliate 35427  With settings : Move media report stats , Apply destination affiliate Revshare settings , Apply destination affiliate CPA Qualification",10/20/2025 9:30:08 AM,Partners,Yes,35427
bullwaves-642939,642939,2287,35273,"User bullwaves-642939 was moved from affiliate 2287 to  affiliate 35273  With settings : Move media report stats , Move pre calculated commissions , Apply destination affiliate Revshare settings , Apply destination affiliate CPA Qualification",10/20/2025 7:33:32 AM,SONJA,Yes,35273
bullwaves-445823,445823,35281,35273,"User bullwaves-445823 was moved from affiliate 35281 to  affiliate 35273  With settings : Move media report stats , Move pre calculated commissions , Apply destination affiliate Revshare settings , Apply destination affiliate CPA Qualification",10/20/2025 7:32:41 AM,SONJA,Yes,35273
bullwaves-639794,639794,35112,35107,"User bullwaves-639794 was moved from affiliate 35112 to  affiliate 35107  With settings : Move media report stats , Move pre calculated commissions , Apply destination affiliate Revshare settings , Apply destination affiliate CPA Qualification",10/20/2025 7:30:36 AM,SONJA,Yes,35107
bullwaves-635847,635847,2287,35272,"User bullwaves-635847 was moved from affiliate 2287 to  affiliate 35272  With settings : Move media report stats , Move pre calculated commissions , Apply destination affiliate Revshare settings , Apply destination affiliate CPA Qualification",10/17/2025 1:31:00 PM,SONJA,Yes,35272
bullwaves-286150,286150,35290,35180,"User bullwaves-286150 was moved from affiliate 35290 to  affiliate 35180  With settings : Move media report stats , Move pre calculated commissions , Apply destination affiliate Revshare settings , Apply destination affiliate CPA Qualification",10/16/2025 2:22:37 PM,SONJA,Yes,35180
bullwaves-634059,634059,2287,35272,"User bullwaves-634059 was moved from affiliate 2287 to  affiliate 35272  With settings : Move media report stats , Move pre calculated commissions , Apply destination affiliate Revshare settings , Apply destination affiliate CPA Qualification",10/16/2025 2:16:36 PM,SONJA,Yes,35272
bullwaves-604601,604601,35197,35281,"User bullwaves-604601 was moved from affiliate 35197 to  affiliate 35281  With settings : Move media report stats , Move pre calculated commissions , Apply destination affiliate Revshare settings , Apply destination affiliate CPA Qualification",10/16/2025 12:59:59 PM,SONJA,Yes,35281
bullwaves-545265,545265,2287,35273,"User bullwaves-545265 was moved from affiliate 2287 to  affiliate 35273  With settings : Move media report stats , Move pre calculated commissions , Apply destination affiliate Revshare settings , Apply destination affiliate CPA Qualification",10/16/2025 7:20:33 AM,SONJA,Yes,35273
bullwaves-626258,626258,2287,35224,"User bullwaves-626258 was moved from affiliate 2287 to  affiliate 35224  With settings : Move media report stats , Move pre calculated commissions , Apply destination affiliate Revshare settings , Apply destination affiliate CPA Qualification",10/15/2025 11:16:25 AM,SONJA,Yes,35224
bullwaves-62117,62117,35143,35112,"User bullwaves-62117 was moved from affiliate 35143 to  affiliate 35112  With settings : Move media report stats , Move pre calculated commissions , Apply destination affiliate Revshare settings , Apply destination affiliate CPA Qualification",10/15/2025 8:14:35 AM,SONJA,Yes,35112
bullwaves-630701,630701,2287,35272,"User bullwaves-630701 was moved from affiliate 2287 to  affiliate 35272  With settings : Move media report stats , Move pre calculated commissions , Apply destination affiliate Revshare settings , Apply destination affiliate CPA Qualification",10/15/2025 7:07:38 AM,SONJA,Yes,35272
bullwaves-622775,622775,2287,35427,"User bullwaves-622775 was moved from affiliate 2287 to  affiliate 35427  With settings : Move media report stats , Apply destination affiliate Revshare settings , Apply destination affiliate CPA Qualification",10/14/2025 6:03:21 PM,Partners,Yes,35427
bullwaves-612190,612190,2287,35427,"User bullwaves-612190 was moved from affiliate 2287 to  affiliate 35427  With settings : Move media report stats , Apply destination affiliate Revshare settings , Apply destination affiliate CPA Qualification",10/14/2025 6:02:09 PM,Partners,Yes,35427
bullwaves-499617,499617,35290,35475,"User bullwaves-499617 was moved from affiliate 35290 to  affiliate 35475  With settings : Move media report stats , Move pre calculated commissions , Apply destination affiliate Revshare settings , Apply destination affiliate CPA Qualification",10/14/2025 1:29:56 PM,SONJA,Yes,35475
bullwaves-622824,622824,2287,35426,"User bullwaves-622824 was moved from affiliate 2287 to  affiliate 35426  With settings : Move media report stats , Move pre calculated commissions , Apply destination affiliate Revshare settings , Apply destination affiliate CPA Qualification",10/14/2025 1:01:10 PM,SONJA,Yes,35426
bullwaves-621824,621824,2287,35475,"User bullwaves-621824 was moved from affiliate 2287 to  affiliate 35475  With settings : Move media report stats , Move pre calculated commissions , Apply destination affiliate Revshare settings , Apply destination affiliate CPA Qualification",10/14/2025 9:46:28 AM,SONJA,Yes,35475
bullwaves-619300,619300,2287,35284,"User bullwaves-619300 was moved from affiliate 2287 to  affiliate 35284  With settings : Move media report stats , Move pre calculated commissions , Apply destination affiliate Revshare settings , Apply destination affiliate CPA Qualification",10/14/2025 7:17:23 AM,SONJA,Yes,35284
bullwaves-90749,90749,35197,35273,"User bullwaves-90749 was moved from affiliate 35197 to  affiliate 35273  With settings : Move media report stats , Move pre calculated commissions , Apply destination affiliate Revshare settings , Apply destination affiliate CPA Qualification",10/13/2025 1:11:16 PM,SONJA,Yes,35273
bullwaves-460623,460623,35198,35270,"User bullwaves-460623 was moved from affiliate 35198 to  affiliate 35270  With settings : Move media report stats , Apply destination affiliate Revshare settings , Apply destination affiliate CPA Qualification",10/13/2025 11:27:27 AM,Partners,Yes,35270
bullwaves-622786,622786,2287,35270,"User bullwaves-622786 was moved from affiliate 2287 to  affiliate 35270  With settings : Move media report stats , Apply destination affiliate Revshare settings , Apply destination affiliate CPA Qualification",10/13/2025 8:10:38 AM,Partners,Yes,35270
bullwaves-623320,623320,2287,35180,"User bullwaves-623320 was moved from affiliate 2287 to  affiliate 35180  With settings : Move media report stats , Move pre calculated commissions , Apply destination affiliate Revshare settings , Apply destination affiliate CPA Qualification",10/13/2025 7:23:38 AM,SONJA,Yes,35180
bullwaves-624454,624454,2287,35180,"User bullwaves-624454 was moved from affiliate 2287 to  affiliate 35180  With settings : Move media report stats , Move pre calculated commissions , Apply destination affiliate Revshare settings , Apply destination affiliate CPA Qualification",10/13/2025 7:20:19 AM,SONJA,Yes,35180
bullwaves-590578,590578,2287,35272,"User bullwaves-590578 was moved from affiliate 2287 to  affiliate 35272  With settings : Move media report stats , Move pre calculated commissions , Apply destination affiliate Revshare settings , Apply destination affiliate CPA Qualification",10/12/2025 1:49:25 PM,Partners,Yes,35272
bullwaves-617310,617310,2287,35424,"User bullwaves-617310 was moved from affiliate 2287 to  affiliate 35424  With settings : Move media report stats , Move pre calculated commissions , Apply destination affiliate Revshare settings , Apply destination affiliate CPA Qualification",10/10/2025 9:12:33 AM,ivana,Yes,35424
bullwaves-614112,614112,2287,35477,"User bullwaves-614112 was moved from affiliate 2287 to  affiliate 35477  With settings : Move media report stats , Move pre calculated commissions , Apply destination affiliate Revshare settings , Apply destination affiliate CPA Qualification",10/9/2025 2:53:20 PM,Partners,Yes,35477
bullwaves-517143,517143,35284,35224,"User bullwaves-517143 was moved from affiliate 35284 to  affiliate 35224  With settings : Move media report stats , Move pre calculated commissions , Apply destination affiliate Revshare settings , Apply destination affiliate CPA Qualification",10/9/2025 10:07:43 AM,SONJA,Yes,35224
bullwaves-612888,612888,2287,35427,"User bullwaves-612888 was moved from affiliate 2287 to  affiliate 35427  With settings : Move media report stats , Apply destination affiliate Revshare settings , Apply destination affiliate CPA Qualification",10/9/2025 8:32:27 AM,Partners,Yes,35427
bullwaves-611954,611954,2287,35427,"User bullwaves-611954 was moved from affiliate 2287 to  affiliate 35427  With settings : Move media report stats , Apply destination affiliate Revshare settings , Apply destination affiliate CPA Qualification",10/9/2025 8:32:05 AM,Partners,Yes,35427
bullwaves-602477,602477,2287,35427,"User bullwaves-602477 was moved from affiliate 2287 to  affiliate 35427  With settings : Move media report stats , Apply destination affiliate Revshare settings , Apply destination affiliate CPA Qualification",10/9/2025 8:31:00 AM,Partners,Yes,35427
bullwaves-585102,585102,2287,35427,"User bullwaves-585102 was moved from affiliate 2287 to  affiliate 35427  With settings : Move media report stats , Apply destination affiliate Revshare settings , Apply destination affiliate CPA Qualification",10/9/2025 8:30:32 AM,Partners,Yes,35427
bullwaves-514202,514202,2287,35427,"User bullwaves-514202 was moved from affiliate 2287 to  affiliate 35427  With settings : Move media report stats , Apply destination affiliate Revshare settings , Apply destination affiliate CPA Qualification",10/9/2025 8:29:49 AM,Partners,Yes,35427
bullwaves-602802,602802,2287,35541,"User bullwaves-602802 was moved from affiliate 2287 to  affiliate 35541  With settings : Move media report stats , Move pre calculated commissions , Apply destination affiliate Revshare settings , Apply destination affiliate CPA Qualification",10/9/2025 8:27:42 AM,SONJA,Yes,35541
bullwaves-614707,614707,2287,35273,"User bullwaves-614707 was moved from affiliate 2287 to  affiliate 35273  With settings : Move media report stats , Move pre calculated commissions , Apply destination affiliate Revshare settings , Apply destination affiliate CPA Qualification",10/9/2025 8:13:15 AM,SONJA,Yes,35273
bullwaves-614916,614916,2287,35273,"User bullwaves-614916 was moved from affiliate 2287 to  affiliate 35273  With settings : Move media report stats , Move pre calculated commissions , Apply destination affiliate Revshare settings , Apply destination affiliate CPA Qualification",10/9/2025 8:10:54 AM,SONJA,Yes,35273
bullwaves-39854,39854,35112,35270,"User bullwaves-39854 was moved from affiliate 35112 to  affiliate 35270  With settings : Move media report stats , Move pre calculated commissions , Apply destination affiliate Revshare settings , Apply destination affiliate CPA Qualification",10/9/2025 7:12:10 AM,SONJA,Yes,35270
bullwaves-199364,199364,2287,35272,"User bullwaves-199364 was moved from affiliate 2287 to  affiliate 35272  With settings : Move media report stats , Move pre calculated commissions , Apply destination affiliate Revshare settings , Apply destination affiliate CPA Qualification",10/9/2025 7:06:47 AM,SONJA,Yes,35272
bullwaves-538370,538370,35273,35224,"User bullwaves-538370 was moved from affiliate 35273 to  affiliate 35224  With settings : Move media report stats , Move pre calculated commissions , Apply destination affiliate Revshare settings , Apply destination affiliate CPA Qualification",10/8/2025 1:47:09 PM,SONJA,Yes,35224
bullwaves-608790,608790,2287,35175,"User bullwaves-608790 was moved from affiliate 2287 to  affiliate 35175  With settings : Move media report stats , Move pre calculated commissions , Apply destination affiliate Revshare settings , Apply destination affiliate CPA Qualification",10/8/2025 8:11:41 AM,Partners,Yes,35175
bullwaves-609894,609894,2287,35273,"User bullwaves-609894 was moved from affiliate 2287 to  affiliate 35273  With settings : Move media report stats , Move pre calculated commissions , Apply destination affiliate Revshare settings , Apply destination affiliate CPA Qualification",10/8/2025 7:21:10 AM,SONJA,Yes,35273
bullwaves-58644,58644,35143,35272,"User bullwaves-58644 was moved from affiliate 35143 to  affiliate 35272  With settings : Move media report stats , Move pre calculated commissions , Apply destination affiliate Revshare settings , Apply destination affiliate CPA Qualification",10/7/2025 2:13:10 PM,SONJA,Yes,35272
bullwaves-190488,190488,35172,35283,"User bullwaves-190488 was moved from affiliate 35172 to  affiliate 35283  With settings : Move media report stats , Apply destination affiliate Revshare settings , Apply destination affiliate CPA Qualification",10/7/2025 1:38:34 PM,Partners,Yes,35283
bullwaves-472545,472545,35172,35283,"User bullwaves-472545 was moved from affiliate 35172 to  affiliate 35283  With settings : Move media report stats , Move pre calculated commissions , Apply destination affiliate Revshare settings , Apply destination affiliate CPA Qualification",10/7/2025 1:29:12 PM,Partners,Yes,35283
bullwaves-205665,205665,2287,35180,"User bullwaves-205665 was moved from affiliate 2287 to  affiliate 35180  With settings : Move media report stats , Move pre calculated commissions , Apply destination affiliate Revshare settings , Apply destination affiliate CPA Qualification",10/7/2025 1:24:13 PM,SONJA,Yes,35180
bullwaves-205635,205635,2287,35180,"User bullwaves-205635 was moved from affiliate 2287 to  affiliate 35180  With settings : Move media report stats , Move pre calculated commissions",10/7/2025 1:23:51 PM,SONJA,Yes,35180
,,,,A payment for the amount of 87700 was removed; Payment ID: 246 Payment Date: Mon Jun 02 2025 00:00:00 GMT+0000 (Coordinated Universal Time)  by admin: Partners,10/7/2025 1:02:31 PM,Partners,Yes,35272
,,,,A payment for the amount of 85200 was removed; Payment ID: 245 Payment Date: Mon Apr 28 2025 00:00:00 GMT+0000 (Coordinated Universal Time)  by admin: Partners,10/7/2025 1:02:28 PM,Partners,Yes,35272
bullwaves-558045,558045,35273,35281,"User bullwaves-558045 was moved from affiliate 35273 to  affiliate 35281  With settings : Move media report stats , Move pre calculated commissions , Apply destination affiliate Revshare settings , Apply destination affiliate CPA Qualification",10/7/2025 9:22:23 AM,SONJA,Yes,35281
bullwaves-604687,604687,2287,35180,"User bullwaves-604687 was moved from affiliate 2287 to  affiliate 35180  With settings : Move media report stats , Move pre calculated commissions , Apply destination affiliate Revshare settings , Apply destination affiliate CPA Qualification",10/6/2025 9:34:54 PM,Partners,Yes,35180
bullwaves-308777,308777,35347,35198,"User bullwaves-308777 was moved from affiliate 35347 to  affiliate 35198  With settings : Move media report stats , Move pre calculated commissions , Apply destination affiliate Revshare settings , Apply destination affiliate CPA Qualification",10/6/2025 10:10:54 AM,SONJA,Yes,35198
bullwaves-599452,599452,35272,35197,"User bullwaves-599452 was moved from affiliate 35272 to  affiliate 35197  With settings : Move media report stats , Move pre calculated commissions , Apply destination affiliate Revshare settings , Apply destination affiliate CPA Qualification",10/6/2025 10:09:55 AM,SONJA,Yes,35197
bullwaves-574170,574170,2287,35272,"User bullwaves-574170 was moved from affiliate 2287 to  affiliate 35272  With settings : Move media report stats , Move pre calculated commissions , Apply destination affiliate Revshare settings , Apply destination affiliate CPA Qualification",10/6/2025 9:50:24 AM,SONJA,Yes,35272
bullwaves-599452,599452,2287,35272,"User bullwaves-599452 was moved from affiliate 2287 to  affiliate 35272  With settings : Move media report stats , Move pre calculated commissions , Apply destination affiliate Revshare settings , Apply destination affiliate CPA Qualification",10/6/2025 9:49:39 AM,SONJA,Yes,35272
bullwaves-599327,599327,2287,35273,"User bullwaves-599327 was moved from affiliate 2287 to  affiliate 35273  With settings : Move media report stats , Apply destination affiliate Revshare settings , Apply destination affiliate CPA Qualification",10/6/2025 6:30:36 AM,Partners,Yes,35273
bullwaves-588086,588086,2287,35394,"User bullwaves-588086 was moved from affiliate 2287 to  affiliate 35394  With settings : Move media report stats , Apply destination affiliate Revshare settings , Apply destination affiliate CPA Qualification",10/6/2025 6:09:45 AM,Partners,Yes,35394
bullwaves-510403,510403,35180,35394,"User bullwaves-510403 was moved from affiliate 35180 to  affiliate 35394  With settings : Move media report stats , Apply destination affiliate Revshare settings , Apply destination affiliate CPA Qualification",10/6/2025 6:07:30 AM,Partners,Yes,35394
bullwaves-77516,77516,35143,35270,"User bullwaves-77516 was moved from affiliate 35143 to  affiliate 35270  With settings : Move media report stats , Apply destination affiliate Revshare settings , Apply destination affiliate CPA Qualification",10/6/2025 6:02:21 AM,Partners,Yes,35270
bullwaves-539527,539527,2287,35228,"User bullwaves-539527 was moved from affiliate 2287 to  affiliate 35228  With settings : Move media report stats , Move pre calculated commissions , Apply destination affiliate Revshare settings , Apply destination affiliate CPA Qualification",10/3/2025 12:36:50 PM,SONJA,Yes,35228
bullwaves-563694,563694,35429,35475,"User bullwaves-563694 was moved from affiliate 35429 to  affiliate 35475  With settings : Move media report stats , Move pre calculated commissions",10/3/2025 10:54:50 AM,Partners,Yes,35475
bullwaves-592814,592814,2287,35272,"User bullwaves-592814 was moved from affiliate 2287 to  affiliate 35272  With settings : Move media report stats , Move pre calculated commissions , Apply destination affiliate Revshare settings , Apply destination affiliate CPA Qualification",10/3/2025 9:04:59 AM,SONJA,Yes,35272
bullwaves-556742,556742,2287,35198,"User bullwaves-556742 was moved from affiliate 2287 to  affiliate 35198  With settings : Move media report stats , Move pre calculated commissions , Apply destination affiliate Revshare settings , Apply destination affiliate CPA Qualification",10/3/2025 7:25:03 AM,SONJA,Yes,35198
bullwaves-593403,593403,2287,35197,"User bullwaves-593403 was moved from affiliate 2287 to  affiliate 35197  With settings : Move media report stats , Move pre calculated commissions , Apply destination affiliate Revshare settings , Apply destination affiliate CPA Qualification",10/3/2025 5:57:24 AM,SONJA,Yes,35197
,,,,A payment for the amount of 3600 was removed; Payment ID: 323 Payment Date: Thu Oct 02 2025 00:00:00 GMT+0000 (Coordinated Universal Time)  by admin: Partners,10/2/2025 3:21:48 PM,Partners,Yes,35198
bullwaves-203895,203895,35198,35270,"User bullwaves-203895 was moved from affiliate 35198 to  affiliate 35270  With settings : Move media report stats , Move pre calculated commissions , Apply destination affiliate Revshare settings , Apply destination affiliate CPA Qualification",10/2/2025 2:42:32 PM,SONJA,Yes,35270
bullwaves-454237,454237,2287,35272,"User bullwaves-454237 was moved from affiliate 2287 to  affiliate 35272  With settings : Move media report stats , Move pre calculated commissions , Apply destination affiliate Revshare settings , Apply destination affiliate CPA Qualification",10/2/2025 6:02:24 AM,SONJA,Yes,35272
bullwaves-575417,575417,2287,35197,"User bullwaves-575417 was moved from affiliate 2287 to  affiliate 35197  With settings : Move media report stats , Move pre calculated commissions , Apply destination affiliate Revshare settings , Apply destination affiliate CPA Qualification",10/2/2025 5:59:24 AM,SONJA,Yes,35197
bullwaves-579244,579244,2287,35424,"User bullwaves-579244 was moved from affiliate 2287 to  affiliate 35424  With settings : Move media report stats , Move pre calculated commissions , Apply destination affiliate Revshare settings , Apply destination affiliate CPA Qualification",10/1/2025 10:13:58 AM,SONJA,Yes,35424
bullwaves-576917,576917,2287,35272,"User bullwaves-576917 was moved from affiliate 2287 to  affiliate 35272  With settings : Move media report stats , Move pre calculated commissions , Apply destination affiliate Revshare settings , Apply destination affiliate CPA Qualification",10/1/2025 8:59:36 AM,SONJA,Yes,35272
bullwaves-576917,576917,2287,35272,"User bullwaves-576917 was moved from affiliate 2287 to  affiliate 35272  With settings : Move media report stats , Move pre calculated commissions , Apply destination affiliate Revshare settings , Apply destination affiliate CPA Qualification",10/1/2025 8:59:35 AM,SONJA,Yes,2287
bullwaves-371867,371867,35270,35273,"User bullwaves-371867 was moved from affiliate 35270 to  affiliate 35273  With settings : Move media report stats , Move pre calculated commissions , Apply destination affiliate Revshare settings , Apply destination affiliate CPA Qualification",10/1/2025 7:55:14 AM,SONJA,Yes,35273
bullwaves-123912,123912,35197,35273,"User bullwaves-123912 was moved from affiliate 35197 to  affiliate 35273  With settings : Move media report stats , Move pre calculated commissions , Apply destination affiliate Revshare settings , Apply destination affiliate CPA Qualification",9/30/2025 12:42:47 PM,SONJA,Yes,35273
bullwaves-573171,573171,2287,35272,"User bullwaves-573171 was moved from affiliate 2287 to  affiliate 35272  With settings : Move media report stats , Move pre calculated commissions , Apply destination affiliate Revshare settings , Apply destination affiliate CPA Qualification",9/30/2025 11:56:15 AM,SONJA,Yes,35272
bullwaves-577907,577907,2287,35272,"User bullwaves-577907 was moved from affiliate 2287 to  affiliate 35272  With settings : Move media report stats , Move pre calculated commissions , Apply destination affiliate Revshare settings , Apply destination affiliate CPA Qualification",9/30/2025 11:51:09 AM,SONJA,Yes,35272
bullwaves-573956,573956,2287,35272,"User bullwaves-573956 was moved from affiliate 2287 to  affiliate 35272  With settings : Move media report stats , Move pre calculated commissions , Apply destination affiliate Revshare settings , Apply destination affiliate CPA Qualification",9/30/2025 11:49:14 AM,SONJA,Yes,35272
bullwaves-563554,563554,35445,35455,"User bullwaves-563554 was moved from affiliate 35445 to  affiliate 35455  With settings : Move media report stats , Move pre calculated commissions , Apply destination affiliate Revshare settings , Apply destination affiliate CPA Qualification",9/30/2025 8:09:21 AM,SONJA,Yes,35455
bullwaves-571312,571312,2287,35272,"User bullwaves-571312 was moved from affiliate 2287 to  affiliate 35272  With settings : Move media report stats , Move pre calculated commissions , Apply destination affiliate Revshare settings , Apply destination affiliate CPA Qualification",9/29/2025 7:42:26 PM,SONJA,Yes,35272
bullwaves-571512,571512,2287,35272,"User bullwaves-571512 was moved from affiliate 2287 to  affiliate 35272  With settings : Move media report stats , Move pre calculated commissions , Apply destination affiliate Revshare settings , Apply destination affiliate CPA Qualification",9/29/2025 4:34:38 PM,SONJA,Yes,35272
bullwaves-561049,561049,2287,35529,"User bullwaves-561049 was moved from affiliate 2287 to  affiliate 35529  With settings : Move media report stats , Move pre calculated commissions , Apply destination affiliate Revshare settings , Apply destination affiliate CPA Qualification",9/29/2025 2:55:07 PM,Partners,Yes,35529
bullwaves-567219,567219,2287,35180,"User bullwaves-567219 was moved from affiliate 2287 to  affiliate 35180  With settings : Move media report stats , Move pre calculated commissions , Apply destination affiliate Revshare settings , Apply destination affiliate CPA Qualification",9/29/2025 8:09:45 AM,SONJA,Yes,35180
bullwaves-509608,509608,2287,35394,"User bullwaves-509608 was moved from affiliate 2287 to  affiliate 35394  With settings : Move media report stats , Apply destination affiliate Revshare settings , Apply destination affiliate CPA Qualification",9/29/2025 7:25:57 AM,Partners,Yes,35394
bullwaves-560759,560759,2287,35427,"User bullwaves-560759 was moved from affiliate 2287 to  affiliate 35427  With settings : Move media report stats , Apply destination affiliate Revshare settings , Apply destination affiliate CPA Qualification",9/29/2025 6:42:44 AM,Partners,Yes,35427
bullwaves-556881,556881,2287,35427,"User bullwaves-556881 was moved from affiliate 2287 to  affiliate 35427  With settings : Move media report stats , Apply destination affiliate Revshare settings , Apply destination affiliate CPA Qualification",9/29/2025 6:42:15 AM,Partners,Yes,35427
bullwaves-557108,557108,2287,35427,"User bullwaves-557108 was moved from affiliate 2287 to  affiliate 35427  With settings : Move media report stats , Apply destination affiliate Revshare settings , Apply destination affiliate CPA Qualification",9/29/2025 6:41:43 AM,Partners,Yes,35427
bullwaves-554561,554561,2287,35427,"User bullwaves-554561 was moved from affiliate 2287 to  affiliate 35427  With settings : Move media report stats , Apply destination affiliate Revshare settings , Apply destination affiliate CPA Qualification",9/29/2025 6:41:07 AM,Partners,Yes,35427
bullwaves-205701,205701,35197,35273,"User bullwaves-205701 was moved from affiliate 35197 to  affiliate 35273  With settings : Apply destination affiliate Revshare settings , Apply destination affiliate CPA Qualification",9/29/2025 6:07:24 AM,Partners,Yes,35273
bullwaves-555676,555676,2287,35180,"User bullwaves-555676 was moved from affiliate 2287 to  affiliate 35180  With settings : Move media report stats , Move pre calculated commissions , Apply destination affiliate Revshare settings , Apply destination affiliate CPA Qualification",9/26/2025 8:19:32 PM,Partners,Yes,35180
bullwaves-538020,538020,2287,35112,"User bullwaves-538020 was moved from affiliate 2287 to  affiliate 35112  With settings : Move media report stats , Move pre calculated commissions , Apply destination affiliate Revshare settings , Apply destination affiliate CPA Qualification",9/26/2025 2:11:09 PM,SONJA,Yes,35112
bullwaves-558832,558832,2287,35273,"User bullwaves-558832 was moved from affiliate 2287 to  affiliate 35273  With settings : Move media report stats , Move pre calculated commissions , Apply destination affiliate Revshare settings , Apply destination affiliate CPA Qualification",9/26/2025 1:13:13 PM,SONJA,Yes,35273
bullwaves-551960,551960,35107,35263,"User bullwaves-551960 was moved from affiliate 35107 to  affiliate 35263  With settings : Move media report stats , Move pre calculated commissions , Apply destination affiliate Revshare settings , Apply destination affiliate CPA Qualification",9/26/2025 11:59:35 AM,Partners,Yes,35263
bullwaves-551960,551960,35263,35107,"User bullwaves-551960 was moved from affiliate 35263 to  affiliate 35107  With settings : Move media report stats , Move pre calculated commissions , Apply destination affiliate Revshare settings , Apply destination affiliate CPA Qualification",9/25/2025 6:14:36 PM,Partners,Yes,35107
bullwaves-555984,555984,35238,35529,"User bullwaves-555984 was moved from affiliate 35238 to  affiliate 35529  With settings : Move media report stats , Move pre calculated commissions , Apply destination affiliate Revshare settings , Apply destination affiliate CPA Qualification",9/25/2025 12:38:58 PM,Partners,Yes,35529
bullwaves-553353,553353,35238,35529,"User bullwaves-553353 was moved from affiliate 35238 to  affiliate 35529  With settings : Move media report stats , Move pre calculated commissions , Apply destination affiliate Revshare settings , Apply destination affiliate CPA Qualification",9/25/2025 12:35:57 PM,Partners,Yes,35529
bullwaves-552271,552271,35238,35529,"User bullwaves-552271 was moved from affiliate 35238 to  affiliate 35529  With settings : Move media report stats , Move pre calculated commissions , Apply destination affiliate Revshare settings , Apply destination affiliate CPA Qualification",9/25/2025 8:32:16 AM,Partners,Yes,35529
bullwaves-555748,555748,35238,35529,"User bullwaves-555748 was moved from affiliate 35238 to  affiliate 35529  With settings : Move media report stats , Move pre calculated commissions , Apply destination affiliate Revshare settings , Apply destination affiliate CPA Qualification",9/25/2025 8:30:40 AM,Partners,Yes,35529
bullwaves-553463,553463,35238,35529,"User bullwaves-553463 was moved from affiliate 35238 to  affiliate 35529  With settings : Move media report stats , Move pre calculated commissions , Apply destination affiliate Revshare settings , Apply destination affiliate CPA Qualification",9/25/2025 8:29:34 AM,Partners,Yes,35529
bullwaves-551627,551627,35238,35529,"User bullwaves-551627 was moved from affiliate 35238 to  affiliate 35529  With settings : Move media report stats , Move pre calculated commissions , Apply destination affiliate Revshare settings , Apply destination affiliate CPA Qualification",9/25/2025 8:28:11 AM,Partners,Yes,35529
bullwaves-550811,550811,35238,35529,"User bullwaves-550811 was moved from affiliate 35238 to  affiliate 35529  With settings : Move media report stats , Move pre calculated commissions , Apply destination affiliate Revshare settings , Apply destination affiliate CPA Qualification",9/25/2025 8:25:13 AM,Partners,Yes,35529
bullwaves-77756,77756,35171,35238,"User bullwaves-77756 was moved from affiliate 35171 to  affiliate 35238  With settings : Move media report stats , Move pre calculated commissions , Apply destination affiliate Revshare settings , Apply destination affiliate CPA Qualification",9/24/2025 2:44:07 PM,SONJA,Yes,35238
bullwaves-544832,544832,35270,35180,"User bullwaves-544832 was moved from affiliate 35270 to  affiliate 35180  With settings : Move media report stats , Move pre calculated commissions , Apply destination affiliate Revshare settings , Apply destination affiliate CPA Qualification",9/24/2025 9:40:27 AM,SONJA,Yes,35180
bullwaves-552302,552302,2287,35394,"User bullwaves-552302 was moved from affiliate 2287 to  affiliate 35394  With settings : Move media report stats , Apply destination affiliate Revshare settings , Apply destination affiliate CPA Qualification",9/24/2025 9:18:24 AM,Partners,Yes,35394
bullwaves-66449,66449,35283,35197,"User bullwaves-66449 was moved from affiliate 35283 to  affiliate 35197  With settings : Move media report stats , Move pre calculated commissions , Apply destination affiliate Revshare settings , Apply destination affiliate CPA Qualification",9/23/2025 2:33:18 PM,SONJA,Yes,35197
bullwaves-490606,490606,35180,35198,"User bullwaves-490606 was moved from affiliate 35180 to  affiliate 35198  With settings : Move media report stats , Move pre calculated commissions , Apply destination affiliate Revshare settings , Apply destination affiliate CPA Qualification",9/23/2025 2:02:30 PM,SONJA,Yes,35198
bullwaves-551993,551993,2287,35180,"User bullwaves-551993 was moved from affiliate 2287 to  affiliate 35180  With settings : Move media report stats , Move pre calculated commissions , Apply destination affiliate Revshare settings , Apply destination affiliate CPA Qualification",9/23/2025 10:29:34 AM,SONJA,Yes,35180
bullwaves-548692,548692,2287,35197,"User bullwaves-548692 was moved from affiliate 2287 to  affiliate 35197  With settings : Move media report stats , Move pre calculated commissions , Apply destination affiliate Revshare settings , Apply destination affiliate CPA Qualification",9/23/2025 9:13:38 AM,SONJA,Yes,35197
bullwaves-550087,550087,2287,35180,"User bullwaves-550087 was moved from affiliate 2287 to  affiliate 35180  With settings : Move media report stats , Move pre calculated commissions , Apply destination affiliate Revshare settings , Apply destination affiliate CPA Qualification",9/23/2025 8:13:21 AM,SONJA,Yes,35180
bullwaves-116092,116092,35180,35273,"User bullwaves-116092 was moved from affiliate 35180 to  affiliate 35273  With settings : Move media report stats , Move pre calculated commissions , Apply destination affiliate Revshare settings , Apply destination affiliate CPA Qualification",9/23/2025 6:22:40 AM,SONJA,Yes,35273
bullwaves-362601,362601,35197,35273,"User bullwaves-362601 was moved from affiliate 35197 to  affiliate 35273  With settings : Move media report stats , Apply destination affiliate Revshare settings , Apply destination affiliate CPA Qualification",9/23/2025 6:22:36 AM,Partners,Yes,35273
bullwaves-551367,551367,2287,35427,"User bullwaves-551367 was moved from affiliate 2287 to  affiliate 35427  With settings : Move media report stats , Apply destination affiliate Revshare settings , Apply destination affiliate CPA Qualification",9/23/2025 6:20:11 AM,Partners,Yes,35427
bullwaves-547920,547920,2287,35273,"User bullwaves-547920 was moved from affiliate 2287 to  affiliate 35273  With settings : Move media report stats , Move pre calculated commissions , Apply destination affiliate Revshare settings , Apply destination affiliate CPA Qualification",9/22/2025 2:11:21 PM,SONJA,Yes,35273
bullwaves-118021,118021,35197,35270,"User bullwaves-118021 was moved from affiliate 35197 to  affiliate 35270  With settings : Move media report stats , Move pre calculated commissions",9/22/2025 12:07:09 PM,SONJA,Yes,35270
bullwaves-541861,541861,2287,35197,"User bullwaves-541861 was moved from affiliate 2287 to  affiliate 35197  With settings : Move media report stats , Move pre calculated commissions , Apply destination affiliate Revshare settings , Apply destination affiliate CPA Qualification",9/22/2025 12:03:44 PM,SONJA,Yes,35197
bullwaves-523920,523920,2287,35197,"User bullwaves-523920 was moved from affiliate 2287 to  affiliate 35197  With settings : Move media report stats , Move pre calculated commissions , Apply destination affiliate Revshare settings , Apply destination affiliate CPA Qualification",9/22/2025 12:03:04 PM,SONJA,Yes,35197
bullwaves-507627,507627,2287,35197,"User bullwaves-507627 was moved from affiliate 2287 to  affiliate 35197  With settings : Move media report stats , Move pre calculated commissions , Apply destination affiliate Revshare settings , Apply destination affiliate CPA Qualification",9/22/2025 12:02:09 PM,SONJA,Yes,35197
bullwaves-463758,463758,2287,35197,"User bullwaves-463758 was moved from affiliate 2287 to  affiliate 35197  With settings : Move media report stats , Move pre calculated commissions , Apply destination affiliate Revshare settings , Apply destination affiliate CPA Qualification",9/22/2025 12:00:56 PM,SONJA,Yes,35197
bullwaves-490606,490606,35290,35180,"User bullwaves-490606 was moved from affiliate 35290 to  affiliate 35180  With settings : Move media report stats , Move pre calculated commissions , Apply destination affiliate Revshare settings , Apply destination affiliate CPA Qualification",9/22/2025 8:26:14 AM,SONJA,Yes,35180
bullwaves-548281,548281,2287,35427,"User bullwaves-548281 was moved from affiliate 2287 to  affiliate 35427  With settings : Move media report stats , Apply destination affiliate Revshare settings , Apply destination affiliate CPA Qualification",9/22/2025 7:56:43 AM,Partners,Yes,35427
bullwaves-503915,503915,2287,35273,"User bullwaves-503915 was moved from affiliate 2287 to  affiliate 35273  With settings : Move media report stats , Apply destination affiliate Revshare settings , Apply destination affiliate CPA Qualification",9/22/2025 7:19:25 AM,Partners,Yes,35273
bullwaves-506691,506691,2287,35270,"User bullwaves-506691 was moved from affiliate 2287 to  affiliate 35270  With settings : Move media report stats , Apply destination affiliate Revshare settings , Apply destination affiliate CPA Qualification",9/19/2025 6:53:57 PM,Partners,Yes,35270
bullwaves-339921,339921,2287,35060,"User bullwaves-339921 was moved from affiliate 2287 to  affiliate 35060  With settings : Move media report stats , Move pre calculated commissions , Apply destination affiliate Revshare settings , Apply destination affiliate CPA Qualification",9/19/2025 12:15:22 PM,SONJA,Yes,35060
bullwaves-540009,540009,2287,35175,"User bullwaves-540009 was moved from affiliate 2287 to  affiliate 35175  With settings : Move media report stats , Move pre calculated commissions , Apply destination affiliate Revshare settings , Apply destination affiliate CPA Qualification",9/18/2025 4:51:49 PM,Partners,Yes,35175
bullwaves-45376,45376,35283,35426,"User bullwaves-45376 was moved from affiliate 35283 to  affiliate 35426  With settings : Move media report stats , Move pre calculated commissions , Apply destination affiliate Revshare settings , Apply destination affiliate CPA Qualification",9/18/2025 2:01:04 PM,SONJA,Yes,35426
bullwaves-159050,159050,2287,35197,"User bullwaves-159050 was moved from affiliate 2287 to  affiliate 35197  With settings : Move media report stats , Move pre calculated commissions , Apply destination affiliate Revshare settings , Apply destination affiliate CPA Qualification",9/18/2025 1:45:21 PM,SONJA,Yes,35197
bullwaves-538487,538487,2287,35273,"User bullwaves-538487 was moved from affiliate 2287 to  affiliate 35273  With settings : Move media report stats , Move pre calculated commissions , Apply destination affiliate Revshare settings , Apply destination affiliate CPA Qualification",9/18/2025 1:05:04 PM,SONJA,Yes,35273
bullwaves-519393,519393,2287,35273,"User bullwaves-519393 was moved from affiliate 2287 to  affiliate 35273  With settings : Move media report stats , Move pre calculated commissions , Apply destination affiliate Revshare settings , Apply destination affiliate CPA Qualification",9/18/2025 1:04:59 PM,SONJA,Yes,35273
bullwaves-538329,538329,2287,35273,"User bullwaves-538329 was moved from affiliate 2287 to  affiliate 35273  With settings : Move media report stats , Move pre calculated commissions , Apply destination affiliate Revshare settings , Apply destination affiliate CPA Qualification",9/18/2025 12:46:10 PM,SONJA,Yes,35273
bullwaves-510077,510077,2287,35273,"User bullwaves-510077 was moved from affiliate 2287 to  affiliate 35273  With settings : Move media report stats , Move pre calculated commissions , Apply destination affiliate Revshare settings , Apply destination affiliate CPA Qualification",9/18/2025 10:44:52 AM,SONJA,Yes,35273
bullwaves-191890,191890,35224,35270,"User bullwaves-191890 was moved from affiliate 35224 to  affiliate 35270  With settings : Move media report stats , Apply destination affiliate Revshare settings , Apply destination affiliate CPA Qualification",9/18/2025 7:56:21 AM,Partners,Yes,35270
bullwaves-286672,286672,2287,35273,"User bullwaves-286672 was moved from affiliate 2287 to  affiliate 35273  With settings : Move media report stats , Move pre calculated commissions , Apply destination affiliate Revshare settings , Apply destination affiliate CPA Qualification",9/18/2025 7:28:30 AM,SONJA,Yes,35273
bullwaves-386721,386721,35197,35273,"User bullwaves-386721 was moved from affiliate 35197 to  affiliate 35273  With settings : Move media report stats , Move pre calculated commissions , Apply destination affiliate Revshare settings , Apply destination affiliate CPA Qualification",9/18/2025 7:27:20 AM,SONJA,Yes,35273
bullwaves-536621,536621,2287,35427,"User bullwaves-536621 was moved from affiliate 2287 to  affiliate 35427  With settings : Move media report stats , Apply destination affiliate Revshare settings , Apply destination affiliate CPA Qualification",9/18/2025 6:51:10 AM,Partners,Yes,35427
bullwaves-535833,535833,2287,35427,"User bullwaves-535833 was moved from affiliate 2287 to  affiliate 35427  With settings : Move media report stats , Apply destination affiliate Revshare settings , Apply destination affiliate CPA Qualification",9/18/2025 6:50:36 AM,Partners,Yes,35427
bullwaves-530684,530684,2287,35270,"User bullwaves-530684 was moved from affiliate 2287 to  affiliate 35270  With settings : Move media report stats , Apply destination affiliate Revshare settings , Apply destination affiliate CPA Qualification",9/17/2025 5:02:44 PM,Partners,Yes,35270
bullwaves-533075,533075,2287,35427,"User bullwaves-533075 was moved from affiliate 2287 to  affiliate 35427  With settings : Move media report stats , Apply destination affiliate Revshare settings , Apply destination affiliate CPA Qualification",9/16/2025 3:24:55 PM,Partners,Yes,35427
bullwaves-531045,531045,2287,35427,"User bullwaves-531045 was moved from affiliate 2287 to  affiliate 35427  With settings : Move media report stats , Apply destination affiliate Revshare settings , Apply destination affiliate CPA Qualification",9/16/2025 3:24:18 PM,Partners,Yes,35427
bullwaves-514368,514368,2287,35427,"User bullwaves-514368 was moved from affiliate 2287 to  affiliate 35427  With settings : Move media report stats , Apply destination affiliate Revshare settings , Apply destination affiliate CPA Qualification",9/16/2025 3:23:05 PM,Partners,Yes,35427
bullwaves-519608,519608,2287,35427,"User bullwaves-519608 was moved from affiliate 2287 to  affiliate 35427  With settings : Move media report stats , Apply destination affiliate Revshare settings , Apply destination affiliate CPA Qualification",9/16/2025 3:22:38 PM,Partners,Yes,35427
bullwaves-183556,183556,35112,35427,"User bullwaves-183556 was moved from affiliate 35112 to  affiliate 35427  With settings : Move media report stats , Apply destination affiliate Revshare settings , Apply destination affiliate CPA Qualification",9/16/2025 3:21:58 PM,Partners,Yes,35427
bullwaves-530837,530837,2287,35426,"User bullwaves-530837 was moved from affiliate 2287 to  affiliate 35426  With settings : Move media report stats , Move pre calculated commissions , Apply destination affiliate Revshare settings , Apply destination affiliate CPA Qualification",9/16/2025 2:45:47 PM,SONJA,Yes,35426
bullwaves-529681,529681,2287,35394,"User bullwaves-529681 was moved from affiliate 2287 to  affiliate 35394  With settings : Move media report stats , Move pre calculated commissions , Apply destination affiliate Revshare settings , Apply destination affiliate CPA Qualification",9/16/2025 2:42:08 PM,Partners,Yes,35394
bullwaves-528841,528841,2287,35228,"User bullwaves-528841 was moved from affiliate 2287 to  affiliate 35228  With settings : Move media report stats , Move pre calculated commissions , Apply destination affiliate Revshare settings , Apply destination affiliate CPA Qualification",9/16/2025 8:37:35 AM,Partners,Yes,35228
bullwaves-529788,529788,2287,35272,"User bullwaves-529788 was moved from affiliate 2287 to  affiliate 35272  With settings : Move media report stats , Move pre calculated commissions , Apply destination affiliate Revshare settings , Apply destination affiliate CPA Qualification",9/16/2025 7:22:15 AM,SONJA,Yes,35272
bullwaves-532086,532086,35273,35180,"User bullwaves-532086 was moved from affiliate 35273 to  affiliate 35180  With settings : Move media report stats , Move pre calculated commissions , Apply destination affiliate Revshare settings , Apply destination affiliate CPA Qualification",9/16/2025 7:20:08 AM,SONJA,Yes,35180
bullwaves-529044,529044,2287,35198,"User bullwaves-529044 was moved from affiliate 2287 to  affiliate 35198  With settings : Move media report stats , Move pre calculated commissions , Apply destination affiliate Revshare settings , Apply destination affiliate CPA Qualification",9/15/2025 11:59:30 AM,SONJA,Yes,35198
bullwaves-513539,513539,35270,35198,"User bullwaves-513539 was moved from affiliate 35270 to  affiliate 35198  With settings : Move media report stats , Move pre calculated commissions , Apply destination affiliate Revshare settings , Apply destination affiliate CPA Qualification",9/15/2025 9:12:49 AM,Partners,Yes,35198
bullwaves-455577,455577,2287,35180,"User bullwaves-455577 was moved from affiliate 2287 to  affiliate 35180  With settings : Move media report stats , Move pre calculated commissions , Apply destination affiliate Revshare settings , Apply destination affiliate CPA Qualification",9/15/2025 9:08:34 AM,SONJA,Yes,35180
bullwaves-527959,527959,2287,35060,"User bullwaves-527959 was moved from affiliate 2287 to  affiliate 35060  With settings : Move media report stats , Move pre calculated commissions , Apply destination affiliate Revshare settings , Apply destination affiliate CPA Qualification",9/15/2025 9:02:18 AM,SONJA,Yes,35060
bullwaves-431937,431937,35478,35180,"User bullwaves-431937 was moved from affiliate 35478 to  affiliate 35180  With settings : Move media report stats , Move pre calculated commissions , Apply destination affiliate Revshare settings , Apply destination affiliate CPA Qualification",9/15/2025 8:44:51 AM,Partners,Yes,35180
bullwaves-529291,529291,35445,35455,"User bullwaves-529291 was moved from affiliate 35445 to  affiliate 35455  With settings : Move media report stats , Move pre calculated commissions , Apply destination affiliate Revshare settings , Apply destination affiliate CPA Qualification",9/15/2025 8:33:32 AM,Partners,Yes,35455
bullwaves-342043,342043,35270,35112,"User bullwaves-342043 was moved from affiliate 35270 to  affiliate 35112  With settings : Move media report stats , Move pre calculated commissions , Apply destination affiliate Revshare settings , Apply destination affiliate CPA Qualification",9/15/2025 7:21:40 AM,SONJA,Yes,35112
bullwaves-527742,527742,2287,35180,"User bullwaves-527742 was moved from affiliate 2287 to  affiliate 35180  With settings : Move media report stats , Move pre calculated commissions , Apply destination affiliate Revshare settings , Apply destination affiliate CPA Qualification",9/15/2025 7:13:16 AM,SONJA,Yes,35180
bullwaves-510561,510561,2287,35290,"User bullwaves-510561 was moved from affiliate 2287 to  affiliate 35290  With settings : Move media report stats , Move pre calculated commissions , Apply destination affiliate Revshare settings , Apply destination affiliate CPA Qualification",9/12/2025 2:21:23 PM,SONJA,Yes,35290
bullwaves-186445,186445,35198,35426,"User bullwaves-186445 was moved from affiliate 35198 to  affiliate 35426  With settings : Move media report stats , Move pre calculated commissions , Apply destination affiliate Revshare settings , Apply destination affiliate CPA Qualification",9/12/2025 1:12:59 PM,SONJA,Yes,35426
bullwaves-524461,524461,2287,35272,"User bullwaves-524461 was moved from affiliate 2287 to  affiliate 35272  With settings : Move media report stats , Move pre calculated commissions , Apply destination affiliate Revshare settings , Apply destination affiliate CPA Qualification",9/12/2025 10:22:22 AM,SONJA,Yes,35272
bullwaves-203895,203895,35224,35198,"User bullwaves-203895 was moved from affiliate 35224 to  affiliate 35198  With settings : Move media report stats , Move pre calculated commissions , Apply destination affiliate Revshare settings , Apply destination affiliate CPA Qualification",9/11/2025 4:45:21 PM,Partners,Yes,35198
bullwaves-500056,500056,2287,35231,"User bullwaves-500056 was moved from affiliate 2287 to  affiliate 35231  With settings : Move media report stats , Move pre calculated commissions , Apply destination affiliate Revshare settings , Apply destination affiliate CPA Qualification",9/11/2025 1:19:09 PM,Partners,Yes,35231
bullwaves-521284,521284,2287,35273,"User bullwaves-521284 was moved from affiliate 2287 to  affiliate 35273  With settings : Move media report stats , Apply destination affiliate Revshare settings , Apply destination affiliate CPA Qualification",9/11/2025 8:05:17 AM,Partners,Yes,35273
bullwaves-386666,386666,2287,35270,"User bullwaves-386666 was moved from affiliate 2287 to  affiliate 35270  With settings : Move media report stats , Move pre calculated commissions , Apply destination affiliate Revshare settings , Apply destination affiliate CPA Qualification",9/11/2025 7:27:29 AM,SONJA,Yes,35270
bullwaves-332378,332378,35224,35290,"User bullwaves-332378 was moved from affiliate 35224 to  affiliate 35290  With settings : Move media report stats , Move pre calculated commissions , Apply destination affiliate Revshare settings , Apply destination affiliate CPA Qualification",9/11/2025 7:25:47 AM,SONJA,Yes,35290
,,,,A payment for the amount of 71530 was removed; Payment ID: 277 Payment Date: Mon Sep 08 2025 00:00:00 GMT+0000 (Coordinated Universal Time)  by admin: Partners,9/10/2025 1:55:56 PM,Partners,Yes,35180
bullwaves-450838,450838,2287,35224,"User bullwaves-450838 was moved from affiliate 2287 to  affiliate 35224  With settings : Move media report stats , Move pre calculated commissions , Apply destination affiliate Revshare settings , Apply destination affiliate CPA Qualification",9/10/2025 10:14:49 AM,SONJA,Yes,35224
bullwaves-509417,509417,2287,35427,"User bullwaves-509417 was moved from affiliate 2287 to  affiliate 35427  With settings : Move media report stats , Apply destination affiliate Revshare settings , Apply destination affiliate CPA Qualification",9/10/2025 8:33:20 AM,Partners,Yes,35427
bullwaves-516924,516924,2287,35427,"User bullwaves-516924 was moved from affiliate 2287 to  affiliate 35427  With settings : Move media report stats , Apply destination affiliate Revshare settings , Apply destination affiliate CPA Qualification",9/10/2025 8:32:41 AM,Partners,Yes,35427
bullwaves-511621,511621,35284,35475,"User bullwaves-511621 was moved from affiliate 35284 to  affiliate 35475  With settings : Move media report stats , Move pre calculated commissions , Apply destination affiliate Revshare settings , Apply destination affiliate CPA Qualification",9/9/2025 1:17:06 PM,SONJA,Yes,35475
bullwaves-483109,483109,2287,35228,"User bullwaves-483109 was moved from affiliate 2287 to  affiliate 35228  With settings : Move media report stats , Move pre calculated commissions , Apply destination affiliate Revshare settings , Apply destination affiliate CPA Qualification",9/8/2025 3:09:57 PM,SONJA,Yes,35228
bullwaves-506831,506831,2287,35427,"User bullwaves-506831 was moved from affiliate 2287 to  affiliate 35427  With settings : Move media report stats , Apply destination affiliate Revshare settings , Apply destination affiliate CPA Qualification",9/8/2025 1:10:48 PM,Partners,Yes,35427
bullwaves-509928,509928,2287,35180,"User bullwaves-509928 was moved from affiliate 2287 to  affiliate 35180  With settings : Move media report stats , Apply destination affiliate Revshare settings , Apply destination affiliate CPA Qualification",9/8/2025 5:54:33 AM,Partners,Yes,35180
bullwaves-213578,213578,2287,35273,"User bullwaves-213578 was moved from affiliate 2287 to  affiliate 35273  With settings : Move media report stats , Apply destination affiliate Revshare settings , Apply destination affiliate CPA Qualification",9/8/2025 5:49:05 AM,Partners,Yes,35273
bullwaves-509349,509349,2287,35273,"User bullwaves-509349 was moved from affiliate 2287 to  affiliate 35273  With settings : Move media report stats , Apply destination affiliate Revshare settings , Apply destination affiliate CPA Qualification",9/8/2025 5:48:13 AM,Partners,Yes,35273
bullwaves-501927,501927,2287,35198,"User bullwaves-501927 was moved from affiliate 2287 to  affiliate 35198  With settings : Move media report stats , Move pre calculated commissions , Apply destination affiliate Revshare settings , Apply destination affiliate CPA Qualification",9/5/2025 1:36:45 PM,SONJA,Yes,35198
bullwaves-482441,482441,2287,35180,"User bullwaves-482441 was moved from affiliate 2287 to  affiliate 35180  With settings : Move media report stats , Move pre calculated commissions , Apply destination affiliate Revshare settings , Apply destination affiliate CPA Qualification",9/4/2025 3:36:06 PM,SONJA,Yes,35180
bullwaves-497838,497838,2287,35290,"User bullwaves-497838 was moved from affiliate 2287 to  affiliate 35290  With settings : Move media report stats , Move pre calculated commissions , Apply destination affiliate Revshare settings , Apply destination affiliate CPA Qualification",9/4/2025 1:59:53 PM,SONJA,Yes,35290
bullwaves-431937,431937,2287,35478,"User bullwaves-431937 was moved from affiliate 2287 to  affiliate 35478  With settings : Move media report stats , Move pre calculated commissions , Apply destination affiliate Revshare settings , Apply destination affiliate CPA Qualification",9/4/2025 1:01:47 PM,Partners,Yes,35478
bullwaves-431937,431937,35180,2287,"User bullwaves-431937 was moved from affiliate 35180 to  affiliate 2287  With settings : Move media report stats , Move pre calculated commissions , Apply destination affiliate Revshare settings , Apply destination affiliate CPA Qualification",9/4/2025 12:58:37 PM,Partners,Yes,2287
bullwaves-499343,499343,2287,35394,"User bullwaves-499343 was moved from affiliate 2287 to  affiliate 35394  With settings : Move media report stats , Move pre calculated commissions , Apply destination affiliate Revshare settings , Apply destination affiliate CPA Qualification",9/4/2025 11:09:26 AM,Partners,Yes,35394
bullwaves-484482,484482,2287,35180,"User bullwaves-484482 was moved from affiliate 2287 to  affiliate 35180  With settings : Move media report stats , Move pre calculated commissions , Apply destination affiliate Revshare settings , Apply destination affiliate CPA Qualification",9/4/2025 9:38:17 AM,SONJA,Yes,35180
bullwaves-461432,461432,35272,35314,"User bullwaves-461432 was moved from affiliate 35272 to  affiliate 35314  With settings : Move media report stats , Move pre calculated commissions , Apply destination affiliate Revshare settings , Apply destination affiliate CPA Qualification",9/3/2025 12:30:39 PM,SONJA,Yes,35314
bullwaves-332336,332336,2287,35273,"User bullwaves-332336 was moved from affiliate 2287 to  affiliate 35273  With settings : Move media report stats , Move pre calculated commissions , Apply destination affiliate Revshare settings , Apply destination affiliate CPA Qualification",9/3/2025 8:39:13 AM,SONJA,Yes,35273
bullwaves-496479,496479,2287,35270,"User bullwaves-496479 was moved from affiliate 2287 to  affiliate 35270  With settings : Move media report stats , Apply destination affiliate Revshare settings , Apply destination affiliate CPA Qualification",9/3/2025 8:13:22 AM,Partners,Yes,35270
bullwaves-489080,489080,2287,35427,"User bullwaves-489080 was moved from affiliate 2287 to  affiliate 35427  With settings : Move media report stats , Apply destination affiliate Revshare settings , Apply destination affiliate CPA Qualification",9/2/2025 9:55:01 AM,Partners,Yes,35427
bullwaves-497809,497809,35224,35273,"User bullwaves-497809 was moved from affiliate 35224 to  affiliate 35273  With settings : Move media report stats , Move pre calculated commissions , Apply destination affiliate Revshare settings , Apply destination affiliate CPA Qualification",9/2/2025 8:27:54 AM,SONJA,Yes,35273
bullwaves-496615,496615,2287,35314,"User bullwaves-496615 was moved from affiliate 2287 to  affiliate 35314  With settings : Move media report stats , Move pre calculated commissions , Apply destination affiliate Revshare settings , Apply destination affiliate CPA Qualification",9/2/2025 7:39:56 AM,Partners,Yes,35314
bullwaves-55202,55202,35197,35270,"User bullwaves-55202 was moved from affiliate 35197 to  affiliate 35270  With settings : Move media report stats , Move pre calculated commissions , Apply destination affiliate Revshare settings , Apply destination affiliate CPA Qualification",9/1/2025 2:37:03 PM,SONJA,Yes,35270
bullwaves-490989,490989,35270,35224,"User bullwaves-490989 was moved from affiliate 35270 to  affiliate 35224  With settings : Move media report stats , Move pre calculated commissions , Apply destination affiliate Revshare settings , Apply destination affiliate CPA Qualification",9/1/2025 9:16:38 AM,SONJA,Yes,35224
bullwaves-493624,493624,2287,35273,"User bullwaves-493624 was moved from affiliate 2287 to  affiliate 35273  With settings : Move media report stats , Move pre calculated commissions , Apply destination affiliate Revshare settings , Apply destination affiliate CPA Qualification",9/1/2025 9:15:52 AM,SONJA,Yes,35273
bullwaves-492674,492674,2287,35272,"User bullwaves-492674 was moved from affiliate 2287 to  affiliate 35272  With settings : Move media report stats , Move pre calculated commissions , Apply destination affiliate Revshare settings , Apply destination affiliate CPA Qualification",9/1/2025 7:25:14 AM,SONJA,Yes,35272
bullwaves-484682,484682,2287,35272,"User bullwaves-484682 was moved from affiliate 2287 to  affiliate 35272  With settings : Move media report stats , Move pre calculated commissions , Apply destination affiliate Revshare settings , Apply destination affiliate CPA Qualification",9/1/2025 7:24:32 AM,SONJA,Yes,35272
bullwaves-183898,183898,35224,35284,"User bullwaves-183898 was moved from affiliate 35224 to  affiliate 35284  With settings : Move media report stats , Apply destination affiliate Revshare settings , Apply destination affiliate CPA Qualification",9/1/2025 6:23:54 AM,Partners,Yes,35284
bullwaves-478474,478474,2287,35180,"User bullwaves-478474 was moved from affiliate 2287 to  affiliate 35180  With settings : Move media report stats , Move pre calculated commissions , Apply destination affiliate Revshare settings , Apply destination affiliate CPA Qualification",8/30/2025 12:11:29 AM,Partners,Yes,35180
bullwaves-489140,489140,2287,35273,User bullwaves-489140 was moved from affiliate 2287 to  affiliate 35273  With settings : Move media report stats,8/29/2025 5:09:20 PM,Partners,Yes,35273
bullwaves-485197,485197,2287,35197,"User bullwaves-485197 was moved from affiliate 2287 to  affiliate 35197  With settings : Move media report stats , Apply destination affiliate Revshare settings , Apply destination affiliate CPA Qualification",8/29/2025 5:08:06 PM,Partners,Yes,35197
bullwaves-74364,74364,35283,35197,"User bullwaves-74364 was moved from affiliate 35283 to  affiliate 35197  With settings : Move media report stats , Apply destination affiliate Revshare settings , Apply destination affiliate CPA Qualification",8/29/2025 5:07:42 PM,Partners,Yes,35197
bullwaves-445223,445223,2287,35197,"User bullwaves-445223 was moved from affiliate 2287 to  affiliate 35197  With settings : Move media report stats , Apply destination affiliate Revshare settings , Apply destination affiliate CPA Qualification",8/29/2025 5:06:20 PM,Partners,Yes,35197
bullwaves-445273,445273,2287,35197,"User bullwaves-445273 was moved from affiliate 2287 to  affiliate 35197  With settings : Move media report stats , Apply destination affiliate Revshare settings , Apply destination affiliate CPA Qualification",8/29/2025 5:04:30 PM,Partners,Yes,35197
bullwaves-448028,448028,2287,35197,"User bullwaves-448028 was moved from affiliate 2287 to  affiliate 35197  With settings : Move media report stats , Apply destination affiliate Revshare settings , Apply destination affiliate CPA Qualification",8/29/2025 5:03:36 PM,Partners,Yes,35197
bullwaves-405103,405103,2287,35197,"User bullwaves-405103 was moved from affiliate 2287 to  affiliate 35197  With settings : Move media report stats , Apply destination affiliate Revshare settings , Apply destination affiliate CPA Qualification",8/29/2025 5:03:13 PM,Partners,Yes,35197
bullwaves-441567,441567,2287,35197,"User bullwaves-441567 was moved from affiliate 2287 to  affiliate 35197  With settings : Move media report stats , Apply destination affiliate Revshare settings , Apply destination affiliate CPA Qualification",8/29/2025 5:02:43 PM,Partners,Yes,35197
bullwaves-424698,424698,2287,35197,"User bullwaves-424698 was moved from affiliate 2287 to  affiliate 35197  With settings : Move media report stats , Apply destination affiliate Revshare settings , Apply destination affiliate CPA Qualification",8/29/2025 5:02:17 PM,Partners,Yes,35197
bullwaves-433949,433949,2287,35197,"User bullwaves-433949 was moved from affiliate 2287 to  affiliate 35197  With settings : Move media report stats , Apply destination affiliate Revshare settings , Apply destination affiliate CPA Qualification",8/29/2025 5:01:41 PM,Partners,Yes,35197
bullwaves-425419,425419,2287,35197,"User bullwaves-425419 was moved from affiliate 2287 to  affiliate 35197  With settings : Move media report stats , Apply destination affiliate Revshare settings , Apply destination affiliate CPA Qualification",8/29/2025 5:01:08 PM,Partners,Yes,35197
bullwaves-344957,344957,2287,35272,"User bullwaves-344957 was moved from affiliate 2287 to  affiliate 35272  With settings : Move media report stats , Move pre calculated commissions , Apply destination affiliate Revshare settings , Apply destination affiliate CPA Qualification",8/29/2025 2:31:42 PM,SONJA,Yes,35272
bullwaves-486798,486798,2287,35272,"User bullwaves-486798 was moved from affiliate 2287 to  affiliate 35272  With settings : Move media report stats , Move pre calculated commissions , Apply destination affiliate Revshare settings , Apply destination affiliate CPA Qualification",8/29/2025 7:55:34 AM,SONJA,Yes,35272
bullwaves-486888,486888,2287,35272,"User bullwaves-486888 was moved from affiliate 2287 to  affiliate 35272  With settings : Move media report stats , Move pre calculated commissions , Apply destination affiliate Revshare settings , Apply destination affiliate CPA Qualification",8/29/2025 7:54:36 AM,SONJA,Yes,35272
bullwaves-484090,484090,35060,35222,"User bullwaves-484090 was moved from affiliate 35060 to  affiliate 35222  With settings : Move media report stats , Move pre calculated commissions , Apply destination affiliate Revshare settings , Apply destination affiliate CPA Qualification",8/28/2025 4:39:47 PM,SONJA,Yes,35222
bullwaves-484300,484300,35060,35222,"User bullwaves-484300 was moved from affiliate 35060 to  affiliate 35222  With settings : Move media report stats , Move pre calculated commissions , Apply destination affiliate Revshare settings , Apply destination affiliate CPA Qualification",8/28/2025 4:39:37 PM,SONJA,Yes,35222
bullwaves-484355,484355,35060,35222,"User bullwaves-484355 was moved from affiliate 35060 to  affiliate 35222  With settings : Move media report stats , Move pre calculated commissions , Apply destination affiliate Revshare settings , Apply destination affiliate CPA Qualification",8/28/2025 4:39:27 PM,SONJA,Yes,35222
bullwaves-484448,484448,35060,35222,"User bullwaves-484448 was moved from affiliate 35060 to  affiliate 35222  With settings : Move media report stats , Move pre calculated commissions , Apply destination affiliate Revshare settings , Apply destination affiliate CPA Qualification",8/28/2025 4:39:15 PM,SONJA,Yes,35222
bullwaves-484664,484664,35060,35222,"User bullwaves-484664 was moved from affiliate 35060 to  affiliate 35222  With settings : Move media report stats , Move pre calculated commissions , Apply destination affiliate Revshare settings , Apply destination affiliate CPA Qualification",8/28/2025 4:39:03 PM,SONJA,Yes,35222
bullwaves-485219,485219,35060,35222,"User bullwaves-485219 was moved from affiliate 35060 to  affiliate 35222  With settings : Move media report stats , Move pre calculated commissions , Apply destination affiliate Revshare settings , Apply destination affiliate CPA Qualification",8/28/2025 4:38:50 PM,SONJA,Yes,35222
bullwaves-485894,485894,35060,35222,"User bullwaves-485894 was moved from affiliate 35060 to  affiliate 35222  With settings : Move media report stats , Move pre calculated commissions , Apply destination affiliate Revshare settings , Apply destination affiliate CPA Qualification",8/28/2025 4:38:40 PM,SONJA,Yes,35222
bullwaves-486082,486082,35060,35222,"User bullwaves-486082 was moved from affiliate 35060 to  affiliate 35222  With settings : Move media report stats , Move pre calculated commissions , Apply destination affiliate Revshare settings , Apply destination affiliate CPA Qualification",8/28/2025 4:38:26 PM,SONJA,Yes,35222
bullwaves-484090,484090,35222,35060,"User bullwaves-484090 was moved from affiliate 35222 to  affiliate 35060  With settings : Move media report stats , Move pre calculated commissions , Apply destination affiliate Revshare settings , Apply destination affiliate CPA Qualification",8/28/2025 3:38:34 PM,SONJA,Yes,35060
bullwaves-484300,484300,35222,35060,"User bullwaves-484300 was moved from affiliate 35222 to  affiliate 35060  With settings : Move media report stats , Move pre calculated commissions , Apply destination affiliate Revshare settings , Apply destination affiliate CPA Qualification",8/28/2025 3:38:16 PM,SONJA,Yes,35060
bullwaves-484355,484355,35222,35060,"User bullwaves-484355 was moved from affiliate 35222 to  affiliate 35060  With settings : Move media report stats , Move pre calculated commissions , Apply destination affiliate Revshare settings , Apply destination affiliate CPA Qualification",8/28/2025 3:37:53 PM,SONJA,Yes,35060
bullwaves-484448,484448,35222,35060,"User bullwaves-484448 was moved from affiliate 35222 to  affiliate 35060  With settings : Move media report stats , Move pre calculated commissions , Apply destination affiliate Revshare settings , Apply destination affiliate CPA Qualification",8/28/2025 3:37:34 PM,SONJA,Yes,35060
bullwaves-484664,484664,35222,35060,"User bullwaves-484664 was moved from affiliate 35222 to  affiliate 35060  With settings : Move media report stats , Move pre calculated commissions , Apply destination affiliate Revshare settings , Apply destination affiliate CPA Qualification",8/28/2025 3:37:16 PM,SONJA,Yes,35060
bullwaves-485219,485219,35222,35060,"User bullwaves-485219 was moved from affiliate 35222 to  affiliate 35060  With settings : Move media report stats , Move pre calculated commissions , Apply destination affiliate Revshare settings , Apply destination affiliate CPA Qualification",8/28/2025 3:36:49 PM,SONJA,Yes,35060
bullwaves-485894,485894,35222,35060,"User bullwaves-485894 was moved from affiliate 35222 to  affiliate 35060  With settings : Move media report stats , Move pre calculated commissions , Apply destination affiliate Revshare settings , Apply destination affiliate CPA Qualification",8/28/2025 3:35:40 PM,SONJA,Yes,35060
bullwaves-486082,486082,35222,35060,"User bullwaves-486082 was moved from affiliate 35222 to  affiliate 35060  With settings : Move media report stats , Move pre calculated commissions , Apply destination affiliate Revshare settings , Apply destination affiliate CPA Qualification",8/28/2025 3:35:09 PM,SONJA,Yes,35060
bullwaves-161175,161175,35224,35180,"User bullwaves-161175 was moved from affiliate 35224 to  affiliate 35180  With settings : Move media report stats , Apply destination affiliate Revshare settings , Apply destination affiliate CPA Qualification",8/28/2025 12:54:18 PM,Partners,Yes,35180
bullwaves-203895,203895,35198,35224,"User bullwaves-203895 was moved from affiliate 35198 to  affiliate 35224  With settings : Move media report stats , Move pre calculated commissions , Apply destination affiliate Revshare settings , Apply destination affiliate CPA Qualification",8/28/2025 12:45:35 PM,SONJA,Yes,35224
bullwaves-483698,483698,2287,35180,"User bullwaves-483698 was moved from affiliate 2287 to  affiliate 35180  With settings : Move media report stats , Move pre calculated commissions , Apply destination affiliate Revshare settings , Apply destination affiliate CPA Qualification",8/28/2025 7:18:30 AM,SONJA,Yes,35180
bullwaves-481261,481261,2287,35273,"User bullwaves-481261 was moved from affiliate 2287 to  affiliate 35273  With settings : Move media report stats , Move pre calculated commissions , Apply destination affiliate Revshare settings , Apply destination affiliate CPA Qualification",8/27/2025 3:44:24 PM,Partners,Yes,35273
bullwaves-482082,482082,2287,35273,"User bullwaves-482082 was moved from affiliate 2287 to  affiliate 35273  With settings : Move media report stats , Move pre calculated commissions , Apply destination affiliate Revshare settings , Apply destination affiliate CPA Qualification",8/27/2025 3:43:53 PM,Partners,Yes,35273
bullwaves-402894,402894,35180,35198,"User bullwaves-402894 was moved from affiliate 35180 to  affiliate 35198  With settings : Move media report stats , Move pre calculated commissions , Apply destination affiliate Revshare settings , Apply destination affiliate CPA Qualification",8/27/2025 2:15:19 PM,Partners,Yes,35198
bullwaves-481332,481332,2287,35180,"User bullwaves-481332 was moved from affiliate 2287 to  affiliate 35180  With settings : Move media report stats , Move pre calculated commissions , Apply destination affiliate Revshare settings , Apply destination affiliate CPA Qualification",8/27/2025 2:14:00 PM,Partners,Yes,35180
bullwaves-445948,445948,35272,35180,"User bullwaves-445948 was moved from affiliate 35272 to  affiliate 35180  With settings : Move media report stats , Apply destination affiliate Revshare settings , Apply destination affiliate CPA Qualification",8/27/2025 9:26:51 AM,Partners,Yes,35180
bullwaves-445940,445940,35197,35180,"User bullwaves-445940 was moved from affiliate 35197 to  affiliate 35180  With settings : Move media report stats , Apply destination affiliate Revshare settings , Apply destination affiliate CPA Qualification",8/27/2025 9:26:38 AM,Partners,Yes,35180
bullwaves-477268,477268,35270,35427,"User bullwaves-477268 was moved from affiliate 35270 to  affiliate 35427  With settings : Move media report stats , Apply destination affiliate Revshare settings , Apply destination affiliate CPA Qualification",8/27/2025 7:45:15 AM,Partners,Yes,35427
bullwaves-481738,481738,2287,35231,"User bullwaves-481738 was moved from affiliate 2287 to  affiliate 35231  With settings : Move media report stats , Move pre calculated commissions , Apply destination affiliate Revshare settings , Apply destination affiliate CPA Qualification",8/27/2025 7:39:54 AM,Partners,Yes,35231
bullwaves-480358,480358,2287,35180,"User bullwaves-480358 was moved from affiliate 2287 to  affiliate 35180  With settings : Move media report stats , Move pre calculated commissions , Apply destination affiliate Revshare settings , Apply destination affiliate CPA Qualification",8/26/2025 3:11:30 PM,SONJA,Yes,35180
bullwaves-455571,455571,2287,35180,"User bullwaves-455571 was moved from affiliate 2287 to  affiliate 35180  With settings : Move media report stats , Move pre calculated commissions , Apply destination affiliate Revshare settings , Apply destination affiliate CPA Qualification",8/26/2025 1:35:08 PM,SONJA,Yes,35180
bullwaves-474240,474240,35180,35198,"User bullwaves-474240 was moved from affiliate 35180 to  affiliate 35198  With settings : Move media report stats , Move pre calculated commissions , Apply destination affiliate Revshare settings , Apply destination affiliate CPA Qualification",8/26/2025 9:52:34 AM,SONJA,Yes,35198
bullwaves-474240,474240,35270,35180,"User bullwaves-474240 was moved from affiliate 35270 to  affiliate 35180  With settings : Move media report stats , Move pre calculated commissions , Apply destination affiliate Revshare settings , Apply destination affiliate CPA Qualification",8/26/2025 8:31:12 AM,SONJA,Yes,35180
bullwaves-470557,470557,2287,35270,"User bullwaves-470557 was moved from affiliate 2287 to  affiliate 35270  With settings : Move media report stats , Apply destination affiliate Revshare settings , Apply destination affiliate CPA Qualification",8/26/2025 7:40:19 AM,Partners,Yes,35270
bullwaves-372872,372872,35180,35270,"User bullwaves-372872 was moved from affiliate 35180 to  affiliate 35270  With settings : Move media report stats , Apply destination affiliate Revshare settings , Apply destination affiliate CPA Qualification",8/26/2025 7:39:48 AM,Partners,Yes,35270
bullwaves-477268,477268,2287,35270,"User bullwaves-477268 was moved from affiliate 2287 to  affiliate 35270  With settings : Move media report stats , Apply destination affiliate Revshare settings , Apply destination affiliate CPA Qualification",8/26/2025 7:38:55 AM,Partners,Yes,35270
bullwaves-474671,474671,2287,35180,"User bullwaves-474671 was moved from affiliate 2287 to  affiliate 35180  With settings : Move media report stats , Move pre calculated commissions , Apply destination affiliate Revshare settings , Apply destination affiliate CPA Qualification",8/26/2025 7:14:24 AM,SONJA,Yes,35180
bullwaves-476049,476049,2287,35180,"User bullwaves-476049 was moved from affiliate 2287 to  affiliate 35180  With settings : Move media report stats , Move pre calculated commissions , Apply destination affiliate Revshare settings , Apply destination affiliate CPA Qualification",8/26/2025 7:08:55 AM,SONJA,Yes,35180
bullwaves-474635,474635,2287,35290,"User bullwaves-474635 was moved from affiliate 2287 to  affiliate 35290  With settings : Move media report stats , Move pre calculated commissions , Apply destination affiliate Revshare settings , Apply destination affiliate CPA Qualification",8/25/2025 11:48:42 AM,Partners,Yes,35290
bullwaves-438472,438472,2287,35197,"User bullwaves-438472 was moved from affiliate 2287 to  affiliate 35197  With settings : Move media report stats , Move pre calculated commissions , Apply destination affiliate Revshare settings , Apply destination affiliate CPA Qualification",8/25/2025 5:29:44 AM,SONJA,Yes,35197
bullwaves-455296,455296,2287,35423,"User bullwaves-455296 was moved from affiliate 2287 to  affiliate 35423  With settings : Move media report stats , Move pre calculated commissions , Apply destination affiliate Revshare settings , Apply destination affiliate CPA Qualification",8/22/2025 3:11:24 PM,Partners,Yes,35423
bullwaves-471059,471059,2287,35180,"User bullwaves-471059 was moved from affiliate 2287 to  affiliate 35180  With settings : Move media report stats , Move pre calculated commissions , Apply destination affiliate Revshare settings , Apply destination affiliate CPA Qualification",8/22/2025 11:06:45 AM,SONJA,Yes,35180
bullwaves-471166,471166,2287,35180,"User bullwaves-471166 was moved from affiliate 2287 to  affiliate 35180  With settings : Move media report stats , Move pre calculated commissions , Apply destination affiliate Revshare settings , Apply destination affiliate CPA Qualification",8/22/2025 11:06:11 AM,SONJA,Yes,35180
bullwaves-444993,444993,2287,35448,"User bullwaves-444993 was moved from affiliate 2287 to  affiliate 35448  With settings : Move media report stats , Move pre calculated commissions , Apply destination affiliate Revshare settings , Apply destination affiliate CPA Qualification",8/22/2025 10:12:36 AM,SONJA,Yes,35448
bullwaves-255871,255871,35197,35281,"User bullwaves-255871 was moved from affiliate 35197 to  affiliate 35281  With settings : Move media report stats , Move pre calculated commissions , Apply destination affiliate Revshare settings , Apply destination affiliate CPA Qualification",8/22/2025 8:42:27 AM,SONJA,Yes,35281
bullwaves-255871,255871,35197,35281,"User bullwaves-255871 was moved from affiliate 35197 to  affiliate 35281  With settings : Move media report stats , Move pre calculated commissions , Apply destination affiliate Revshare settings , Apply destination affiliate CPA Qualification",8/22/2025 8:42:26 AM,SONJA,Yes,35197
bullwaves-467528,467528,2287,35256,"User bullwaves-467528 was moved from affiliate 2287 to  affiliate 35256  With settings : Move media report stats , Move pre calculated commissions , Apply destination affiliate Revshare settings , Apply destination affiliate CPA Qualification",8/22/2025 8:40:53 AM,Partners,Yes,35256
bullwaves-401038,401038,35290,35281,"User bullwaves-401038 was moved from affiliate 35290 to  affiliate 35281  With settings : Move media report stats , Move pre calculated commissions , Apply destination affiliate Revshare settings , Apply destination affiliate CPA Qualification",8/21/2025 1:43:50 PM,SONJA,Yes,35281
bullwaves-402894,402894,2287,35180,"User bullwaves-402894 was moved from affiliate 2287 to  affiliate 35180  With settings : Move media report stats , Move pre calculated commissions , Apply destination affiliate Revshare settings , Apply destination affiliate CPA Qualification",8/21/2025 9:03:38 AM,SONJA,Yes,35180
bullwaves-466432,466432,2287,35197,"User bullwaves-466432 was moved from affiliate 2287 to  affiliate 35197  With settings : Move media report stats , Move pre calculated commissions , Apply destination affiliate Revshare settings , Apply destination affiliate CPA Qualification",8/21/2025 7:30:22 AM,SONJA,Yes,35197
bullwaves-465048,465048,2287,35180,"User bullwaves-465048 was moved from affiliate 2287 to  affiliate 35180  With settings : Move media report stats , Apply destination affiliate Revshare settings , Apply destination affiliate CPA Qualification",8/20/2025 11:49:32 AM,Partners,Yes,35180
bullwaves-465041,465041,2287,35180,"User bullwaves-465041 was moved from affiliate 2287 to  affiliate 35180  With settings : Move media report stats , Apply destination affiliate Revshare settings , Apply destination affiliate CPA Qualification",8/20/2025 11:49:03 AM,Partners,Yes,35180
bullwaves-465041,465041,2287,35180,"User bullwaves-465041 was moved from affiliate 2287 to  affiliate 35180  With settings : Move media report stats , Apply destination affiliate Revshare settings , Apply destination affiliate CPA Qualification",8/20/2025 11:49:02 AM,Partners,Yes,2287
bullwaves-464946,464946,2287,35180,"User bullwaves-464946 was moved from affiliate 2287 to  affiliate 35180  With settings : Move media report stats , Apply destination affiliate Revshare settings , Apply destination affiliate CPA Qualification",8/20/2025 11:48:33 AM,Partners,Yes,35180
bullwaves-464879,464879,2287,35180,"User bullwaves-464879 was moved from affiliate 2287 to  affiliate 35180  With settings : Move media report stats , Apply destination affiliate Revshare settings , Apply destination affiliate CPA Qualification",8/20/2025 11:48:06 AM,Partners,Yes,35180
bullwaves-464517,464517,2287,35180,"User bullwaves-464517 was moved from affiliate 2287 to  affiliate 35180  With settings : Move media report stats , Apply destination affiliate Revshare settings , Apply destination affiliate CPA Qualification",8/20/2025 11:47:08 AM,Partners,Yes,35180
bullwaves-464517,464517,2287,35180,"User bullwaves-464517 was moved from affiliate 2287 to  affiliate 35180  With settings : Move media report stats , Apply destination affiliate Revshare settings , Apply destination affiliate CPA Qualification",8/20/2025 11:47:07 AM,Partners,Yes,2287
bullwaves-457083,457083,2287,35290,"User bullwaves-457083 was moved from affiliate 2287 to  affiliate 35290  With settings : Move media report stats , Move pre calculated commissions , Apply destination affiliate Revshare settings , Apply destination affiliate CPA Qualification",8/20/2025 11:15:31 AM,Partners,Yes,35290
bullwaves-464705,464705,2287,35180,"User bullwaves-464705 was moved from affiliate 2287 to  affiliate 35180  With settings : Move media report stats , Move pre calculated commissions , Apply destination affiliate Revshare settings , Apply destination affiliate CPA Qualification",8/20/2025 9:48:04 AM,SONJA,Yes,35180
bullwaves-464358,464358,2287,35180,"User bullwaves-464358 was moved from affiliate 2287 to  affiliate 35180  With settings : Move media report stats , Move pre calculated commissions , Apply destination affiliate Revshare settings , Apply destination affiliate CPA Qualification",8/19/2025 2:11:00 PM,SONJA,Yes,35180
bullwaves-423005,423005,2287,35198,"User bullwaves-423005 was moved from affiliate 2287 to  affiliate 35198  With settings : Move media report stats , Move pre calculated commissions , Apply destination affiliate Revshare settings , Apply destination affiliate CPA Qualification",8/19/2025 1:07:37 PM,SONJA,Yes,35198
bullwaves-425342,425342,2287,35180,"User bullwaves-425342 was moved from affiliate 2287 to  affiliate 35180  With settings : Move media report stats , Move pre calculated commissions , Apply destination affiliate Revshare settings , Apply destination affiliate CPA Qualification",8/19/2025 11:39:32 AM,SONJA,Yes,35180
bullwaves-451195,451195,2287,35435,"User bullwaves-451195 was moved from affiliate 2287 to  affiliate 35435  With settings : Move media report stats , Move pre calculated commissions , Apply destination affiliate Revshare settings , Apply destination affiliate CPA Qualification",8/19/2025 9:58:20 AM,Partners,Yes,35435
bullwaves-447969,447969,35423,35197,"User bullwaves-447969 was moved from affiliate 35423 to  affiliate 35197  With settings : Move media report stats , Move pre calculated commissions , Apply destination affiliate Revshare settings , Apply destination affiliate CPA Qualification",8/19/2025 9:24:13 AM,Partners,Yes,35197
bullwaves-445275,445275,35272,35197,"User bullwaves-445275 was moved from affiliate 35272 to  affiliate 35197  With settings : Move media report stats , Move pre calculated commissions , Apply destination affiliate Revshare settings , Apply destination affiliate CPA Qualification",8/19/2025 9:23:32 AM,Partners,Yes,35197
bullwaves-458912,458912,2287,35424,"User bullwaves-458912 was moved from affiliate 2287 to  affiliate 35424  With settings : Move media report stats , Move pre calculated commissions , Apply destination affiliate Revshare settings , Apply destination affiliate CPA Qualification",8/18/2025 7:54:17 AM,Partners,Yes,35424
bullwaves-456783,456783,2287,35180,"User bullwaves-456783 was moved from affiliate 2287 to  affiliate 35180  With settings : Move media report stats , Move pre calculated commissions , Apply destination affiliate Revshare settings , Apply destination affiliate CPA Qualification",8/15/2025 1:59:47 PM,SONJA,Yes,35180
bullwaves-445861,445861,2287,35281,"User bullwaves-445861 was moved from affiliate 2287 to  affiliate 35281  With settings : Move media report stats , Move pre calculated commissions , Apply destination affiliate Revshare settings , Apply destination affiliate CPA Qualification",8/15/2025 11:08:21 AM,SONJA,Yes,35281
bullwaves-120305,120305,35197,35427,"User bullwaves-120305 was moved from affiliate 35197 to  affiliate 35427  With settings : Move media report stats , Move pre calculated commissions , Apply destination affiliate Revshare settings , Apply destination affiliate CPA Qualification",8/15/2025 10:55:18 AM,SONJA,Yes,35427
bullwaves-90147,90147,35283,35270,"User bullwaves-90147 was moved from affiliate 35283 to  affiliate 35270  With settings : Move media report stats , Move pre calculated commissions , Apply destination affiliate Revshare settings , Apply destination affiliate CPA Qualification",8/15/2025 10:36:22 AM,SONJA,Yes,35270
bullwaves-451093,451093,2287,35270,"User bullwaves-451093 was moved from affiliate 2287 to  affiliate 35270  With settings : Move media report stats , Apply destination affiliate Revshare settings , Apply destination affiliate CPA Qualification",8/15/2025 10:25:30 AM,Partners,Yes,35270
bullwaves-444418,444418,2287,35180,"User bullwaves-444418 was moved from affiliate 2287 to  affiliate 35180  With settings : Move media report stats , Move pre calculated commissions , Apply destination affiliate Revshare settings , Apply destination affiliate CPA Qualification",8/15/2025 7:42:44 AM,SONJA,Yes,35180
bullwaves-448215,448215,2287,35423,"User bullwaves-448215 was moved from affiliate 2287 to  affiliate 35423  With settings : Move media report stats , Move pre calculated commissions , Apply destination affiliate Revshare settings , Apply destination affiliate CPA Qualification",8/14/2025 7:32:49 PM,Partners,Yes,35423
bullwaves-425048,425048,2287,35197,"User bullwaves-425048 was moved from affiliate 2287 to  affiliate 35197  With settings : Move media report stats , Move pre calculated commissions , Apply destination affiliate Revshare settings , Apply destination affiliate CPA Qualification",8/14/2025 10:23:39 AM,SONJA,Yes,35197
bullwaves-145793,145793,35197,35290,"User bullwaves-145793 was moved from affiliate 35197 to  affiliate 35290  With settings : Move media report stats , Apply destination affiliate Revshare settings , Apply destination affiliate CPA Qualification",8/14/2025 6:02:55 AM,Partners,Yes,35290
bullwaves-446494,446494,2287,35423,"User bullwaves-446494 was moved from affiliate 2287 to  affiliate 35423  With settings : Move media report stats , Move pre calculated commissions , Apply destination affiliate Revshare settings , Apply destination affiliate CPA Qualification",8/14/2025 5:36:50 AM,Partners,Yes,35423
bullwaves-449331,449331,2287,35198,"User bullwaves-449331 was moved from affiliate 2287 to  affiliate 35198  With settings : Move media report stats , Move pre calculated commissions , Apply destination affiliate Revshare settings , Apply destination affiliate CPA Qualification",8/13/2025 7:34:14 AM,SONJA,Yes,35198
bullwaves-430767,430767,2287,35270,"User bullwaves-430767 was moved from affiliate 2287 to  affiliate 35270  With settings : Move media report stats , Apply destination affiliate Revshare settings , Apply destination affiliate CPA Qualification",8/12/2025 8:59:08 AM,Partners,Yes,35270
bullwaves-293164,293164,2287,35270,"User bullwaves-293164 was moved from affiliate 2287 to  affiliate 35270  With settings : Move media report stats , Apply destination affiliate Revshare settings , Apply destination affiliate CPA Qualification",8/12/2025 8:58:35 AM,Partners,Yes,35270
bullwaves-183017,183017,35197,35270,"User bullwaves-183017 was moved from affiliate 35197 to  affiliate 35270  With settings : Move media report stats , Apply destination affiliate Revshare settings , Apply destination affiliate CPA Qualification",8/11/2025 11:13:39 AM,Partners,Yes,35270
bullwaves-444282,444282,2287,35180,"User bullwaves-444282 was moved from affiliate 2287 to  affiliate 35180  With settings : Move media report stats , Move pre calculated commissions , Apply destination affiliate Revshare settings , Apply destination affiliate CPA Qualification",8/11/2025 10:28:39 AM,SONJA,Yes,35180
bullwaves-432045,432045,2287,35403,"User bullwaves-432045 was moved from affiliate 2287 to  affiliate 35403  With settings : Move media report stats , Move pre calculated commissions , Apply destination affiliate Revshare settings , Apply destination affiliate CPA Qualification",8/9/2025 4:35:16 PM,Partners,Yes,35403
bullwaves-440311,440311,2287,35290,"User bullwaves-440311 was moved from affiliate 2287 to  affiliate 35290  With settings : Move media report stats , Apply destination affiliate Revshare settings , Apply destination affiliate CPA Qualification",8/8/2025 8:34:45 AM,Partners,Yes,35290
bullwaves-438284,438284,2287,35180,"User bullwaves-438284 was moved from affiliate 2287 to  affiliate 35180  With settings : Move media report stats , Move pre calculated commissions , Apply destination affiliate Revshare settings , Apply destination affiliate CPA Qualification",8/7/2025 11:03:17 AM,SONJA,Yes,35180
bullwaves-438284,438284,2287,35180,"User bullwaves-438284 was moved from affiliate 2287 to  affiliate 35180  With settings : Move media report stats , Move pre calculated commissions , Apply destination affiliate Revshare settings , Apply destination affiliate CPA Qualification",8/7/2025 11:03:16 AM,SONJA,Yes,2287
bullwaves-432886,432886,35411,35413,"User bullwaves-432886 was moved from affiliate 35411 to  affiliate 35413  With settings : Move media report stats , Move pre calculated commissions , Apply destination affiliate Revshare settings , Apply destination affiliate CPA Qualification",8/7/2025 8:20:48 AM,Partners,Yes,35413
bullwaves-438012,438012,2287,35422,"User bullwaves-438012 was moved from affiliate 2287 to  affiliate 35422  With settings : Move media report stats , Move pre calculated commissions , Apply destination affiliate Revshare settings , Apply destination affiliate CPA Qualification",8/7/2025 8:01:00 AM,Partners,Yes,35422
bullwaves-432886,432886,35413,35411,"User bullwaves-432886 was moved from affiliate 35413 to  affiliate 35411  With settings : Move media report stats , Move pre calculated commissions , Apply destination affiliate Revshare settings , Apply destination affiliate CPA Qualification",8/6/2025 3:16:34 PM,Partners,Yes,35411
bullwaves-203895,203895,35180,35198,"User bullwaves-203895 was moved from affiliate 35180 to  affiliate 35198  With settings : Move media report stats , Apply destination affiliate Revshare settings , Apply destination affiliate CPA Qualification",8/6/2025 11:13:25 AM,Partners,Yes,35198
bullwaves-436140,436140,2287,35197,"User bullwaves-436140 was moved from affiliate 2287 to  affiliate 35197  With settings : Move media report stats , Move pre calculated commissions , Apply destination affiliate Revshare settings , Apply destination affiliate CPA Qualification",8/6/2025 6:57:52 AM,SONJA,Yes,35197
bullwaves-203895,203895,35197,35180,"User bullwaves-203895 was moved from affiliate 35197 to  affiliate 35180  With settings : Move media report stats , Apply destination affiliate Revshare settings , Apply destination affiliate CPA Qualification",8/5/2025 4:50:32 PM,Partners,Yes,35180
bullwaves-433234,433234,2287,35284,"User bullwaves-433234 was moved from affiliate 2287 to  affiliate 35284  With settings : Move media report stats , Apply destination affiliate Revshare settings , Apply destination affiliate CPA Qualification",8/5/2025 2:22:10 PM,Partners,Yes,35284
bullwaves-404210,404210,2287,35180,"User bullwaves-404210 was moved from affiliate 2287 to  affiliate 35180  With settings : Move media report stats , Apply destination affiliate Revshare settings , Apply destination affiliate CPA Qualification",8/5/2025 10:29:09 AM,Partners,Yes,35180
bullwaves-424162,424162,2287,35228,"User bullwaves-424162 was moved from affiliate 2287 to  affiliate 35228  With settings : Move media report stats , Move pre calculated commissions , Apply destination affiliate Revshare settings , Apply destination affiliate CPA Qualification",8/4/2025 2:05:26 PM,SONJA,Yes,35228
bullwaves-431897,431897,2287,35270,"User bullwaves-431897 was moved from affiliate 2287 to  affiliate 35270  With settings : Move media report stats , Apply destination affiliate Revshare settings , Apply destination affiliate CPA Qualification",8/4/2025 10:05:05 AM,Partners,Yes,35270
bullwaves-351450,351450,2287,35290,"User bullwaves-351450 was moved from affiliate 2287 to  affiliate 35290  With settings : Move media report stats , Apply destination affiliate Revshare settings , Apply destination affiliate CPA Qualification",8/1/2025 11:30:43 AM,Partners,Yes,35290
bullwaves-47426,47426,35143,35180,"User bullwaves-47426 was moved from affiliate 35143 to  affiliate 35180  With settings : Move media report stats , Apply destination affiliate Revshare settings , Apply destination affiliate CPA Qualification",7/31/2025 10:49:38 AM,Partners,Yes,35180
bullwaves-258409,258409,2287,35180,"User bullwaves-258409 was moved from affiliate 2287 to  affiliate 35180  With settings : Move media report stats , Apply destination affiliate Revshare settings , Apply destination affiliate CPA Qualification",7/31/2025 10:47:46 AM,Partners,Yes,35180
bullwaves-420844,420844,2287,35228,"User bullwaves-420844 was moved from affiliate 2287 to  affiliate 35228  With settings : Move media report stats , Move pre calculated commissions , Apply destination affiliate Revshare settings , Apply destination affiliate CPA Qualification",7/31/2025 10:47:31 AM,SONJA,Yes,35228
bullwaves-424198,424198,2287,35180,"User bullwaves-424198 was moved from affiliate 2287 to  affiliate 35180  With settings : Move media report stats , Move pre calculated commissions , Apply destination affiliate Revshare settings , Apply destination affiliate CPA Qualification",7/31/2025 8:26:13 AM,SONJA,Yes,35180
bullwaves-264239,264239,2287,35272,"User bullwaves-264239 was moved from affiliate 2287 to  affiliate 35272  With settings : Move media report stats , Move pre calculated commissions , Apply destination affiliate Revshare settings , Apply destination affiliate CPA Qualification",7/30/2025 8:22:56 AM,Partners,Yes,35272
bullwaves-376838,376838,2287,35272,"User bullwaves-376838 was moved from affiliate 2287 to  affiliate 35272  With settings : Move media report stats , Move pre calculated commissions , Apply destination affiliate Revshare settings , Apply destination affiliate CPA Qualification",7/30/2025 8:22:36 AM,Partners,Yes,35272
bullwaves-415738,415738,2287,35272,"User bullwaves-415738 was moved from affiliate 2287 to  affiliate 35272  With settings : Move media report stats , Move pre calculated commissions , Apply destination affiliate Revshare settings , Apply destination affiliate CPA Qualification",7/30/2025 8:22:11 AM,Partners,Yes,35272
bullwaves-421241,421241,2287,35270,"User bullwaves-421241 was moved from affiliate 2287 to  affiliate 35270  With settings : Move media report stats , Apply destination affiliate Revshare settings , Apply destination affiliate CPA Qualification",7/29/2025 7:14:47 PM,Partners,Yes,35270
bullwaves-397753,397753,35272,35197,"User bullwaves-397753 was moved from affiliate 35272 to  affiliate 35197  With settings : Move media report stats , Apply destination affiliate Revshare settings , Apply destination affiliate CPA Qualification",7/29/2025 2:19:55 PM,Partners,Yes,35197
bullwaves-418125,418125,2287,35228,"User bullwaves-418125 was moved from affiliate 2287 to  affiliate 35228  With settings : Move media report stats , Move pre calculated commissions , Apply destination affiliate Revshare settings , Apply destination affiliate CPA Qualification",7/29/2025 9:45:27 AM,SONJA,Yes,35228
bullwaves-418099,418099,2287,35228,"User bullwaves-418099 was moved from affiliate 2287 to  affiliate 35228  With settings : Move media report stats , Move pre calculated commissions , Apply destination affiliate Revshare settings , Apply destination affiliate CPA Qualification",7/29/2025 6:51:14 AM,SONJA,Yes,35228
bullwaves-253443,253443,35224,35290,"User bullwaves-253443 was moved from affiliate 35224 to  affiliate 35290  With settings : Move media report stats , Apply destination affiliate Revshare settings , Apply destination affiliate CPA Qualification",7/29/2025 6:29:43 AM,Partners,Yes,35290
bullwaves-178903,178903,35143,35180,"User bullwaves-178903 was moved from affiliate 35143 to  affiliate 35180  With settings : Move media report stats , Move pre calculated commissions , Apply destination affiliate Revshare settings , Apply destination affiliate CPA Qualification",7/28/2025 1:36:47 PM,SONJA,Yes,35180
bullwaves-318371,318371,35281,35270,"User bullwaves-318371 was moved from affiliate 35281 to  affiliate 35270  With settings : Move media report stats , Move pre calculated commissions , Apply destination affiliate Revshare settings , Apply destination affiliate CPA Qualification",7/28/2025 8:52:02 AM,SONJA,Yes,35270
bullwaves-248015,248015,2287,35272,"User bullwaves-248015 was moved from affiliate 2287 to  affiliate 35272  With settings : Move media report stats , Move pre calculated commissions , Apply destination affiliate Revshare settings , Apply destination affiliate CPA Qualification",7/28/2025 7:23:18 AM,SONJA,Yes,35272
bullwaves-414232,414232,2287,35180,"User bullwaves-414232 was moved from affiliate 2287 to  affiliate 35180  With settings : Move media report stats , Move pre calculated commissions , Apply destination affiliate Revshare settings , Apply destination affiliate CPA Qualification",7/28/2025 5:26:56 AM,SONJA,Yes,35180
bullwaves-368297,368297,2287,35272,"User bullwaves-368297 was moved from affiliate 2287 to  affiliate 35272  With settings : Move media report stats , Move pre calculated commissions , Apply destination affiliate Revshare settings , Apply destination affiliate CPA Qualification",7/24/2025 7:50:34 AM,SONJA,Yes,35272
bullwaves-15991,15991,2287,35227,"User bullwaves-15991 was moved from affiliate 2287 to  affiliate 35227  With settings : Move media report stats , Move pre calculated commissions , Apply destination affiliate Revshare settings , Apply destination affiliate CPA Qualification",7/23/2025 1:16:29 PM,SONJA,Yes,35227
bullwaves-364734,364734,2287,35180,"User bullwaves-364734 was moved from affiliate 2287 to  affiliate 35180  With settings : Move media report stats , Move pre calculated commissions , Apply destination affiliate Revshare settings , Apply destination affiliate CPA Qualification",7/23/2025 8:55:30 AM,SONJA,Yes,35180
bullwaves-407238,407238,2287,35180,"User bullwaves-407238 was moved from affiliate 2287 to  affiliate 35180  With settings : Move media report stats , Move pre calculated commissions , Apply destination affiliate Revshare settings , Apply destination affiliate CPA Qualification",7/23/2025 8:54:38 AM,SONJA,Yes,35180
bullwaves-396891,396891,2287,35272,"User bullwaves-396891 was moved from affiliate 2287 to  affiliate 35272  With settings : Move media report stats , Move pre calculated commissions , Apply destination affiliate Revshare settings , Apply destination affiliate CPA Qualification",7/23/2025 8:51:29 AM,SONJA,Yes,35272
bullwaves-16858,16858,2287,35254,"User bullwaves-16858 was moved from affiliate 2287 to  affiliate 35254  With settings : Move media report stats , Move pre calculated commissions , Apply destination affiliate Revshare settings , Apply destination affiliate CPA Qualification",7/23/2025 7:12:05 AM,Partners,Yes,35254
bullwaves-386986,386986,2287,35224,"User bullwaves-386986 was moved from affiliate 2287 to  affiliate 35224  With settings : Move media report stats , Move pre calculated commissions , Apply destination affiliate Revshare settings , Apply destination affiliate CPA Qualification",7/22/2025 8:21:55 AM,SONJA,Yes,35224
bullwaves-386740,386740,35138,35256,"User bullwaves-386740 was moved from affiliate 35138 to  affiliate 35256  With settings : Move media report stats , Move pre calculated commissions , Apply destination affiliate Revshare settings , Apply destination affiliate CPA Qualification",7/21/2025 1:37:33 PM,Partners,Yes,35256
bullwaves-374672,374672,2287,35197,"User bullwaves-374672 was moved from affiliate 2287 to  affiliate 35197  With settings : Move media report stats , Move pre calculated commissions , Apply destination affiliate Revshare settings , Apply destination affiliate CPA Qualification",7/21/2025 8:58:58 AM,SONJA,Yes,35197
bullwaves-393788,393788,2287,35197,"User bullwaves-393788 was moved from affiliate 2287 to  affiliate 35197  With settings : Move media report stats , Move pre calculated commissions , Apply destination affiliate Revshare settings , Apply destination affiliate CPA Qualification",7/21/2025 7:51:52 AM,SONJA,Yes,35197
bullwaves-231021,231021,35272,35197,"User bullwaves-231021 was moved from affiliate 35272 to  affiliate 35197  With settings : Move media report stats , Move pre calculated commissions , Apply destination affiliate Revshare settings , Apply destination affiliate CPA Qualification",7/21/2025 7:48:30 AM,SONJA,Yes,35197
bullwaves-365125,365125,2287,35197,"User bullwaves-365125 was moved from affiliate 2287 to  affiliate 35197  With settings : Move media report stats , Move pre calculated commissions , Apply destination affiliate Revshare settings , Apply destination affiliate CPA Qualification",7/21/2025 7:47:12 AM,SONJA,Yes,35197
bullwaves-365125,365125,2287,35197,"User bullwaves-365125 was moved from affiliate 2287 to  affiliate 35197  With settings : Move media report stats , Move pre calculated commissions , Apply destination affiliate Revshare settings , Apply destination affiliate CPA Qualification",7/21/2025 7:47:11 AM,SONJA,Yes,2287
bullwaves-328007,328007,2287,35197,"User bullwaves-328007 was moved from affiliate 2287 to  affiliate 35197  With settings : Move media report stats , Move pre calculated commissions , Apply destination affiliate Revshare settings , Apply destination affiliate CPA Qualification",7/21/2025 7:46:42 AM,SONJA,Yes,35197
bullwaves-395983,395983,2287,35197,"User bullwaves-395983 was moved from affiliate 2287 to  affiliate 35197  With settings : Move media report stats , Move pre calculated commissions , Apply destination affiliate Revshare settings , Apply destination affiliate CPA Qualification",7/21/2025 7:44:04 AM,SONJA,Yes,35197
bullwaves-397121,397121,2287,35272,"User bullwaves-397121 was moved from affiliate 2287 to  affiliate 35272  With settings : Move media report stats , Move pre calculated commissions , Apply destination affiliate Revshare settings , Apply destination affiliate CPA Qualification",7/21/2025 7:07:03 AM,SONJA,Yes,35272
bullwaves-394745,394745,2287,35302,"User bullwaves-394745 was moved from affiliate 2287 to  affiliate 35302  With settings : Move media report stats , Move pre calculated commissions , Apply destination affiliate Revshare settings , Apply destination affiliate CPA Qualification",7/17/2025 10:53:34 AM,Partners,Yes,35302
bullwaves-392573,392573,2287,35228,"User bullwaves-392573 was moved from affiliate 2287 to  affiliate 35228  With settings : Move media report stats , Move pre calculated commissions , Apply destination affiliate Revshare settings , Apply destination affiliate CPA Qualification",7/16/2025 12:07:29 PM,SONJA,Yes,35228
bullwaves-281741,281741,2287,35270,"User bullwaves-281741 was moved from affiliate 2287 to  affiliate 35270  With settings : Move media report stats , Apply destination affiliate Revshare settings , Apply destination affiliate CPA Qualification",7/16/2025 11:20:54 AM,Partners,Yes,35270
bullwaves-392139,392139,2287,35180,"User bullwaves-392139 was moved from affiliate 2287 to  affiliate 35180  With settings : Move media report stats , Move pre calculated commissions , Apply destination affiliate Revshare settings , Apply destination affiliate CPA Qualification",7/15/2025 2:50:22 PM,SONJA,Yes,35180
bullwaves-237617,237617,2287,35197,"User bullwaves-237617 was moved from affiliate 2287 to  affiliate 35197  With settings : Move media report stats , Move pre calculated commissions , Apply destination affiliate Revshare settings , Apply destination affiliate CPA Qualification",7/15/2025 2:18:35 PM,SONJA,Yes,35197
bullwaves-275070,275070,35270,35256,"User bullwaves-275070 was moved from affiliate 35270 to  affiliate 35256  With settings : Move media report stats , Move pre calculated commissions , Apply destination affiliate Revshare settings , Apply destination affiliate CPA Qualification",7/14/2025 10:50:38 AM,SONJA,Yes,35256
bullwaves-383101,383101,2287,35228,"User bullwaves-383101 was moved from affiliate 2287 to  affiliate 35228  With settings : Move media report stats , Move pre calculated commissions , Apply destination affiliate Revshare settings , Apply destination affiliate CPA Qualification",7/11/2025 5:33:56 AM,SONJA,Yes,35228
bullwaves-351352,351352,2287,35180,"User bullwaves-351352 was moved from affiliate 2287 to  affiliate 35180  With settings : Move media report stats , Move pre calculated commissions , Apply destination affiliate Revshare settings , Apply destination affiliate CPA Qualification",7/9/2025 7:09:25 AM,SONJA,Yes,35180
bullwaves-376213,376213,2287,35224,"User bullwaves-376213 was moved from affiliate 2287 to  affiliate 35224  With settings : Move media report stats , Move pre calculated commissions , Apply destination affiliate Revshare settings , Apply destination affiliate CPA Qualification",7/9/2025 7:08:33 AM,SONJA,Yes,35224
bullwaves-364285,364285,2287,35290,"User bullwaves-364285 was moved from affiliate 2287 to  affiliate 35290  With settings : Move media report stats , Apply destination affiliate Revshare settings , Apply destination affiliate CPA Qualification",7/7/2025 8:18:47 PM,Partners,Yes,35290
bullwaves-252270,252270,2287,35272,"User bullwaves-252270 was moved from affiliate 2287 to  affiliate 35272  With settings : Move media report stats , Apply destination affiliate Revshare settings , Apply destination affiliate CPA Qualification",7/7/2025 8:16:11 PM,Partners,Yes,35272
bullwaves-366532,366532,2287,35272,"User bullwaves-366532 was moved from affiliate 2287 to  affiliate 35272  With settings : Move media report stats , Move pre calculated commissions , Apply destination affiliate Revshare settings , Apply destination affiliate CPA Qualification",7/7/2025 4:31:59 PM,SONJA,Yes,35272
bullwaves-375615,375615,35197,35180,"User bullwaves-375615 was moved from affiliate 35197 to  affiliate 35180  With settings : Move media report stats , Move pre calculated commissions , Apply destination affiliate Revshare settings , Apply destination affiliate CPA Qualification",7/7/2025 3:27:09 PM,SONJA,Yes,35180
bullwaves-372621,372621,2287,35290,"User bullwaves-372621 was moved from affiliate 2287 to  affiliate 35290  With settings : Move media report stats , Apply destination affiliate Revshare settings , Apply destination affiliate CPA Qualification",7/7/2025 6:29:44 AM,Partners,Yes,35290
bullwaves-371531,371531,2287,35290,"User bullwaves-371531 was moved from affiliate 2287 to  affiliate 35290  With settings : Move media report stats , Apply destination affiliate Revshare settings , Apply destination affiliate CPA Qualification",7/7/2025 6:28:50 AM,Partners,Yes,35290
bullwaves-372268,372268,2287,35290,"User bullwaves-372268 was moved from affiliate 2287 to  affiliate 35290  With settings : Move media report stats , Apply destination affiliate Revshare settings , Apply destination affiliate CPA Qualification",7/7/2025 6:27:32 AM,Partners,Yes,35290
bullwaves-371505,371505,2287,35290,"User bullwaves-371505 was moved from affiliate 2287 to  affiliate 35290  With settings : Move media report stats , Apply destination affiliate Revshare settings , Apply destination affiliate CPA Qualification",7/7/2025 6:26:31 AM,Partners,Yes,35290
bullwaves-315444,315444,35290,35281,"User bullwaves-315444 was moved from affiliate 35290 to  affiliate 35281  With settings : Move media report stats , Apply destination affiliate Revshare settings , Apply destination affiliate CPA Qualification",7/7/2025 6:21:41 AM,Partners,Yes,35281
bullwaves-107856,107856,35197,35270,"User bullwaves-107856 was moved from affiliate 35197 to  affiliate 35270  With settings : Move media report stats , Apply destination affiliate Revshare settings , Apply destination affiliate CPA Qualification",7/2/2025 7:37:25 PM,Partners,Yes,35270
bullwaves-358119,358119,2287,35180,"User bullwaves-358119 was moved from affiliate 2287 to  affiliate 35180  With settings : Move media report stats , Move pre calculated commissions , Apply destination affiliate Revshare settings , Apply destination affiliate CPA Qualification",7/2/2025 3:10:15 PM,SONJA,Yes,35180
bullwaves-357728,357728,2287,35227,"User bullwaves-357728 was moved from affiliate 2287 to  affiliate 35227  With settings : Move media report stats , Move pre calculated commissions , Apply destination affiliate Revshare settings , Apply destination affiliate CPA Qualification",7/2/2025 2:55:42 PM,SONJA,Yes,35227
bullwaves-365952,365952,2287,35256,"User bullwaves-365952 was moved from affiliate 2287 to  affiliate 35256  With settings : Move media report stats , Move pre calculated commissions , Apply destination affiliate Revshare settings , Apply destination affiliate CPA Qualification",7/2/2025 1:16:39 PM,Partners,Yes,35256
bullwaves-338472,338472,2287,35112,"User bullwaves-338472 was moved from affiliate 2287 to  affiliate 35112  With settings : Move media report stats , Move pre calculated commissions , Apply destination affiliate Revshare settings , Apply destination affiliate CPA Qualification",7/2/2025 8:52:18 AM,SONJA,Yes,35112
bullwaves-322105,322105,2287,35254,"User bullwaves-322105 was moved from affiliate 2287 to  affiliate 35254  With settings : Move media report stats , Move pre calculated commissions , Apply destination affiliate Revshare settings , Apply destination affiliate CPA Qualification",7/1/2025 9:34:46 AM,Partners,Yes,35254
bullwaves-349789,349789,2287,35290,"User bullwaves-349789 was moved from affiliate 2287 to  affiliate 35290  With settings : Move media report stats , Apply destination affiliate Revshare settings , Apply destination affiliate CPA Qualification",6/26/2025 4:19:40 PM,Partners,Yes,35290
bullwaves-352224,352224,2287,35180,"User bullwaves-352224 was moved from affiliate 2287 to  affiliate 35180  With settings : Move media report stats , Move pre calculated commissions , Apply destination affiliate Revshare settings , Apply destination affiliate CPA Qualification",6/26/2025 9:01:53 AM,SONJA,Yes,35180
bullwaves-168466,168466,35198,35270,"User bullwaves-168466 was moved from affiliate 35198 to  affiliate 35270  With settings : Move media report stats , Apply destination affiliate Revshare settings , Apply destination affiliate CPA Qualification",6/25/2025 12:11:39 PM,Partners,Yes,35270
bullwaves-349467,349467,2287,35060,"User bullwaves-349467 was moved from affiliate 2287 to  affiliate 35060  With settings : Move media report stats , Move pre calculated commissions , Apply destination affiliate Revshare settings , Apply destination affiliate CPA Qualification",6/25/2025 8:41:44 AM,SONJA,Yes,35060
bullwaves-349467,349467,2287,35060,"User bullwaves-349467 was moved from affiliate 2287 to  affiliate 35060  With settings : Move media report stats , Move pre calculated commissions , Apply destination affiliate Revshare settings , Apply destination affiliate CPA Qualification",6/25/2025 8:41:43 AM,SONJA,Yes,2287
bullwaves-344398,344398,2287,35348,"User bullwaves-344398 was moved from affiliate 2287 to  affiliate 35348  With settings : Move media report stats , Apply destination affiliate Revshare settings , Apply destination affiliate CPA Qualification",6/24/2025 5:41:35 PM,Partners,Yes,35348
bullwaves-344398,344398,2287,35348,"User bullwaves-344398 was moved from affiliate 2287 to  affiliate 35348  With settings : Move media report stats , Apply destination affiliate Revshare settings , Apply destination affiliate CPA Qualification",6/24/2025 5:41:34 PM,Partners,Yes,2287
bullwaves-334158,334158,2287,35256,"User bullwaves-334158 was moved from affiliate 2287 to  affiliate 35256  With settings : Move media report stats , Move pre calculated commissions , Apply destination affiliate Revshare settings , Apply destination affiliate CPA Qualification",6/24/2025 3:45:42 PM,Partners,Yes,35256
bullwaves-342577,342577,2287,35180,"User bullwaves-342577 was moved from affiliate 2287 to  affiliate 35180  With settings : Move media report stats , Apply destination affiliate Revshare settings , Apply destination affiliate CPA Qualification",6/23/2025 7:42:38 PM,Partners,Yes,35180
bullwaves-139434,139434,35107,35270,"User bullwaves-139434 was moved from affiliate 35107 to  affiliate 35270  With settings : Move media report stats , Apply destination affiliate Revshare settings , Apply destination affiliate CPA Qualification",6/23/2025 7:39:37 PM,Partners,Yes,35270
bullwaves-344320,344320,2287,35180,"User bullwaves-344320 was moved from affiliate 2287 to  affiliate 35180  With settings : Move media report stats , Apply destination affiliate Revshare settings , Apply destination affiliate CPA Qualification",6/23/2025 9:40:41 AM,Partners,Yes,35180
bullwaves-341156,341156,2287,35290,"User bullwaves-341156 was moved from affiliate 2287 to  affiliate 35290  With settings : Move media report stats , Move pre calculated commissions , Apply destination affiliate Revshare settings , Apply destination affiliate CPA Qualification",6/23/2025 9:11:25 AM,SONJA,Yes,35290
bullwaves-78510,78510,35171,35227,"User bullwaves-78510 was moved from affiliate 35171 to  affiliate 35227  With settings : Move media report stats , Apply destination affiliate Revshare settings , Apply destination affiliate CPA Qualification",6/19/2025 8:01:08 AM,Partners,Yes,35227
bullwaves-271309,271309,35197,35290,"User bullwaves-271309 was moved from affiliate 35197 to  affiliate 35290  With settings : Move media report stats , Move pre calculated commissions , Apply destination affiliate Revshare settings , Apply destination affiliate CPA Qualification",6/17/2025 12:37:44 PM,SONJA,Yes,35290
bullwaves-323931,323931,35270,35281,"User bullwaves-323931 was moved from affiliate 35270 to  affiliate 35281  With settings : Move media report stats , Apply destination affiliate Revshare settings , Apply destination affiliate CPA Qualification",6/17/2025 9:51:46 AM,Partners,Yes,35281
bullwaves-328283,328283,2287,35227,"User bullwaves-328283 was moved from affiliate 2287 to  affiliate 35227  With settings : Move media report stats , Move pre calculated commissions , Apply destination affiliate Revshare settings , Apply destination affiliate CPA Qualification",6/17/2025 8:22:17 AM,SONJA,Yes,35227
bullwaves-327503,327503,2287,35348,"User bullwaves-327503 was moved from affiliate 2287 to  affiliate 35348  With settings : Move media report stats , Apply destination affiliate Revshare settings , Apply destination affiliate CPA Qualification",6/16/2025 10:31:47 AM,Partners,Yes,35348
bullwaves-322053,322053,2287,35335,"User bullwaves-322053 was moved from affiliate 2287 to  affiliate 35335  With settings : Move media report stats , Apply destination affiliate Revshare settings , Apply destination affiliate CPA Qualification",6/16/2025 10:29:13 AM,Partners,Yes,35335
bullwaves-323382,323382,2287,35348,"User bullwaves-323382 was moved from affiliate 2287 to  affiliate 35348  With settings : Move media report stats , Apply destination affiliate Revshare settings , Apply destination affiliate CPA Qualification",6/16/2025 10:21:28 AM,Partners,Yes,35348
bullwaves-325901,325901,2287,35348,"User bullwaves-325901 was moved from affiliate 2287 to  affiliate 35348  With settings : Move media report stats , Apply destination affiliate Revshare settings , Apply destination affiliate CPA Qualification",6/16/2025 10:18:42 AM,Partners,Yes,35348
bullwaves-326180,326180,2287,35348,"User bullwaves-326180 was moved from affiliate 2287 to  affiliate 35348  With settings : Move media report stats , Apply destination affiliate Revshare settings , Apply destination affiliate CPA Qualification",6/16/2025 10:16:36 AM,Partners,Yes,35348
bullwaves-319549,319549,2287,35307,"User bullwaves-319549 was moved from affiliate 2287 to  affiliate 35307  With settings : Move media report stats , Apply destination affiliate Revshare settings , Apply destination affiliate CPA Qualification",6/16/2025 8:14:54 AM,Partners,Yes,35307
bullwaves-321999,321999,2287,35307,"User bullwaves-321999 was moved from affiliate 2287 to  affiliate 35307  With settings : Move media report stats , Apply destination affiliate Revshare settings , Apply destination affiliate CPA Qualification",6/16/2025 8:14:21 AM,Partners,Yes,35307
bullwaves-324776,324776,2287,35180,"User bullwaves-324776 was moved from affiliate 2287 to  affiliate 35180  With settings : Move media report stats , Move pre calculated commissions , Apply destination affiliate Revshare settings , Apply destination affiliate CPA Qualification",6/16/2025 7:22:21 AM,SONJA,Yes,35180
bullwaves-311507,311507,2287,35060,"User bullwaves-311507 was moved from affiliate 2287 to  affiliate 35060  With settings : Move media report stats , Move pre calculated commissions , Apply destination affiliate Revshare settings , Apply destination affiliate CPA Qualification",6/16/2025 7:10:45 AM,SONJA,Yes,35060
bullwaves-322343,322343,2287,35060,"User bullwaves-322343 was moved from affiliate 2287 to  affiliate 35060  With settings : Move media report stats , Move pre calculated commissions , Apply destination affiliate Revshare settings , Apply destination affiliate CPA Qualification",6/16/2025 7:10:09 AM,SONJA,Yes,35060
bullwaves-259739,259739,35197,35198,"User bullwaves-259739 was moved from affiliate 35197 to  affiliate 35198  With settings : Move media report stats , Move pre calculated commissions , Apply destination affiliate Revshare settings , Apply destination affiliate CPA Qualification",6/13/2025 8:58:27 AM,SONJA,Yes,35198
bullwaves-312671,312671,2287,35281,"User bullwaves-312671 was moved from affiliate 2287 to  affiliate 35281  With settings : Move media report stats , Move pre calculated commissions , Apply destination affiliate Revshare settings , Apply destination affiliate CPA Qualification",6/12/2025 1:01:28 PM,SONJA,Yes,35281
bullwaves-310998,310998,2287,35228,"User bullwaves-310998 was moved from affiliate 2287 to  affiliate 35228  With settings : Move media report stats , Move pre calculated commissions , Apply destination affiliate Revshare settings , Apply destination affiliate CPA Qualification",6/12/2025 11:39:47 AM,Partners,Yes,35228
bullwaves-279317,279317,2287,35197,"User bullwaves-279317 was moved from affiliate 2287 to  affiliate 35197  With settings : Move media report stats , Apply destination affiliate Revshare settings , Apply destination affiliate CPA Qualification",6/12/2025 10:40:09 AM,Partners,Yes,35197
bullwaves-281768,281768,2287,35197,"User bullwaves-281768 was moved from affiliate 2287 to  affiliate 35197  With settings : Move media report stats , Apply destination affiliate Revshare settings , Apply destination affiliate CPA Qualification",6/12/2025 10:39:36 AM,Partners,Yes,35197
bullwaves-292597,292597,2287,35197,"User bullwaves-292597 was moved from affiliate 2287 to  affiliate 35197  With settings : Move media report stats , Apply destination affiliate Revshare settings , Apply destination affiliate CPA Qualification",6/12/2025 10:39:00 AM,Partners,Yes,35197
bullwaves-180954,180954,2287,35197,"User bullwaves-180954 was moved from affiliate 2287 to  affiliate 35197  With settings : Move media report stats , Apply destination affiliate Revshare settings , Apply destination affiliate CPA Qualification",6/12/2025 10:38:30 AM,Partners,Yes,35197
bullwaves-276475,276475,2287,35197,"User bullwaves-276475 was moved from affiliate 2287 to  affiliate 35197  With settings : Move media report stats , Apply destination affiliate Revshare settings , Apply destination affiliate CPA Qualification",6/12/2025 10:37:39 AM,Partners,Yes,35197
bullwaves-271362,271362,2287,35197,"User bullwaves-271362 was moved from affiliate 2287 to  affiliate 35197  With settings : Move media report stats , Apply destination affiliate Revshare settings , Apply destination affiliate CPA Qualification",6/12/2025 10:36:26 AM,Partners,Yes,35197
bullwaves-268120,268120,2287,35197,"User bullwaves-268120 was moved from affiliate 2287 to  affiliate 35197  With settings : Move media report stats , Apply destination affiliate Revshare settings , Apply destination affiliate CPA Qualification",6/12/2025 10:35:47 AM,Partners,Yes,35197
bullwaves-265219,265219,2287,35197,"User bullwaves-265219 was moved from affiliate 2287 to  affiliate 35197  With settings : Move media report stats , Apply destination affiliate Revshare settings , Apply destination affiliate CPA Qualification",6/12/2025 10:33:19 AM,Partners,Yes,35197
bullwaves-238075,238075,2287,35197,"User bullwaves-238075 was moved from affiliate 2287 to  affiliate 35197  With settings : Move media report stats , Apply destination affiliate Revshare settings , Apply destination affiliate CPA Qualification",6/12/2025 10:32:43 AM,Partners,Yes,35197
bullwaves-265211,265211,2287,35197,"User bullwaves-265211 was moved from affiliate 2287 to  affiliate 35197  With settings : Move media report stats , Apply destination affiliate Revshare settings , Apply destination affiliate CPA Qualification",6/12/2025 10:31:38 AM,Partners,Yes,35197
bullwaves-255867,255867,2287,35197,"User bullwaves-255867 was moved from affiliate 2287 to  affiliate 35197  With settings : Move pre calculated commissions , Apply destination affiliate Revshare settings , Apply destination affiliate CPA Qualification",6/12/2025 10:28:49 AM,Partners,Yes,35197
bullwaves-248475,248475,2287,35197,"User bullwaves-248475 was moved from affiliate 2287 to  affiliate 35197  With settings : Move media report stats , Apply destination affiliate Revshare settings , Apply destination affiliate CPA Qualification",6/12/2025 10:25:58 AM,Partners,Yes,35197
bullwaves-138989,138989,2287,35197,"User bullwaves-138989 was moved from affiliate 2287 to  affiliate 35197  With settings : Move media report stats , Apply destination affiliate Revshare settings , Apply destination affiliate CPA Qualification",6/12/2025 10:25:28 AM,Partners,Yes,35197
bullwaves-248820,248820,2287,35197,"User bullwaves-248820 was moved from affiliate 2287 to  affiliate 35197  With settings : Move media report stats , Apply destination affiliate Revshare settings , Apply destination affiliate CPA Qualification",6/12/2025 10:21:39 AM,Partners,Yes,35197
bullwaves-312082,312082,2287,35290,"User bullwaves-312082 was moved from affiliate 2287 to  affiliate 35290  With settings : Move media report stats , Move pre calculated commissions , Apply destination affiliate Revshare settings , Apply destination affiliate CPA Qualification",6/12/2025 6:58:11 AM,SONJA,Yes,35290
bullwaves-315778,315778,2287,35198,"User bullwaves-315778 was moved from affiliate 2287 to  affiliate 35198  With settings : Move media report stats , Move pre calculated commissions , Apply destination affiliate Revshare settings , Apply destination affiliate CPA Qualification",6/11/2025 11:28:00 AM,SONJA,Yes,35198
bullwaves-315778,315778,35198,2287,"User bullwaves-315778 was moved from affiliate 35198 to  affiliate 2287  With settings : Move media report stats , Move pre calculated commissions",6/11/2025 11:27:50 AM,SONJA,Yes,2287
bullwaves-315778,315778,35180,35198,"User bullwaves-315778 was moved from affiliate 35180 to  affiliate 35198  With settings : Move media report stats , Move pre calculated commissions , Apply destination affiliate Revshare settings , Apply destination affiliate CPA Qualification",6/11/2025 11:22:46 AM,SONJA,Yes,35198
bullwaves-315778,315778,35180,35198,"User bullwaves-315778 was moved from affiliate 35180 to  affiliate 35198  With settings : Move media report stats , Move pre calculated commissions , Apply destination affiliate Revshare settings , Apply destination affiliate CPA Qualification",6/11/2025 11:22:45 AM,SONJA,Yes,35180
bullwaves-315778,315778,2287,35180,"User bullwaves-315778 was moved from affiliate 2287 to  affiliate 35180  With settings : Move media report stats , Move pre calculated commissions , Apply destination affiliate Revshare settings , Apply destination affiliate CPA Qualification",6/11/2025 10:09:13 AM,SONJA,Yes,35180
bullwaves-314967,314967,2287,35197,"User bullwaves-314967 was moved from affiliate 2287 to  affiliate 35197  With settings : Move media report stats , Move pre calculated commissions , Apply destination affiliate Revshare settings , Apply destination affiliate CPA Qualification",6/11/2025 10:01:07 AM,SONJA,Yes,35197
bullwaves-312314,312314,2287,35197,"User bullwaves-312314 was moved from affiliate 2287 to  affiliate 35197  With settings : Move media report stats , Move pre calculated commissions , Apply destination affiliate Revshare settings , Apply destination affiliate CPA Qualification",6/11/2025 10:00:36 AM,SONJA,Yes,35197
bullwaves-312259,312259,35290,35197,"User bullwaves-312259 was moved from affiliate 35290 to  affiliate 35197  With settings : Move media report stats , Move pre calculated commissions , Apply destination affiliate Revshare settings , Apply destination affiliate CPA Qualification",6/11/2025 10:00:24 AM,SONJA,Yes,35197
bullwaves-183729,183729,2287,35197,"User bullwaves-183729 was moved from affiliate 2287 to  affiliate 35197  With settings : Move media report stats , Move pre calculated commissions , Apply destination affiliate Revshare settings , Apply destination affiliate CPA Qualification",6/11/2025 9:59:54 AM,SONJA,Yes,35197
bullwaves-280902,280902,2287,35197,"User bullwaves-280902 was moved from affiliate 2287 to  affiliate 35197  With settings : Move media report stats , Move pre calculated commissions , Apply destination affiliate Revshare settings , Apply destination affiliate CPA Qualification",6/11/2025 9:59:18 AM,SONJA,Yes,35197
bullwaves-62891,62891,35143,35197,"User bullwaves-62891 was moved from affiliate 35143 to  affiliate 35197  With settings : Move media report stats , Move pre calculated commissions , Apply destination affiliate Revshare settings , Apply destination affiliate CPA Qualification",6/11/2025 9:58:27 AM,SONJA,Yes,35197
bullwaves-278092,278092,2287,35197,"User bullwaves-278092 was moved from affiliate 2287 to  affiliate 35197  With settings : Move media report stats , Move pre calculated commissions , Apply destination affiliate Revshare settings , Apply destination affiliate CPA Qualification",6/11/2025 9:56:10 AM,SONJA,Yes,35197
bullwaves-286942,286942,2287,35197,"User bullwaves-286942 was moved from affiliate 2287 to  affiliate 35197  With settings : Move media report stats , Move pre calculated commissions , Apply destination affiliate Revshare settings , Apply destination affiliate CPA Qualification",6/11/2025 9:55:18 AM,SONJA,Yes,35197
bullwaves-297150,297150,2287,35197,"User bullwaves-297150 was moved from affiliate 2287 to  affiliate 35197  With settings : Move media report stats , Move pre calculated commissions , Apply destination affiliate Revshare settings , Apply destination affiliate CPA Qualification",6/11/2025 9:54:27 AM,SONJA,Yes,35197
bullwaves-291924,291924,2287,35197,"User bullwaves-291924 was moved from affiliate 2287 to  affiliate 35197  With settings : Move media report stats , Move pre calculated commissions , Apply destination affiliate Revshare settings , Apply destination affiliate CPA Qualification",6/11/2025 9:53:50 AM,SONJA,Yes,35197
bullwaves-293513,293513,2287,35197,"User bullwaves-293513 was moved from affiliate 2287 to  affiliate 35197  With settings : Move media report stats , Move pre calculated commissions , Apply destination affiliate Revshare settings , Apply destination affiliate CPA Qualification",6/11/2025 9:53:18 AM,SONJA,Yes,35197
bullwaves-209271,209271,35284,35270,"User bullwaves-209271 was moved from affiliate 35284 to  affiliate 35270  With settings : Move media report stats , Move pre calculated commissions , Apply destination affiliate Revshare settings , Apply destination affiliate CPA Qualification",6/11/2025 9:47:22 AM,SONJA,Yes,35270
bullwaves-132166,132166,35283,35197,"User bullwaves-132166 was moved from affiliate 35283 to  affiliate 35197  With settings : Move media report stats , Move pre calculated commissions , Apply destination affiliate Revshare settings , Apply destination affiliate CPA Qualification",6/11/2025 8:26:54 AM,SONJA,Yes,35197
bullwaves-196372,196372,2287,35197,"User bullwaves-196372 was moved from affiliate 2287 to  affiliate 35197  With settings : Move media report stats , Move pre calculated commissions , Apply destination affiliate Revshare settings , Apply destination affiliate CPA Qualification",6/11/2025 8:25:49 AM,SONJA,Yes,35197
bullwaves-315141,315141,2287,35060,"User bullwaves-315141 was moved from affiliate 2287 to  affiliate 35060  With settings : Move media report stats , Move pre calculated commissions , Apply destination affiliate Revshare settings , Apply destination affiliate CPA Qualification",6/11/2025 7:04:05 AM,SONJA,Yes,35060
bullwaves-300643,300643,2287,35224,"User bullwaves-300643 was moved from affiliate 2287 to  affiliate 35224  With settings : Move media report stats , Apply destination affiliate Revshare settings , Apply destination affiliate CPA Qualification",6/11/2025 6:42:24 AM,Partners,Yes,35224
bullwaves-296706,296706,2287,35290,"User bullwaves-296706 was moved from affiliate 2287 to  affiliate 35290  With settings : Move media report stats , Move pre calculated commissions , Apply destination affiliate Revshare settings , Apply destination affiliate CPA Qualification",6/10/2025 9:05:43 AM,SONJA,Yes,35290
bullwaves-310614,310614,2287,35290,"User bullwaves-310614 was moved from affiliate 2287 to  affiliate 35290  With settings : Move media report stats , Move pre calculated commissions , Apply destination affiliate Revshare settings , Apply destination affiliate CPA Qualification",6/9/2025 1:22:35 PM,SONJA,Yes,35290
bullwaves-305171,305171,2287,35290,"User bullwaves-305171 was moved from affiliate 2287 to  affiliate 35290  With settings : Move media report stats , Move pre calculated commissions , Apply destination affiliate Revshare settings , Apply destination affiliate CPA Qualification",6/9/2025 8:13:52 AM,SONJA,Yes,35290
bullwaves-105154,105154,35197,35270,"User bullwaves-105154 was moved from affiliate 35197 to  affiliate 35270  With settings : Move media report stats , Move pre calculated commissions , Apply destination affiliate Revshare settings , Apply destination affiliate CPA Qualification",6/9/2025 8:12:50 AM,SONJA,Yes,35270
bullwaves-238607,238607,2287,35270,"User bullwaves-238607 was moved from affiliate 2287 to  affiliate 35270  With settings : Move media report stats , Move pre calculated commissions , Apply destination affiliate Revshare settings , Apply destination affiliate CPA Qualification",6/9/2025 8:06:40 AM,SONJA,Yes,35270
bullwaves-306901,306901,2287,35060,"User bullwaves-306901 was moved from affiliate 2287 to  affiliate 35060  With settings : Move media report stats , Move pre calculated commissions , Apply destination affiliate Revshare settings , Apply destination affiliate CPA Qualification",6/9/2025 7:59:10 AM,SONJA,Yes,35060
bullwaves-290855,290855,2287,35198,"User bullwaves-290855 was moved from affiliate 2287 to  affiliate 35198  With settings : Move media report stats , Move pre calculated commissions , Apply destination affiliate Revshare settings , Apply destination affiliate CPA Qualification",6/6/2025 4:28:03 PM,SONJA,Yes,35198
bullwaves-303139,303139,2287,35290,"User bullwaves-303139 was moved from affiliate 2287 to  affiliate 35290  With settings : Move media report stats , Move pre calculated commissions , Apply destination affiliate Revshare settings , Apply destination affiliate CPA Qualification",6/6/2025 1:27:54 PM,SONJA,Yes,35290
bullwaves-261188,261188,35197,35270,"User bullwaves-261188 was moved from affiliate 35197 to  affiliate 35270  With settings : Move media report stats , Apply destination affiliate Revshare settings , Apply destination affiliate CPA Qualification",6/5/2025 8:30:26 PM,Partners,Yes,35270
bullwaves-296775,296775,2287,35307,"User bullwaves-296775 was moved from affiliate 2287 to  affiliate 35307  With settings : Move media report stats , Apply destination affiliate Revshare settings , Apply destination affiliate CPA Qualification",6/5/2025 8:51:15 AM,Partners,Yes,35307
bullwaves-260810,260810,2287,35143,"User bullwaves-260810 was moved from affiliate 2287 to  affiliate 35143  With settings : Move media report stats , Move pre calculated commissions , Apply destination affiliate Revshare settings , Apply destination affiliate CPA Qualification",6/5/2025 7:07:39 AM,SONJA,Yes,35143
bullwaves-298248,298248,2287,35307,"User bullwaves-298248 was moved from affiliate 2287 to  affiliate 35307  With settings : Move media report stats , Apply destination affiliate Revshare settings , Apply destination affiliate CPA Qualification",6/4/2025 11:27:17 AM,Partners,Yes,35307
bullwaves-295894,295894,2287,35307,"User bullwaves-295894 was moved from affiliate 2287 to  affiliate 35307  With settings : Move media report stats , Apply destination affiliate Revshare settings , Apply destination affiliate CPA Qualification",6/4/2025 11:26:53 AM,Partners,Yes,35307
bullwaves-297921,297921,2287,35307,"User bullwaves-297921 was moved from affiliate 2287 to  affiliate 35307  With settings : Move media report stats , Apply destination affiliate Revshare settings , Apply destination affiliate CPA Qualification",6/4/2025 11:25:28 AM,Partners,Yes,35307
bullwaves-297155,297155,2287,35307,"User bullwaves-297155 was moved from affiliate 2287 to  affiliate 35307  With settings : Move media report stats , Apply destination affiliate Revshare settings , Apply destination affiliate CPA Qualification",6/4/2025 11:23:56 AM,Partners,Yes,35307
bullwaves-297155,297155,2287,35307,"User bullwaves-297155 was moved from affiliate 2287 to  affiliate 35307  With settings : Move media report stats , Apply destination affiliate Revshare settings , Apply destination affiliate CPA Qualification",6/4/2025 11:23:55 AM,Partners,Yes,2287
bullwaves-284511,284511,35284,35281,"User bullwaves-284511 was moved from affiliate 35284 to  affiliate 35281  With settings : Move media report stats , Apply destination affiliate Revshare settings , Apply destination affiliate CPA Qualification",6/4/2025 11:20:29 AM,Partners,Yes,35281
bullwaves-287328,287328,2287,35290,"User bullwaves-287328 was moved from affiliate 2287 to  affiliate 35290  With settings : Move media report stats , Apply destination affiliate Revshare settings , Apply destination affiliate CPA Qualification",6/2/2025 11:20:49 AM,Partners,Yes,35290
bullwaves-293664,293664,2287,35307,"User bullwaves-293664 was moved from affiliate 2287 to  affiliate 35307  With settings : Move media report stats , Apply destination affiliate Revshare settings , Apply destination affiliate CPA Qualification",6/2/2025 11:11:15 AM,Partners,Yes,35307
bullwaves-285140,285140,2287,35290,"User bullwaves-285140 was moved from affiliate 2287 to  affiliate 35290  With settings : Move pre calculated commissions , Apply destination affiliate Revshare settings , Apply destination affiliate CPA Qualification",5/30/2025 11:17:54 AM,Partners,Yes,35290
bullwaves-279290,279290,35290,35270,"User bullwaves-279290 was moved from affiliate 35290 to  affiliate 35270  With settings : Move media report stats , Apply destination affiliate Revshare settings , Apply destination affiliate CPA Qualification",5/30/2025 6:34:04 AM,Partners,Yes,35270
bullwaves-226320,226320,35284,35281,"User bullwaves-226320 was moved from affiliate 35284 to  affiliate 35281  With settings : Move media report stats , Move pre calculated commissions , Apply destination affiliate Revshare settings , Apply destination affiliate CPA Qualification",5/29/2025 5:16:07 PM,Partners,Yes,35281
bullwaves-287795,287795,2287,35198,"User bullwaves-287795 was moved from affiliate 2287 to  affiliate 35198  With settings : Move media report stats , Move pre calculated commissions , Apply destination affiliate Revshare settings , Apply destination affiliate CPA Qualification",5/28/2025 9:53:24 PM,Partners,Yes,35198
bullwaves-77671,77671,35128,35281,"User bullwaves-77671 was moved from affiliate 35128 to  affiliate 35281  With settings : Move media report stats , Move pre calculated commissions , Apply destination affiliate Revshare settings , Apply destination affiliate CPA Qualification",5/28/2025 12:41:21 PM,SONJA,Yes,35281
bullwaves-271079,271079,2287,35290,"User bullwaves-271079 was moved from affiliate 2287 to  affiliate 35290  With settings : Move media report stats , Move pre calculated commissions , Apply destination affiliate Revshare settings , Apply destination affiliate CPA Qualification",5/28/2025 12:39:49 PM,SONJA,Yes,35290
bullwaves-247223,247223,35143,35284,"User bullwaves-247223 was moved from affiliate 35143 to  affiliate 35284  With settings : Move media report stats , Apply destination affiliate Revshare settings , Apply destination affiliate CPA Qualification",5/28/2025 7:06:58 AM,Partners,Yes,35284
bullwaves-270194,270194,2287,35290,"User bullwaves-270194 was moved from affiliate 2287 to  affiliate 35290  With settings : Move media report stats , Apply destination affiliate Revshare settings , Apply destination affiliate CPA Qualification",5/28/2025 6:54:50 AM,Partners,Yes,35290
bullwaves-281238,281238,2287,35290,"User bullwaves-281238 was moved from affiliate 2287 to  affiliate 35290  With settings : Move media report stats , Apply destination affiliate Revshare settings , Apply destination affiliate CPA Qualification",5/28/2025 6:52:20 AM,Partners,Yes,35290
bullwaves-285731,285731,2287,35060,"User bullwaves-285731 was moved from affiliate 2287 to  affiliate 35060  With settings : Move media report stats , Move pre calculated commissions , Apply destination affiliate Revshare settings , Apply destination affiliate CPA Qualification",5/27/2025 2:15:33 PM,SONJA,Yes,35060
bullwaves-223827,223827,35284,35270,"User bullwaves-223827 was moved from affiliate 35284 to  affiliate 35270  With settings : Move media report stats , Apply destination affiliate Revshare settings , Apply destination affiliate CPA Qualification",5/27/2025 7:47:47 AM,Partners,Yes,35270
bullwaves-283445,283445,2287,35198,"User bullwaves-283445 was moved from affiliate 2287 to  affiliate 35198  With settings : Move media report stats , Move pre calculated commissions , Apply destination affiliate Revshare settings , Apply destination affiliate CPA Qualification",5/27/2025 7:00:07 AM,SONJA,Yes,35198
bullwaves-244389,244389,35270,35143,"User bullwaves-244389 was moved from affiliate 35270 to  affiliate 35143  With settings : Move media report stats , Move pre calculated commissions , Apply destination affiliate Revshare settings , Apply destination affiliate CPA Qualification",5/26/2025 2:42:40 PM,SONJA,Yes,35143
bullwaves-166399,166399,35224,35281,"User bullwaves-166399 was moved from affiliate 35224 to  affiliate 35281  With settings : Move media report stats , Move pre calculated commissions , Apply destination affiliate Revshare settings , Apply destination affiliate CPA Qualification",5/26/2025 1:45:55 PM,SONJA,Yes,35281
bullwaves-214791,214791,35224,35281,"User bullwaves-214791 was moved from affiliate 35224 to  affiliate 35281  With settings : Move media report stats , Move pre calculated commissions , Apply destination affiliate Revshare settings , Apply destination affiliate CPA Qualification",5/26/2025 8:24:31 AM,SONJA,Yes,35281
bullwaves-276892,276892,2287,35053,"User bullwaves-276892 was moved from affiliate 2287 to  affiliate 35053  With settings : Move media report stats , Move pre calculated commissions",5/23/2025 11:46:25 AM,Partners,Yes,35053
bullwaves-275296,275296,2287,35198,"User bullwaves-275296 was moved from affiliate 2287 to  affiliate 35198  With settings : Move media report stats , Move pre calculated commissions , Apply destination affiliate Revshare settings , Apply destination affiliate CPA Qualification",5/23/2025 10:04:55 AM,SONJA,Yes,35198
bullwaves-275143,275143,2287,35060,"User bullwaves-275143 was moved from affiliate 2287 to  affiliate 35060  With settings : Move media report stats , Move pre calculated commissions , Apply destination affiliate Revshare settings , Apply destination affiliate CPA Qualification",5/23/2025 8:50:48 AM,SONJA,Yes,35060
bullwaves-275012,275012,2287,35060,"User bullwaves-275012 was moved from affiliate 2287 to  affiliate 35060  With settings : Move media report stats , Move pre calculated commissions , Apply destination affiliate Revshare settings , Apply destination affiliate CPA Qualification",5/22/2025 2:55:10 PM,SONJA,Yes,35060
bullwaves-272761,272761,2287,35060,"User bullwaves-272761 was moved from affiliate 2287 to  affiliate 35060  With settings : Move media report stats , Move pre calculated commissions , Apply destination affiliate Revshare settings , Apply destination affiliate CPA Qualification",5/22/2025 1:32:52 PM,SONJA,Yes,35060
bullwaves-128010,128010,2287,35234,"User bullwaves-128010 was moved from affiliate 2287 to  affiliate 35234  With settings : Move media report stats , Move pre calculated commissions , Apply destination affiliate Revshare settings , Apply destination affiliate CPA Qualification",5/22/2025 9:24:00 AM,Partners,Yes,35234
bullwaves-160371,160371,35224,35270,"User bullwaves-160371 was moved from affiliate 35224 to  affiliate 35270  With settings : Move media report stats , Apply destination affiliate Revshare settings , Apply destination affiliate CPA Qualification",5/21/2025 3:42:04 PM,Partners,Yes,35270
bullwaves-272608,272608,2287,35060,"User bullwaves-272608 was moved from affiliate 2287 to  affiliate 35060  With settings : Move media report stats , Move pre calculated commissions , Apply destination affiliate Revshare settings , Apply destination affiliate CPA Qualification",5/21/2025 3:32:51 PM,SONJA,Yes,35060
bullwaves-203240,203240,2287,35197,"User bullwaves-203240 was moved from affiliate 2287 to  affiliate 35197  With settings : Move media report stats , Move pre calculated commissions , Apply destination affiliate Revshare settings , Apply destination affiliate CPA Qualification",5/21/2025 10:50:41 AM,SONJA,Yes,35197
bullwaves-203240,203240,2287,35197,"User bullwaves-203240 was moved from affiliate 2287 to  affiliate 35197  With settings : Move media report stats , Move pre calculated commissions , Apply destination affiliate Revshare settings , Apply destination affiliate CPA Qualification",5/21/2025 10:50:40 AM,SONJA,Yes,2287
bullwaves-265702,265702,2287,35224,"User bullwaves-265702 was moved from affiliate 2287 to  affiliate 35224  With settings : Move media report stats , Move pre calculated commissions , Apply destination affiliate Revshare settings , Apply destination affiliate CPA Qualification",5/21/2025 9:12:11 AM,SONJA,Yes,35224
bullwaves-192293,192293,2287,35180,"User bullwaves-192293 was moved from affiliate 2287 to  affiliate 35180  With settings : Move media report stats , Move pre calculated commissions , Apply destination affiliate Revshare settings , Apply destination affiliate CPA Qualification",5/21/2025 7:34:55 AM,SONJA,Yes,35180
bullwaves-267787,267787,2287,35060,"User bullwaves-267787 was moved from affiliate 2287 to  affiliate 35060  With settings : Move media report stats , Move pre calculated commissions , Apply destination affiliate Revshare settings , Apply destination affiliate CPA Qualification",5/20/2025 7:30:11 AM,SONJA,Yes,35060
bullwaves-50495,50495,35143,35197,"User bullwaves-50495 was moved from affiliate 35143 to  affiliate 35197  With settings : Move media report stats , Move pre calculated commissions , Apply destination affiliate Revshare settings , Apply destination affiliate CPA Qualification",5/20/2025 7:28:47 AM,SONJA,Yes,35197
bullwaves-246821,246821,2287,35198,"User bullwaves-246821 was moved from affiliate 2287 to  affiliate 35198  With settings : Move media report stats , Move pre calculated commissions , Apply destination affiliate Revshare settings , Apply destination affiliate CPA Qualification",5/19/2025 2:31:16 PM,SONJA,Yes,35198
bullwaves-203787,203787,35224,35281,"User bullwaves-203787 was moved from affiliate 35224 to  affiliate 35281  With settings : Move media report stats , Move pre calculated commissions , Apply destination affiliate Revshare settings , Apply destination affiliate CPA Qualification",5/19/2025 12:29:06 PM,Partners,Yes,35281
bullwaves-203787,203787,35281,35224,"User bullwaves-203787 was moved from affiliate 35281 to  affiliate 35224  With settings : Move media report stats , Move pre calculated commissions",5/19/2025 12:28:52 PM,Partners,Yes,35224
bullwaves-203787,203787,35224,35281,"User bullwaves-203787 was moved from affiliate 35224 to  affiliate 35281  With settings : Move media report stats , Move pre calculated commissions",5/19/2025 12:08:52 PM,Partners,Yes,35281
bullwaves-225266,225266,2287,35261,"User bullwaves-225266 was moved from affiliate 2287 to  affiliate 35261  With settings : Move media report stats , Move pre calculated commissions",5/19/2025 11:17:49 AM,Partners,Yes,35261
bullwaves-261771,261771,2287,35198,"User bullwaves-261771 was moved from affiliate 2287 to  affiliate 35198  With settings : Move media report stats , Apply destination affiliate Revshare settings , Apply destination affiliate CPA Qualification",5/16/2025 1:49:25 PM,Partners,Yes,35198
bullwaves-170745,170745,35180,35198,"User bullwaves-170745 was moved from affiliate 35180 to  affiliate 35198  With settings : Move media report stats , Apply destination affiliate Revshare settings , Apply destination affiliate CPA Qualification",5/16/2025 1:48:53 PM,Partners,Yes,35198
bullwaves-248893,248893,2287,35284,"User bullwaves-248893 was moved from affiliate 2287 to  affiliate 35284  With settings : Move media report stats , Apply destination affiliate Revshare settings , Apply destination affiliate CPA Qualification",5/16/2025 8:36:53 AM,Partners,Yes,35284
bullwaves-26056,26056,2287,35060,"User bullwaves-26056 was moved from affiliate 2287 to  affiliate 35060  With settings : Move media report stats , Move pre calculated commissions , Apply destination affiliate Revshare settings , Apply destination affiliate CPA Qualification",5/16/2025 8:01:29 AM,SONJA,Yes,35060
bullwaves-170745,170745,35283,35180,User bullwaves-170745 was moved from affiliate 35283 to  affiliate 35180  With settings : Move pre calculated commissions,5/16/2025 7:44:45 AM,Partners,Yes,35180
bullwaves-260164,260164,2287,35290,"User bullwaves-260164 was moved from affiliate 2287 to  affiliate 35290  With settings : Move media report stats , Apply destination affiliate Revshare settings , Apply destination affiliate CPA Qualification",5/16/2025 6:28:46 AM,Partners,Yes,35290
bullwaves-254690,254690,2287,35290,"User bullwaves-254690 was moved from affiliate 2287 to  affiliate 35290  With settings : Move media report stats , Move pre calculated commissions , Apply destination affiliate Revshare settings , Apply destination affiliate CPA Qualification",5/15/2025 10:32:41 PM,Partners,Yes,35290
bullwaves-256550,256550,2287,35060,"User bullwaves-256550 was moved from affiliate 2287 to  affiliate 35060  With settings : Move media report stats , Move pre calculated commissions , Apply destination affiliate Revshare settings , Apply destination affiliate CPA Qualification",5/15/2025 9:30:00 AM,SONJA,Yes,35060
bullwaves-257687,257687,2287,35060,"User bullwaves-257687 was moved from affiliate 2287 to  affiliate 35060  With settings : Move media report stats , Move pre calculated commissions , Apply destination affiliate Revshare settings , Apply destination affiliate CPA Qualification",5/15/2025 8:52:50 AM,SONJA,Yes,35060
bullwaves-257622,257622,2287,35060,"User bullwaves-257622 was moved from affiliate 2287 to  affiliate 35060  With settings : Move media report stats , Move pre calculated commissions , Apply destination affiliate Revshare settings , Apply destination affiliate CPA Qualification",5/15/2025 8:51:57 AM,SONJA,Yes,35060
bullwaves-183291,183291,2287,35227,"User bullwaves-183291 was moved from affiliate 2287 to  affiliate 35227  With settings : Move media report stats , Move pre calculated commissions , Apply destination affiliate Revshare settings , Apply destination affiliate CPA Qualification",5/14/2025 12:47:59 PM,SONJA,Yes,35227
bullwaves-215593,215593,2287,35197,"User bullwaves-215593 was moved from affiliate 2287 to  affiliate 35197  With settings : Move media report stats , Move pre calculated commissions , Apply destination affiliate Revshare settings , Apply destination affiliate CPA Qualification",5/14/2025 8:37:12 AM,SONJA,Yes,35197
bullwaves-254546,254546,2287,35060,"User bullwaves-254546 was moved from affiliate 2287 to  affiliate 35060  With settings : Move media report stats , Move pre calculated commissions , Apply destination affiliate Revshare settings , Apply destination affiliate CPA Qualification",5/14/2025 8:01:32 AM,SONJA,Yes,35060
bullwaves-251978,251978,2287,35172,"User bullwaves-251978 was moved from affiliate 2287 to  affiliate 35172  With settings : Move media report stats , Move pre calculated commissions",5/13/2025 5:44:02 PM,Partners,Yes,35172
bullwaves-15726,15726,2287,35227,"User bullwaves-15726 was moved from affiliate 2287 to  affiliate 35227  With settings : Move media report stats , Move pre calculated commissions , Apply destination affiliate Revshare settings , Apply destination affiliate CPA Qualification",5/13/2025 11:22:10 AM,SONJA,Yes,35227
bullwaves-244831,244831,2287,35307,"User bullwaves-244831 was moved from affiliate 2287 to  affiliate 35307  With settings : Move media report stats , Apply destination affiliate Revshare settings , Apply destination affiliate CPA Qualification",5/13/2025 6:12:01 AM,Partners,Yes,35307
bullwaves-183707,183707,35143,35197,"User bullwaves-183707 was moved from affiliate 35143 to  affiliate 35197  With settings : Move media report stats , Apply destination affiliate Revshare settings , Apply destination affiliate CPA Qualification",5/12/2025 6:17:15 AM,Partners,Yes,35197
bullwaves-243789,243789,2287,35290,"User bullwaves-243789 was moved from affiliate 2287 to  affiliate 35290  With settings : Move media report stats , Apply destination affiliate Revshare settings , Apply destination affiliate CPA Qualification",5/12/2025 6:04:35 AM,Partners,Yes,35290
bullwaves-236601,236601,2287,35290,"User bullwaves-236601 was moved from affiliate 2287 to  affiliate 35290  With settings : Move media report stats , Apply destination affiliate Revshare settings , Apply destination affiliate CPA Qualification",5/12/2025 6:02:08 AM,Partners,Yes,35290
bullwaves-223798,223798,2287,35290,"User bullwaves-223798 was moved from affiliate 2287 to  affiliate 35290  With settings : Move media report stats , Apply destination affiliate Revshare settings , Apply destination affiliate CPA Qualification",5/10/2025 6:19:01 AM,Partners,Yes,35290
bullwaves-234188,234188,2287,35290,"User bullwaves-234188 was moved from affiliate 2287 to  affiliate 35290  With settings : Move media report stats , Apply destination affiliate Revshare settings , Apply destination affiliate CPA Qualification",5/10/2025 6:16:53 AM,Partners,Yes,35290
bullwaves-244945,244945,2287,35290,"User bullwaves-244945 was moved from affiliate 2287 to  affiliate 35290  With settings : Move media report stats , Move pre calculated commissions , Apply destination affiliate Revshare settings , Apply destination affiliate CPA Qualification",5/9/2025 2:42:07 PM,SONJA,Yes,35290
bullwaves-244208,244208,2287,35060,"User bullwaves-244208 was moved from affiliate 2287 to  affiliate 35060  With settings : Move media report stats , Move pre calculated commissions , Apply destination affiliate Revshare settings , Apply destination affiliate CPA Qualification",5/9/2025 7:49:11 AM,SONJA,Yes,35060
bullwaves-245627,245627,2287,35060,"User bullwaves-245627 was moved from affiliate 2287 to  affiliate 35060  With settings : Move media report stats , Move pre calculated commissions , Apply destination affiliate Revshare settings , Apply destination affiliate CPA Qualification",5/9/2025 7:48:31 AM,SONJA,Yes,35060
bullwaves-243156,243156,2287,35060,"User bullwaves-243156 was moved from affiliate 2287 to  affiliate 35060  With settings : Move media report stats , Move pre calculated commissions , Apply destination affiliate Revshare settings , Apply destination affiliate CPA Qualification",5/9/2025 7:47:30 AM,SONJA,Yes,35060
bullwaves-233893,233893,2287,35290,"User bullwaves-233893 was moved from affiliate 2287 to  affiliate 35290  With settings : Move media report stats , Apply destination affiliate Revshare settings , Apply destination affiliate CPA Qualification",5/8/2025 5:18:52 PM,Partners,Yes,35290
bullwaves-235682,235682,2287,35290,"User bullwaves-235682 was moved from affiliate 2287 to  affiliate 35290  With settings : Move media report stats , Apply destination affiliate Revshare settings , Apply destination affiliate CPA Qualification",5/8/2025 5:16:53 PM,Partners,Yes,35290
bullwaves-233517,233517,2287,35290,"User bullwaves-233517 was moved from affiliate 2287 to  affiliate 35290  With settings : Move media report stats , Apply destination affiliate Revshare settings , Apply destination affiliate CPA Qualification",5/8/2025 5:16:09 PM,Partners,Yes,35290
bullwaves-234275,234275,2287,35290,"User bullwaves-234275 was moved from affiliate 2287 to  affiliate 35290  With settings : Move media report stats , Apply destination affiliate Revshare settings , Apply destination affiliate CPA Qualification",5/8/2025 5:15:04 PM,Partners,Yes,35290
bullwaves-233120,233120,2287,35290,"User bullwaves-233120 was moved from affiliate 2287 to  affiliate 35290  With settings : Move media report stats , Apply destination affiliate Revshare settings , Apply destination affiliate CPA Qualification",5/8/2025 5:13:39 PM,Partners,Yes,35290
bullwaves-149523,149523,35180,35198,"User bullwaves-149523 was moved from affiliate 35180 to  affiliate 35198  With settings : Move media report stats , Move pre calculated commissions , Apply destination affiliate Revshare settings , Apply destination affiliate CPA Qualification",5/7/2025 12:35:53 PM,SONJA,Yes,35198
bullwaves-240389,240389,35180,35198,"User bullwaves-240389 was moved from affiliate 35180 to  affiliate 35198  With settings : Move media report stats , Move pre calculated commissions , Apply destination affiliate Revshare settings , Apply destination affiliate CPA Qualification",5/7/2025 12:35:31 PM,SONJA,Yes,35198
bullwaves-241087,241087,2287,35060,"User bullwaves-241087 was moved from affiliate 2287 to  affiliate 35060  With settings : Move media report stats , Move pre calculated commissions , Apply destination affiliate Revshare settings , Apply destination affiliate CPA Qualification",5/7/2025 8:47:01 AM,SONJA,Yes,35060
bullwaves-239031,239031,2287,35060,"User bullwaves-239031 was moved from affiliate 2287 to  affiliate 35060  With settings : Move media report stats , Move pre calculated commissions , Apply destination affiliate Revshare settings , Apply destination affiliate CPA Qualification",5/7/2025 8:46:21 AM,SONJA,Yes,35060
bullwaves-149523,149523,35283,35180,"User bullwaves-149523 was moved from affiliate 35283 to  affiliate 35180  With settings : Move media report stats , Move pre calculated commissions , Apply destination affiliate Revshare settings , Apply destination affiliate CPA Qualification",5/7/2025 7:04:19 AM,SONJA,Yes,35180
bullwaves-240389,240389,2287,35180,"User bullwaves-240389 was moved from affiliate 2287 to  affiliate 35180  With settings : Move media report stats , Move pre calculated commissions , Apply destination affiliate Revshare settings , Apply destination affiliate CPA Qualification",5/7/2025 7:02:50 AM,SONJA,Yes,35180
bullwaves-240389,240389,2287,35180,"User bullwaves-240389 was moved from affiliate 2287 to  affiliate 35180  With settings : Move media report stats , Move pre calculated commissions , Apply destination affiliate Revshare settings , Apply destination affiliate CPA Qualification",5/7/2025 7:02:49 AM,SONJA,Yes,2287
bullwaves-191881,191881,35197,35284,"User bullwaves-191881 was moved from affiliate 35197 to  affiliate 35284  With settings : Move media report stats , Move pre calculated commissions , Apply destination affiliate Revshare settings , Apply destination affiliate CPA Qualification",5/6/2025 11:58:38 AM,SONJA,Yes,35284
bullwaves-80843,80843,35283,35197,"User bullwaves-80843 was moved from affiliate 35283 to  affiliate 35197  With settings : Move media report stats , Move pre calculated commissions , Apply destination affiliate Revshare settings , Apply destination affiliate CPA Qualification",5/6/2025 10:43:42 AM,SONJA,Yes,35197
bullwaves-227685,227685,2287,35060,"User bullwaves-227685 was moved from affiliate 2287 to  affiliate 35060  With settings : Move media report stats , Move pre calculated commissions , Apply destination affiliate Revshare settings , Apply destination affiliate CPA Qualification",5/6/2025 10:29:54 AM,SONJA,Yes,35060
bullwaves-230892,230892,2287,35060,"User bullwaves-230892 was moved from affiliate 2287 to  affiliate 35060  With settings : Move media report stats , Move pre calculated commissions , Apply destination affiliate Revshare settings , Apply destination affiliate CPA Qualification",5/6/2025 10:29:02 AM,SONJA,Yes,35060
bullwaves-235129,235129,2287,35060,"User bullwaves-235129 was moved from affiliate 2287 to  affiliate 35060  With settings : Move media report stats , Move pre calculated commissions , Apply destination affiliate Revshare settings , Apply destination affiliate CPA Qualification",5/6/2025 8:27:38 AM,SONJA,Yes,35060
bullwaves-232971,232971,2287,35307,"User bullwaves-232971 was moved from affiliate 2287 to  affiliate 35307  With settings : Move media report stats , Apply destination affiliate Revshare settings , Apply destination affiliate CPA Qualification",5/6/2025 6:38:47 AM,Partners,Yes,35307
bullwaves-229317,229317,35290,35281,"User bullwaves-229317 was moved from affiliate 35290 to  affiliate 35281  With settings : Move media report stats , Move pre calculated commissions , Apply destination affiliate Revshare settings , Apply destination affiliate CPA Qualification",5/5/2025 11:08:13 AM,SONJA,Yes,35281
bullwaves-195922,195922,35224,35290,"User bullwaves-195922 was moved from affiliate 35224 to  affiliate 35290  With settings : Move media report stats , Apply destination affiliate Revshare settings , Apply destination affiliate CPA Qualification",5/5/2025 10:50:05 AM,Partners,Yes,35290
bullwaves-146851,146851,35197,35281,"User bullwaves-146851 was moved from affiliate 35197 to  affiliate 35281  With settings : Move media report stats , Move pre calculated commissions , Apply destination affiliate Revshare settings , Apply destination affiliate CPA Qualification",5/5/2025 9:20:11 AM,SONJA,Yes,35281
bullwaves-221809,221809,2287,35060,"User bullwaves-221809 was moved from affiliate 2287 to  affiliate 35060  With settings : Move media report stats , Move pre calculated commissions , Apply destination affiliate Revshare settings , Apply destination affiliate CPA Qualification",5/5/2025 9:11:36 AM,SONJA,Yes,35060
bullwaves-221809,221809,35060,2287,"User bullwaves-221809 was moved from affiliate 35060 to  affiliate 2287  With settings : Move media report stats , Move pre calculated commissions , Apply destination affiliate Revshare settings , Apply destination affiliate CPA Qualification",5/5/2025 9:11:08 AM,SONJA,Yes,2287
bullwaves-229127,229127,2287,35060,"User bullwaves-229127 was moved from affiliate 2287 to  affiliate 35060  With settings : Move media report stats , Move pre calculated commissions , Apply destination affiliate Revshare settings , Apply destination affiliate CPA Qualification",5/5/2025 8:48:00 AM,SONJA,Yes,35060
bullwaves-231361,231361,2287,35298,"User bullwaves-231361 was moved from affiliate 2287 to  affiliate 35298  With settings : Move media report stats , Move pre calculated commissions , Apply destination affiliate Revshare settings , Apply destination affiliate CPA Qualification",5/5/2025 7:57:41 AM,Partners,Yes,35298
bullwaves-188978,188978,2287,35231,"User bullwaves-188978 was moved from affiliate 2287 to  affiliate 35231  With settings : Move media report stats , Move pre calculated commissions , Apply destination affiliate Revshare settings , Apply destination affiliate CPA Qualification",5/5/2025 7:21:51 AM,Partners,Yes,35231
bullwaves-229609,229609,2287,35256,"User bullwaves-229609 was moved from affiliate 2287 to  affiliate 35256  With settings : Move media report stats , Move pre calculated commissions , Apply destination affiliate Revshare settings , Apply destination affiliate CPA Qualification",5/5/2025 7:12:14 AM,Partners,Yes,35256
bullwaves-223310,223310,2287,35060,"User bullwaves-223310 was moved from affiliate 2287 to  affiliate 35060  With settings : Move media report stats , Move pre calculated commissions , Apply destination affiliate Revshare settings , Apply destination affiliate CPA Qualification",5/2/2025 10:28:14 AM,SONJA,Yes,35060
bullwaves-148354,148354,35283,35060,"User bullwaves-148354 was moved from affiliate 35283 to  affiliate 35060  With settings : Move media report stats , Move pre calculated commissions , Apply destination affiliate Revshare settings , Apply destination affiliate CPA Qualification",5/2/2025 10:20:38 AM,SONJA,Yes,35060
bullwaves-223857,223857,2287,35198,"User bullwaves-223857 was moved from affiliate 2287 to  affiliate 35198  With settings : Move media report stats , Move pre calculated commissions , Apply destination affiliate Revshare settings , Apply destination affiliate CPA Qualification",5/1/2025 7:20:37 AM,SONJA,Yes,35198
bullwaves-201435,201435,35270,35060,"User bullwaves-201435 was moved from affiliate 35270 to  affiliate 35060  With settings : Move media report stats , Move pre calculated commissions , Apply destination affiliate Revshare settings , Apply destination affiliate CPA Qualification",4/30/2025 9:04:02 AM,SONJA,Yes,35060
bullwaves-201435,201435,2287,35270,"User bullwaves-201435 was moved from affiliate 2287 to  affiliate 35270  With settings : Move media report stats , Move pre calculated commissions , Apply destination affiliate Revshare settings , Apply destination affiliate CPA Qualification",4/30/2025 9:02:44 AM,SONJA,Yes,35270
bullwaves-218690,218690,2287,35270,"User bullwaves-218690 was moved from affiliate 2287 to  affiliate 35270  With settings : Move media report stats , Move pre calculated commissions , Apply destination affiliate Revshare settings , Apply destination affiliate CPA Qualification",4/30/2025 9:00:16 AM,SONJA,Yes,35270
bullwaves-221809,221809,2287,35060,"User bullwaves-221809 was moved from affiliate 2287 to  affiliate 35060  With settings : Move media report stats , Move pre calculated commissions , Apply destination affiliate Revshare settings , Apply destination affiliate CPA Qualification",4/30/2025 7:51:49 AM,SONJA,Yes,35060
bullwaves-221447,221447,2287,35060,"User bullwaves-221447 was moved from affiliate 2287 to  affiliate 35060  With settings : Move media report stats , Move pre calculated commissions , Apply destination affiliate Revshare settings , Apply destination affiliate CPA Qualification",4/30/2025 7:50:56 AM,SONJA,Yes,35060
bullwaves-215385,215385,2287,35198,"User bullwaves-215385 was moved from affiliate 2287 to  affiliate 35198  With settings : Move media report stats , Move pre calculated commissions , Apply destination affiliate Revshare settings , Apply destination affiliate CPA Qualification",4/29/2025 2:58:52 PM,SONJA,Yes,35198
bullwaves-210313,210313,2287,35060,"User bullwaves-210313 was moved from affiliate 2287 to  affiliate 35060  With settings : Move media report stats , Move pre calculated commissions , Apply destination affiliate Revshare settings , Apply destination affiliate CPA Qualification",4/29/2025 12:06:42 PM,SONJA,Yes,35060
bullwaves-210298,210298,35180,35060,"User bullwaves-210298 was moved from affiliate 35180 to  affiliate 35060  With settings : Move media report stats , Move pre calculated commissions , Apply destination affiliate Revshare settings , Apply destination affiliate CPA Qualification",4/29/2025 12:06:17 PM,SONJA,Yes,35060
bullwaves-220454,220454,2287,35060,"User bullwaves-220454 was moved from affiliate 2287 to  affiliate 35060  With settings : Move media report stats , Move pre calculated commissions , Apply destination affiliate Revshare settings , Apply destination affiliate CPA Qualification",4/29/2025 10:10:10 AM,SONJA,Yes,35060
bullwaves-185856,185856,35197,35060,"User bullwaves-185856 was moved from affiliate 35197 to  affiliate 35060  With settings : Move media report stats , Move pre calculated commissions , Apply destination affiliate Revshare settings , Apply destination affiliate CPA Qualification",4/29/2025 7:15:17 AM,SONJA,Yes,35060
bullwaves-185856,185856,2287,35197,"User bullwaves-185856 was moved from affiliate 2287 to  affiliate 35197  With settings : Move media report stats , Move pre calculated commissions , Apply destination affiliate Revshare settings , Apply destination affiliate CPA Qualification",4/29/2025 7:13:34 AM,SONJA,Yes,35197
bullwaves-215762,215762,2287,35197,"User bullwaves-215762 was moved from affiliate 2287 to  affiliate 35197  With settings : Move media report stats , Move pre calculated commissions , Apply destination affiliate Revshare settings , Apply destination affiliate CPA Qualification",4/28/2025 9:10:37 PM,Partners,Yes,35197
bullwaves-215411,215411,2287,35256,"User bullwaves-215411 was moved from affiliate 2287 to  affiliate 35256  With settings : Move media report stats , Move pre calculated commissions , Apply destination affiliate Revshare settings , Apply destination affiliate CPA Qualification",4/28/2025 8:22:01 AM,Partners,Yes,35256
bullwaves-211084,211084,2287,35270,"User bullwaves-211084 was moved from affiliate 2287 to  affiliate 35270  With settings : Move media report stats , Apply destination affiliate Revshare settings , Apply destination affiliate CPA Qualification",4/25/2025 10:34:54 AM,Partners,Yes,35270
bullwaves-212442,212442,2287,35060,"User bullwaves-212442 was moved from affiliate 2287 to  affiliate 35060  With settings : Move media report stats , Move pre calculated commissions , Apply destination affiliate Revshare settings , Apply destination affiliate CPA Qualification",4/25/2025 8:45:25 AM,SONJA,Yes,35060
bullwaves-212053,212053,2287,35060,"User bullwaves-212053 was moved from affiliate 2287 to  affiliate 35060  With settings : Move media report stats , Move pre calculated commissions , Apply destination affiliate Revshare settings , Apply destination affiliate CPA Qualification",4/24/2025 2:13:38 PM,SONJA,Yes,35060
bullwaves-209826,209826,2287,35060,"User bullwaves-209826 was moved from affiliate 2287 to  affiliate 35060  With settings : Move media report stats , Move pre calculated commissions , Apply destination affiliate Revshare settings , Apply destination affiliate CPA Qualification",4/24/2025 1:04:26 PM,SONJA,Yes,35060
bullwaves-36841,36841,35107,35270,"User bullwaves-36841 was moved from affiliate 35107 to  affiliate 35270  With settings : Move media report stats , Apply destination affiliate Revshare settings , Apply destination affiliate CPA Qualification",4/24/2025 5:40:30 AM,Partners,Yes,35270
bullwaves-207767,207767,2287,35060,"User bullwaves-207767 was moved from affiliate 2287 to  affiliate 35060  With settings : Move media report stats , Move pre calculated commissions , Apply destination affiliate Revshare settings , Apply destination affiliate CPA Qualification",4/23/2025 8:06:10 AM,SONJA,Yes,35060
bullwaves-145504,145504,35197,35284,"User bullwaves-145504 was moved from affiliate 35197 to  affiliate 35284  With settings : Move media report stats , Move pre calculated commissions , Apply destination affiliate Revshare settings , Apply destination affiliate CPA Qualification",4/22/2025 2:50:34 PM,SONJA,Yes,35284
bullwaves-153528,153528,35283,35060,"User bullwaves-153528 was moved from affiliate 35283 to  affiliate 35060  With settings : Move media report stats , Move pre calculated commissions , Apply destination affiliate Revshare settings , Apply destination affiliate CPA Qualification",4/22/2025 10:55:25 AM,SONJA,Yes,35060
bullwaves-43295,43295,35186,35285,"User bullwaves-43295 was moved from affiliate 35186 to  affiliate 35285  With settings : Move media report stats , Move pre calculated commissions , Apply destination affiliate Revshare settings , Apply destination affiliate CPA Qualification",4/22/2025 9:15:33 AM,Partners,Yes,35285
bullwaves-45428,45428,35186,35285,"User bullwaves-45428 was moved from affiliate 35186 to  affiliate 35285  With settings : Move media report stats , Move pre calculated commissions , Apply destination affiliate Revshare settings , Apply destination affiliate CPA Qualification",4/22/2025 8:32:01 AM,Partners,Yes,35285
bullwaves-195959,195959,2287,35284,"User bullwaves-195959 was moved from affiliate 2287 to  affiliate 35284  With settings : Move media report stats , Apply destination affiliate Revshare settings , Apply destination affiliate CPA Qualification",4/22/2025 6:21:29 AM,Partners,Yes,35284
bullwaves-29636,29636,35143,35198,"User bullwaves-29636 was moved from affiliate 35143 to  affiliate 35198  With settings : Move media report stats , Move pre calculated commissions , Apply destination affiliate Revshare settings , Apply destination affiliate CPA Qualification",4/18/2025 5:33:57 PM,Partners,Yes,35198
bullwaves-63506,63506,35180,35198,"User bullwaves-63506 was moved from affiliate 35180 to  affiliate 35198  With settings : Move media report stats , Move pre calculated commissions , Apply destination affiliate Revshare settings , Apply destination affiliate CPA Qualification",4/17/2025 5:24:29 PM,Partners,Yes,35198
bullwaves-191373,191373,2287,35224,"User bullwaves-191373 was moved from affiliate 2287 to  affiliate 35224  With settings : Move media report stats , Move pre calculated commissions , Apply destination affiliate Revshare settings , Apply destination affiliate CPA Qualification",4/17/2025 1:26:21 PM,SONJA,Yes,35224
bullwaves-29127,29127,2287,35283,"User bullwaves-29127 was moved from affiliate 2287 to  affiliate 35283  With settings : Move media report stats , Apply destination affiliate Revshare settings , Apply destination affiliate CPA Qualification",4/17/2025 11:45:18 AM,cx-akmal,Yes,35283
bullwaves-28690,28690,2287,35283,"User bullwaves-28690 was moved from affiliate 2287 to  affiliate 35283  With settings : Move media report stats , Apply destination affiliate Revshare settings , Apply destination affiliate CPA Qualification",4/17/2025 11:45:17 AM,cx-akmal,Yes,35283
bullwaves-28673,28673,2287,35283,"User bullwaves-28673 was moved from affiliate 2287 to  affiliate 35283  With settings : Move media report stats , Apply destination affiliate Revshare settings , Apply destination affiliate CPA Qualification",4/17/2025 11:45:17 AM,cx-akmal,Yes,35283
bullwaves-28880,28880,2287,35283,"User bullwaves-28880 was moved from affiliate 2287 to  affiliate 35283  With settings : Move media report stats , Apply destination affiliate Revshare settings , Apply destination affiliate CPA Qualification",4/17/2025 11:45:15 AM,cx-akmal,Yes,35283
bullwaves-28777,28777,2287,35283,"User bullwaves-28777 was moved from affiliate 2287 to  affiliate 35283  With settings : Move media report stats , Apply destination affiliate Revshare settings , Apply destination affiliate CPA Qualification",4/17/2025 11:45:14 AM,cx-akmal,Yes,35283
bullwaves-28633,28633,2287,35283,"User bullwaves-28633 was moved from affiliate 2287 to  affiliate 35283  With settings : Move media report stats , Apply destination affiliate Revshare settings , Apply destination affiliate CPA Qualification",4/17/2025 11:45:14 AM,cx-akmal,Yes,35283
bullwaves-28988,28988,2287,35283,"User bullwaves-28988 was moved from affiliate 2287 to  affiliate 35283  With settings : Move media report stats , Apply destination affiliate Revshare settings , Apply destination affiliate CPA Qualification",4/17/2025 11:45:12 AM,cx-akmal,Yes,35283
bullwaves-29015,29015,2287,35283,"User bullwaves-29015 was moved from affiliate 2287 to  affiliate 35283  With settings : Move media report stats , Apply destination affiliate Revshare settings , Apply destination affiliate CPA Qualification",4/17/2025 11:45:11 AM,cx-akmal,Yes,35283
bullwaves-28729,28729,2287,35283,"User bullwaves-28729 was moved from affiliate 2287 to  affiliate 35283  With settings : Move media report stats , Apply destination affiliate Revshare settings , Apply destination affiliate CPA Qualification",4/17/2025 11:45:09 AM,cx-akmal,Yes,35283
bullwaves-28729,28729,2287,35283,"User bullwaves-28729 was moved from affiliate 2287 to  affiliate 35283  With settings : Move media report stats , Apply destination affiliate Revshare settings , Apply destination affiliate CPA Qualification",4/17/2025 11:45:08 AM,cx-akmal,Yes,2287
bullwaves-29210,29210,2287,35283,"User bullwaves-29210 was moved from affiliate 2287 to  affiliate 35283  With settings : Move media report stats , Apply destination affiliate Revshare settings , Apply destination affiliate CPA Qualification",4/17/2025 11:45:06 AM,cx-akmal,Yes,35283
bullwaves-29224,29224,2287,35283,"User bullwaves-29224 was moved from affiliate 2287 to  affiliate 35283  With settings : Move media report stats , Apply destination affiliate Revshare settings , Apply destination affiliate CPA Qualification",4/17/2025 11:45:05 AM,cx-akmal,Yes,35283
bullwaves-29239,29239,2287,35283,"User bullwaves-29239 was moved from affiliate 2287 to  affiliate 35283  With settings : Move media report stats , Apply destination affiliate Revshare settings , Apply destination affiliate CPA Qualification",4/17/2025 11:45:05 AM,cx-akmal,Yes,35283
bullwaves-29250,29250,2287,35283,"User bullwaves-29250 was moved from affiliate 2287 to  affiliate 35283  With settings : Move media report stats , Apply destination affiliate Revshare settings , Apply destination affiliate CPA Qualification",4/17/2025 11:45:03 AM,cx-akmal,Yes,35283
bullwaves-29274,29274,2287,35283,"User bullwaves-29274 was moved from affiliate 2287 to  affiliate 35283  With settings : Move media report stats , Apply destination affiliate Revshare settings , Apply destination affiliate CPA Qualification",4/17/2025 11:45:02 AM,cx-akmal,Yes,35283
bullwaves-29369,29369,2287,35283,"User bullwaves-29369 was moved from affiliate 2287 to  affiliate 35283  With settings : Move media report stats , Apply destination affiliate Revshare settings , Apply destination affiliate CPA Qualification",4/17/2025 11:45:01 AM,cx-akmal,Yes,35283
bullwaves-29391,29391,2287,35283,"User bullwaves-29391 was moved from affiliate 2287 to  affiliate 35283  With settings : Move media report stats , Apply destination affiliate Revshare settings , Apply destination affiliate CPA Qualification",4/17/2025 11:45:00 AM,cx-akmal,Yes,35283
bullwaves-29485,29485,2287,35283,"User bullwaves-29485 was moved from affiliate 2287 to  affiliate 35283  With settings : Move media report stats , Apply destination affiliate Revshare settings , Apply destination affiliate CPA Qualification",4/17/2025 11:44:58 AM,cx-akmal,Yes,35283
bullwaves-29598,29598,2287,35283,"User bullwaves-29598 was moved from affiliate 2287 to  affiliate 35283  With settings : Move media report stats , Apply destination affiliate Revshare settings , Apply destination affiliate CPA Qualification",4/17/2025 11:44:57 AM,cx-akmal,Yes,35283
bullwaves-29625,29625,2287,35283,"User bullwaves-29625 was moved from affiliate 2287 to  affiliate 35283  With settings : Move media report stats , Apply destination affiliate Revshare settings , Apply destination affiliate CPA Qualification",4/17/2025 11:44:55 AM,cx-akmal,Yes,35283
bullwaves-29903,29903,2287,35283,"User bullwaves-29903 was moved from affiliate 2287 to  affiliate 35283  With settings : Move media report stats , Apply destination affiliate Revshare settings , Apply destination affiliate CPA Qualification",4/17/2025 11:44:54 AM,cx-akmal,Yes,35283
bullwaves-29947,29947,2287,35283,"User bullwaves-29947 was moved from affiliate 2287 to  affiliate 35283  With settings : Move media report stats , Apply destination affiliate Revshare settings , Apply destination affiliate CPA Qualification",4/17/2025 11:44:54 AM,cx-akmal,Yes,35283
bullwaves-30036,30036,2287,35283,"User bullwaves-30036 was moved from affiliate 2287 to  affiliate 35283  With settings : Move media report stats , Apply destination affiliate Revshare settings , Apply destination affiliate CPA Qualification",4/17/2025 11:44:52 AM,cx-akmal,Yes,35283
bullwaves-30123,30123,2287,35283,"User bullwaves-30123 was moved from affiliate 2287 to  affiliate 35283  With settings : Move media report stats , Apply destination affiliate Revshare settings , Apply destination affiliate CPA Qualification",4/17/2025 11:44:51 AM,cx-akmal,Yes,35283
bullwaves-30234,30234,2287,35283,"User bullwaves-30234 was moved from affiliate 2287 to  affiliate 35283  With settings : Move media report stats , Apply destination affiliate Revshare settings , Apply destination affiliate CPA Qualification",4/17/2025 11:44:50 AM,cx-akmal,Yes,35283
bullwaves-30353,30353,2287,35283,"User bullwaves-30353 was moved from affiliate 2287 to  affiliate 35283  With settings : Move media report stats , Apply destination affiliate Revshare settings , Apply destination affiliate CPA Qualification",4/17/2025 11:44:48 AM,cx-akmal,Yes,35283
bullwaves-30424,30424,2287,35283,"User bullwaves-30424 was moved from affiliate 2287 to  affiliate 35283  With settings : Move media report stats , Apply destination affiliate Revshare settings , Apply destination affiliate CPA Qualification",4/17/2025 11:44:48 AM,cx-akmal,Yes,35283
bullwaves-30466,30466,2287,35283,"User bullwaves-30466 was moved from affiliate 2287 to  affiliate 35283  With settings : Move media report stats , Apply destination affiliate Revshare settings , Apply destination affiliate CPA Qualification",4/17/2025 11:44:47 AM,cx-akmal,Yes,35283
bullwaves-30698,30698,2287,35283,"User bullwaves-30698 was moved from affiliate 2287 to  affiliate 35283  With settings : Move media report stats , Apply destination affiliate Revshare settings , Apply destination affiliate CPA Qualification",4/17/2025 11:44:47 AM,cx-akmal,Yes,35283
bullwaves-30722,30722,2287,35283,"User bullwaves-30722 was moved from affiliate 2287 to  affiliate 35283  With settings : Move media report stats , Apply destination affiliate Revshare settings , Apply destination affiliate CPA Qualification",4/17/2025 11:44:45 AM,cx-akmal,Yes,35283
bullwaves-30741,30741,2287,35283,"User bullwaves-30741 was moved from affiliate 2287 to  affiliate 35283  With settings : Move media report stats , Apply destination affiliate Revshare settings , Apply destination affiliate CPA Qualification",4/17/2025 11:44:44 AM,cx-akmal,Yes,35283
bullwaves-30738,30738,2287,35283,"User bullwaves-30738 was moved from affiliate 2287 to  affiliate 35283  With settings : Move media report stats , Apply destination affiliate Revshare settings , Apply destination affiliate CPA Qualification",4/17/2025 11:44:44 AM,cx-akmal,Yes,35283
bullwaves-30719,30719,2287,35283,"User bullwaves-30719 was moved from affiliate 2287 to  affiliate 35283  With settings : Move media report stats , Apply destination affiliate Revshare settings , Apply destination affiliate CPA Qualification",4/17/2025 11:44:42 AM,cx-akmal,Yes,35283
bullwaves-30728,30728,2287,35283,"User bullwaves-30728 was moved from affiliate 2287 to  affiliate 35283  With settings : Move media report stats , Apply destination affiliate Revshare settings , Apply destination affiliate CPA Qualification",4/17/2025 11:44:41 AM,cx-akmal,Yes,35283
bullwaves-30727,30727,2287,35283,"User bullwaves-30727 was moved from affiliate 2287 to  affiliate 35283  With settings : Move media report stats , Apply destination affiliate Revshare settings , Apply destination affiliate CPA Qualification",4/17/2025 11:44:39 AM,cx-akmal,Yes,35283
bullwaves-30717,30717,2287,35283,"User bullwaves-30717 was moved from affiliate 2287 to  affiliate 35283  With settings : Move media report stats , Apply destination affiliate Revshare settings , Apply destination affiliate CPA Qualification",4/17/2025 11:44:37 AM,cx-akmal,Yes,35283
bullwaves-30730,30730,2287,35283,"User bullwaves-30730 was moved from affiliate 2287 to  affiliate 35283  With settings : Move media report stats , Apply destination affiliate Revshare settings , Apply destination affiliate CPA Qualification",4/17/2025 11:44:36 AM,cx-akmal,Yes,35283
bullwaves-30718,30718,2287,35283,"User bullwaves-30718 was moved from affiliate 2287 to  affiliate 35283  With settings : Move media report stats , Apply destination affiliate Revshare settings , Apply destination affiliate CPA Qualification",4/17/2025 11:44:35 AM,cx-akmal,Yes,35283
bullwaves-30729,30729,2287,35283,"User bullwaves-30729 was moved from affiliate 2287 to  affiliate 35283  With settings : Move media report stats , Apply destination affiliate Revshare settings , Apply destination affiliate CPA Qualification",4/17/2025 11:44:33 AM,cx-akmal,Yes,35283
bullwaves-30721,30721,2287,35283,"User bullwaves-30721 was moved from affiliate 2287 to  affiliate 35283  With settings : Move media report stats , Apply destination affiliate Revshare settings , Apply destination affiliate CPA Qualification",4/17/2025 11:44:33 AM,cx-akmal,Yes,35283
bullwaves-30725,30725,2287,35283,"User bullwaves-30725 was moved from affiliate 2287 to  affiliate 35283  With settings : Move media report stats , Apply destination affiliate Revshare settings , Apply destination affiliate CPA Qualification",4/17/2025 11:44:32 AM,cx-akmal,Yes,35283
bullwaves-30712,30712,2287,35283,"User bullwaves-30712 was moved from affiliate 2287 to  affiliate 35283  With settings : Move media report stats , Apply destination affiliate Revshare settings , Apply destination affiliate CPA Qualification",4/17/2025 11:44:30 AM,cx-akmal,Yes,35283
bullwaves-30736,30736,2287,35283,"User bullwaves-30736 was moved from affiliate 2287 to  affiliate 35283  With settings : Move media report stats , Apply destination affiliate Revshare settings , Apply destination affiliate CPA Qualification",4/17/2025 11:44:29 AM,cx-akmal,Yes,35283
bullwaves-30720,30720,2287,35283,"User bullwaves-30720 was moved from affiliate 2287 to  affiliate 35283  With settings : Move media report stats , Apply destination affiliate Revshare settings , Apply destination affiliate CPA Qualification",4/17/2025 11:44:27 AM,cx-akmal,Yes,35283
bullwaves-30732,30732,2287,35283,"User bullwaves-30732 was moved from affiliate 2287 to  affiliate 35283  With settings : Move media report stats , Apply destination affiliate Revshare settings , Apply destination affiliate CPA Qualification",4/17/2025 11:44:27 AM,cx-akmal,Yes,35283
bullwaves-30724,30724,2287,35283,"User bullwaves-30724 was moved from affiliate 2287 to  affiliate 35283  With settings : Move media report stats , Apply destination affiliate Revshare settings , Apply destination affiliate CPA Qualification",4/17/2025 11:44:26 AM,cx-akmal,Yes,35283
bullwaves-30715,30715,2287,35283,"User bullwaves-30715 was moved from affiliate 2287 to  affiliate 35283  With settings : Move media report stats , Apply destination affiliate Revshare settings , Apply destination affiliate CPA Qualification",4/17/2025 11:44:24 AM,cx-akmal,Yes,35283
bullwaves-30731,30731,2287,35283,"User bullwaves-30731 was moved from affiliate 2287 to  affiliate 35283  With settings : Move media report stats , Apply destination affiliate Revshare settings , Apply destination affiliate CPA Qualification",4/17/2025 11:44:23 AM,cx-akmal,Yes,35283
bullwaves-30734,30734,2287,35283,"User bullwaves-30734 was moved from affiliate 2287 to  affiliate 35283  With settings : Move media report stats , Apply destination affiliate Revshare settings , Apply destination affiliate CPA Qualification",4/17/2025 11:44:22 AM,cx-akmal,Yes,35283
bullwaves-30739,30739,2287,35283,"User bullwaves-30739 was moved from affiliate 2287 to  affiliate 35283  With settings : Move media report stats , Apply destination affiliate Revshare settings , Apply destination affiliate CPA Qualification",4/17/2025 11:44:20 AM,cx-akmal,Yes,35283
bullwaves-30723,30723,2287,35283,"User bullwaves-30723 was moved from affiliate 2287 to  affiliate 35283  With settings : Move media report stats , Apply destination affiliate Revshare settings , Apply destination affiliate CPA Qualification",4/17/2025 11:44:20 AM,cx-akmal,Yes,35283
bullwaves-30737,30737,2287,35283,"User bullwaves-30737 was moved from affiliate 2287 to  affiliate 35283  With settings : Move media report stats , Apply destination affiliate Revshare settings , Apply destination affiliate CPA Qualification",4/17/2025 11:44:19 AM,cx-akmal,Yes,35283
bullwaves-30714,30714,2287,35283,"User bullwaves-30714 was moved from affiliate 2287 to  affiliate 35283  With settings : Move media report stats , Apply destination affiliate Revshare settings , Apply destination affiliate CPA Qualification",4/17/2025 11:44:17 AM,cx-akmal,Yes,35283
bullwaves-30726,30726,2287,35283,"User bullwaves-30726 was moved from affiliate 2287 to  affiliate 35283  With settings : Move media report stats , Apply destination affiliate Revshare settings , Apply destination affiliate CPA Qualification",4/17/2025 11:44:17 AM,cx-akmal,Yes,35283
bullwaves-30733,30733,2287,35283,"User bullwaves-30733 was moved from affiliate 2287 to  affiliate 35283  With settings : Move media report stats , Apply destination affiliate Revshare settings , Apply destination affiliate CPA Qualification",4/17/2025 11:44:16 AM,cx-akmal,Yes,35283
bullwaves-30735,30735,2287,35283,"User bullwaves-30735 was moved from affiliate 2287 to  affiliate 35283  With settings : Move media report stats , Apply destination affiliate Revshare settings , Apply destination affiliate CPA Qualification",4/17/2025 11:44:14 AM,cx-akmal,Yes,35283
bullwaves-30713,30713,2287,35283,"User bullwaves-30713 was moved from affiliate 2287 to  affiliate 35283  With settings : Move media report stats , Apply destination affiliate Revshare settings , Apply destination affiliate CPA Qualification",4/17/2025 11:44:14 AM,cx-akmal,Yes,35283
bullwaves-30828,30828,2287,35283,"User bullwaves-30828 was moved from affiliate 2287 to  affiliate 35283  With settings : Move media report stats , Apply destination affiliate Revshare settings , Apply destination affiliate CPA Qualification",4/17/2025 11:44:13 AM,cx-akmal,Yes,35283
bullwaves-30848,30848,2287,35283,"User bullwaves-30848 was moved from affiliate 2287 to  affiliate 35283  With settings : Move media report stats , Apply destination affiliate Revshare settings , Apply destination affiliate CPA Qualification",4/17/2025 11:44:11 AM,cx-akmal,Yes,35283
bullwaves-30899,30899,2287,35283,"User bullwaves-30899 was moved from affiliate 2287 to  affiliate 35283  With settings : Move media report stats , Apply destination affiliate Revshare settings , Apply destination affiliate CPA Qualification",4/17/2025 11:44:10 AM,cx-akmal,Yes,35283
bullwaves-30893,30893,2287,35283,"User bullwaves-30893 was moved from affiliate 2287 to  affiliate 35283  With settings : Move media report stats , Apply destination affiliate Revshare settings , Apply destination affiliate CPA Qualification",4/17/2025 11:44:09 AM,cx-akmal,Yes,35283
bullwaves-30908,30908,2287,35283,"User bullwaves-30908 was moved from affiliate 2287 to  affiliate 35283  With settings : Move media report stats , Apply destination affiliate Revshare settings , Apply destination affiliate CPA Qualification",4/17/2025 11:44:07 AM,cx-akmal,Yes,35283
bullwaves-30905,30905,2287,35283,"User bullwaves-30905 was moved from affiliate 2287 to  affiliate 35283  With settings : Move media report stats , Apply destination affiliate Revshare settings , Apply destination affiliate CPA Qualification",4/17/2025 11:44:06 AM,cx-akmal,Yes,35283
bullwaves-30902,30902,2287,35283,"User bullwaves-30902 was moved from affiliate 2287 to  affiliate 35283  With settings : Move media report stats , Apply destination affiliate Revshare settings , Apply destination affiliate CPA Qualification",4/17/2025 11:44:06 AM,cx-akmal,Yes,35283
bullwaves-30896,30896,2287,35283,"User bullwaves-30896 was moved from affiliate 2287 to  affiliate 35283  With settings : Move media report stats , Apply destination affiliate Revshare settings , Apply destination affiliate CPA Qualification",4/17/2025 11:44:04 AM,cx-akmal,Yes,35283
bullwaves-30900,30900,2287,35283,"User bullwaves-30900 was moved from affiliate 2287 to  affiliate 35283  With settings : Move media report stats , Apply destination affiliate Revshare settings , Apply destination affiliate CPA Qualification",4/17/2025 11:44:03 AM,cx-akmal,Yes,35283
bullwaves-30904,30904,2287,35283,"User bullwaves-30904 was moved from affiliate 2287 to  affiliate 35283  With settings : Move media report stats , Apply destination affiliate Revshare settings , Apply destination affiliate CPA Qualification",4/17/2025 11:44:03 AM,cx-akmal,Yes,35283
bullwaves-30903,30903,2287,35283,"User bullwaves-30903 was moved from affiliate 2287 to  affiliate 35283  With settings : Move media report stats , Apply destination affiliate Revshare settings , Apply destination affiliate CPA Qualification",4/17/2025 11:44:01 AM,cx-akmal,Yes,35283
bullwaves-30907,30907,2287,35283,"User bullwaves-30907 was moved from affiliate 2287 to  affiliate 35283  With settings : Move media report stats , Apply destination affiliate Revshare settings , Apply destination affiliate CPA Qualification",4/17/2025 11:43:58 AM,cx-akmal,Yes,35283
bullwaves-30898,30898,2287,35283,"User bullwaves-30898 was moved from affiliate 2287 to  affiliate 35283  With settings : Move media report stats , Apply destination affiliate Revshare settings , Apply destination affiliate CPA Qualification",4/17/2025 11:43:57 AM,cx-akmal,Yes,35283
bullwaves-30895,30895,2287,35283,"User bullwaves-30895 was moved from affiliate 2287 to  affiliate 35283  With settings : Move media report stats , Apply destination affiliate Revshare settings , Apply destination affiliate CPA Qualification",4/17/2025 11:43:55 AM,cx-akmal,Yes,35283
bullwaves-30901,30901,2287,35283,"User bullwaves-30901 was moved from affiliate 2287 to  affiliate 35283  With settings : Move media report stats , Apply destination affiliate Revshare settings , Apply destination affiliate CPA Qualification",4/17/2025 11:43:54 AM,cx-akmal,Yes,35283
bullwaves-30906,30906,2287,35283,"User bullwaves-30906 was moved from affiliate 2287 to  affiliate 35283  With settings : Move media report stats , Apply destination affiliate Revshare settings , Apply destination affiliate CPA Qualification",4/17/2025 11:43:53 AM,cx-akmal,Yes,35283
bullwaves-30910,30910,2287,35283,"User bullwaves-30910 was moved from affiliate 2287 to  affiliate 35283  With settings : Move media report stats , Apply destination affiliate Revshare settings , Apply destination affiliate CPA Qualification",4/17/2025 11:43:51 AM,cx-akmal,Yes,35283
bullwaves-30897,30897,2287,35283,"User bullwaves-30897 was moved from affiliate 2287 to  affiliate 35283  With settings : Move media report stats , Apply destination affiliate Revshare settings , Apply destination affiliate CPA Qualification",4/17/2025 11:43:49 AM,cx-akmal,Yes,35283
bullwaves-30909,30909,2287,35283,"User bullwaves-30909 was moved from affiliate 2287 to  affiliate 35283  With settings : Move media report stats , Apply destination affiliate Revshare settings , Apply destination affiliate CPA Qualification",4/17/2025 11:43:49 AM,cx-akmal,Yes,35283
bullwaves-30894,30894,2287,35283,"User bullwaves-30894 was moved from affiliate 2287 to  affiliate 35283  With settings : Move media report stats , Apply destination affiliate Revshare settings , Apply destination affiliate CPA Qualification",4/17/2025 11:43:48 AM,cx-akmal,Yes,35283
bullwaves-31157,31157,2287,35283,"User bullwaves-31157 was moved from affiliate 2287 to  affiliate 35283  With settings : Move media report stats , Apply destination affiliate Revshare settings , Apply destination affiliate CPA Qualification",4/17/2025 11:43:46 AM,cx-akmal,Yes,35283
bullwaves-31190,31190,2287,35283,"User bullwaves-31190 was moved from affiliate 2287 to  affiliate 35283  With settings : Move media report stats , Apply destination affiliate Revshare settings , Apply destination affiliate CPA Qualification",4/17/2025 11:43:46 AM,cx-akmal,Yes,35283
bullwaves-31194,31194,2287,35283,"User bullwaves-31194 was moved from affiliate 2287 to  affiliate 35283  With settings : Move media report stats , Apply destination affiliate Revshare settings , Apply destination affiliate CPA Qualification",4/17/2025 11:43:45 AM,cx-akmal,Yes,35283
bullwaves-31218,31218,2287,35283,"User bullwaves-31218 was moved from affiliate 2287 to  affiliate 35283  With settings : Move media report stats , Apply destination affiliate Revshare settings , Apply destination affiliate CPA Qualification",4/17/2025 11:43:43 AM,cx-akmal,Yes,35283
bullwaves-31299,31299,2287,35283,"User bullwaves-31299 was moved from affiliate 2287 to  affiliate 35283  With settings : Move media report stats , Apply destination affiliate Revshare settings , Apply destination affiliate CPA Qualification",4/17/2025 11:43:43 AM,cx-akmal,Yes,35283
bullwaves-31302,31302,2287,35283,"User bullwaves-31302 was moved from affiliate 2287 to  affiliate 35283  With settings : Move media report stats , Apply destination affiliate Revshare settings , Apply destination affiliate CPA Qualification",4/17/2025 11:43:42 AM,cx-akmal,Yes,35283
bullwaves-31381,31381,2287,35283,"User bullwaves-31381 was moved from affiliate 2287 to  affiliate 35283  With settings : Move media report stats , Apply destination affiliate Revshare settings , Apply destination affiliate CPA Qualification",4/17/2025 11:43:40 AM,cx-akmal,Yes,35283
bullwaves-31677,31677,2287,35283,"User bullwaves-31677 was moved from affiliate 2287 to  affiliate 35283  With settings : Move media report stats , Apply destination affiliate Revshare settings , Apply destination affiliate CPA Qualification",4/17/2025 11:43:39 AM,cx-akmal,Yes,35283
bullwaves-31873,31873,2287,35283,"User bullwaves-31873 was moved from affiliate 2287 to  affiliate 35283  With settings : Move media report stats , Apply destination affiliate Revshare settings , Apply destination affiliate CPA Qualification",4/17/2025 11:43:38 AM,cx-akmal,Yes,35283
bullwaves-31923,31923,2287,35283,"User bullwaves-31923 was moved from affiliate 2287 to  affiliate 35283  With settings : Move media report stats , Apply destination affiliate Revshare settings , Apply destination affiliate CPA Qualification",4/17/2025 11:43:37 AM,cx-akmal,Yes,35283
bullwaves-31942,31942,2287,35283,"User bullwaves-31942 was moved from affiliate 2287 to  affiliate 35283  With settings : Move media report stats , Apply destination affiliate Revshare settings , Apply destination affiliate CPA Qualification",4/17/2025 11:43:35 AM,cx-akmal,Yes,35283
bullwaves-31962,31962,2287,35283,"User bullwaves-31962 was moved from affiliate 2287 to  affiliate 35283  With settings : Move media report stats , Apply destination affiliate Revshare settings , Apply destination affiliate CPA Qualification",4/17/2025 11:43:34 AM,cx-akmal,Yes,35283
bullwaves-31978,31978,2287,35283,"User bullwaves-31978 was moved from affiliate 2287 to  affiliate 35283  With settings : Move media report stats , Apply destination affiliate Revshare settings , Apply destination affiliate CPA Qualification",4/17/2025 11:43:32 AM,cx-akmal,Yes,35283
bullwaves-31959,31959,2287,35283,"User bullwaves-31959 was moved from affiliate 2287 to  affiliate 35283  With settings : Move media report stats , Apply destination affiliate Revshare settings , Apply destination affiliate CPA Qualification",4/17/2025 11:43:32 AM,cx-akmal,Yes,35283
bullwaves-31979,31979,2287,35283,"User bullwaves-31979 was moved from affiliate 2287 to  affiliate 35283  With settings : Move media report stats , Apply destination affiliate Revshare settings , Apply destination affiliate CPA Qualification",4/17/2025 11:43:30 AM,cx-akmal,Yes,35283
bullwaves-31977,31977,2287,35283,"User bullwaves-31977 was moved from affiliate 2287 to  affiliate 35283  With settings : Move media report stats , Apply destination affiliate Revshare settings , Apply destination affiliate CPA Qualification",4/17/2025 11:43:28 AM,cx-akmal,Yes,35283
bullwaves-31981,31981,2287,35283,"User bullwaves-31981 was moved from affiliate 2287 to  affiliate 35283  With settings : Move media report stats , Apply destination affiliate Revshare settings , Apply destination affiliate CPA Qualification",4/17/2025 11:43:28 AM,cx-akmal,Yes,35283
bullwaves-31967,31967,2287,35283,"User bullwaves-31967 was moved from affiliate 2287 to  affiliate 35283  With settings : Move media report stats , Apply destination affiliate Revshare settings , Apply destination affiliate CPA Qualification",4/17/2025 11:43:27 AM,cx-akmal,Yes,35283
bullwaves-31992,31992,2287,35283,"User bullwaves-31992 was moved from affiliate 2287 to  affiliate 35283  With settings : Move media report stats , Apply destination affiliate Revshare settings , Apply destination affiliate CPA Qualification",4/17/2025 11:43:26 AM,cx-akmal,Yes,35283
bullwaves-31969,31969,2287,35283,"User bullwaves-31969 was moved from affiliate 2287 to  affiliate 35283  With settings : Move media report stats , Apply destination affiliate Revshare settings , Apply destination affiliate CPA Qualification",4/17/2025 11:43:25 AM,cx-akmal,Yes,35283
bullwaves-31968,31968,2287,35283,"User bullwaves-31968 was moved from affiliate 2287 to  affiliate 35283  With settings : Move media report stats , Apply destination affiliate Revshare settings , Apply destination affiliate CPA Qualification",4/17/2025 11:43:23 AM,cx-akmal,Yes,35283
bullwaves-32013,32013,2287,35283,"User bullwaves-32013 was moved from affiliate 2287 to  affiliate 35283  With settings : Move media report stats , Apply destination affiliate Revshare settings , Apply destination affiliate CPA Qualification",4/17/2025 11:43:22 AM,cx-akmal,Yes,35283
bullwaves-31957,31957,2287,35283,"User bullwaves-31957 was moved from affiliate 2287 to  affiliate 35283  With settings : Move media report stats , Apply destination affiliate Revshare settings , Apply destination affiliate CPA Qualification",4/17/2025 11:43:21 AM,cx-akmal,Yes,35283
bullwaves-31985,31985,2287,35283,"User bullwaves-31985 was moved from affiliate 2287 to  affiliate 35283  With settings : Move media report stats , Apply destination affiliate Revshare settings , Apply destination affiliate CPA Qualification",4/17/2025 11:43:20 AM,cx-akmal,Yes,35283
bullwaves-31984,31984,2287,35283,"User bullwaves-31984 was moved from affiliate 2287 to  affiliate 35283  With settings : Move media report stats , Apply destination affiliate Revshare settings , Apply destination affiliate CPA Qualification",4/17/2025 11:43:19 AM,cx-akmal,Yes,35283
bullwaves-31961,31961,2287,35283,"User bullwaves-31961 was moved from affiliate 2287 to  affiliate 35283  With settings : Move media report stats , Apply destination affiliate Revshare settings , Apply destination affiliate CPA Qualification",4/17/2025 11:43:19 AM,cx-akmal,Yes,35283
bullwaves-31990,31990,2287,35283,"User bullwaves-31990 was moved from affiliate 2287 to  affiliate 35283  With settings : Move media report stats , Apply destination affiliate Revshare settings , Apply destination affiliate CPA Qualification",4/17/2025 11:43:17 AM,cx-akmal,Yes,35283
bullwaves-31983,31983,2287,35283,"User bullwaves-31983 was moved from affiliate 2287 to  affiliate 35283  With settings : Move media report stats , Apply destination affiliate Revshare settings , Apply destination affiliate CPA Qualification",4/17/2025 11:43:16 AM,cx-akmal,Yes,35283
bullwaves-31989,31989,2287,35283,"User bullwaves-31989 was moved from affiliate 2287 to  affiliate 35283  With settings : Move media report stats , Apply destination affiliate Revshare settings , Apply destination affiliate CPA Qualification",4/17/2025 11:43:16 AM,cx-akmal,Yes,35283
bullwaves-31987,31987,2287,35283,"User bullwaves-31987 was moved from affiliate 2287 to  affiliate 35283  With settings : Move media report stats , Apply destination affiliate Revshare settings , Apply destination affiliate CPA Qualification",4/17/2025 11:43:14 AM,cx-akmal,Yes,35283
bullwaves-31971,31971,2287,35283,"User bullwaves-31971 was moved from affiliate 2287 to  affiliate 35283  With settings : Move media report stats , Apply destination affiliate Revshare settings , Apply destination affiliate CPA Qualification",4/17/2025 11:43:13 AM,cx-akmal,Yes,35283
bullwaves-31960,31960,2287,35283,"User bullwaves-31960 was moved from affiliate 2287 to  affiliate 35283  With settings : Move media report stats , Apply destination affiliate Revshare settings , Apply destination affiliate CPA Qualification",4/17/2025 11:43:12 AM,cx-akmal,Yes,35283
bullwaves-32009,32009,2287,35283,"User bullwaves-32009 was moved from affiliate 2287 to  affiliate 35283  With settings : Move media report stats , Apply destination affiliate Revshare settings , Apply destination affiliate CPA Qualification",4/17/2025 11:43:11 AM,cx-akmal,Yes,35283
bullwaves-31954,31954,2287,35283,"User bullwaves-31954 was moved from affiliate 2287 to  affiliate 35283  With settings : Move media report stats , Apply destination affiliate Revshare settings , Apply destination affiliate CPA Qualification",4/17/2025 11:43:09 AM,cx-akmal,Yes,35283
bullwaves-31970,31970,2287,35283,"User bullwaves-31970 was moved from affiliate 2287 to  affiliate 35283  With settings : Move media report stats , Apply destination affiliate Revshare settings , Apply destination affiliate CPA Qualification",4/17/2025 11:43:08 AM,cx-akmal,Yes,35283
bullwaves-31975,31975,2287,35283,"User bullwaves-31975 was moved from affiliate 2287 to  affiliate 35283  With settings : Move media report stats , Apply destination affiliate Revshare settings , Apply destination affiliate CPA Qualification",4/17/2025 11:43:06 AM,cx-akmal,Yes,35283
bullwaves-31955,31955,2287,35283,"User bullwaves-31955 was moved from affiliate 2287 to  affiliate 35283  With settings : Move media report stats , Apply destination affiliate Revshare settings , Apply destination affiliate CPA Qualification",4/17/2025 11:43:05 AM,cx-akmal,Yes,35283
bullwaves-32010,32010,2287,35283,"User bullwaves-32010 was moved from affiliate 2287 to  affiliate 35283  With settings : Move media report stats , Apply destination affiliate Revshare settings , Apply destination affiliate CPA Qualification",4/17/2025 11:43:05 AM,cx-akmal,Yes,35283
bullwaves-31965,31965,2287,35283,"User bullwaves-31965 was moved from affiliate 2287 to  affiliate 35283  With settings : Move media report stats , Apply destination affiliate Revshare settings , Apply destination affiliate CPA Qualification",4/17/2025 11:43:03 AM,cx-akmal,Yes,35283
bullwaves-31973,31973,2287,35283,"User bullwaves-31973 was moved from affiliate 2287 to  affiliate 35283  With settings : Move media report stats , Apply destination affiliate Revshare settings , Apply destination affiliate CPA Qualification",4/17/2025 11:43:02 AM,cx-akmal,Yes,35283
bullwaves-31964,31964,2287,35283,"User bullwaves-31964 was moved from affiliate 2287 to  affiliate 35283  With settings : Move media report stats , Apply destination affiliate Revshare settings , Apply destination affiliate CPA Qualification",4/17/2025 11:43:02 AM,cx-akmal,Yes,35283
bullwaves-31972,31972,2287,35283,"User bullwaves-31972 was moved from affiliate 2287 to  affiliate 35283  With settings : Move media report stats , Apply destination affiliate Revshare settings , Apply destination affiliate CPA Qualification",4/17/2025 11:43:00 AM,cx-akmal,Yes,35283
bullwaves-31980,31980,2287,35283,"User bullwaves-31980 was moved from affiliate 2287 to  affiliate 35283  With settings : Move media report stats , Apply destination affiliate Revshare settings , Apply destination affiliate CPA Qualification",4/17/2025 11:42:59 AM,cx-akmal,Yes,35283
bullwaves-31991,31991,2287,35283,"User bullwaves-31991 was moved from affiliate 2287 to  affiliate 35283  With settings : Move media report stats , Apply destination affiliate Revshare settings , Apply destination affiliate CPA Qualification",4/17/2025 11:42:58 AM,cx-akmal,Yes,35283
bullwaves-31966,31966,2287,35283,"User bullwaves-31966 was moved from affiliate 2287 to  affiliate 35283  With settings : Move media report stats , Apply destination affiliate Revshare settings , Apply destination affiliate CPA Qualification",4/17/2025 11:42:57 AM,cx-akmal,Yes,35283
bullwaves-31956,31956,2287,35283,"User bullwaves-31956 was moved from affiliate 2287 to  affiliate 35283  With settings : Move media report stats , Apply destination affiliate Revshare settings , Apply destination affiliate CPA Qualification",4/17/2025 11:42:55 AM,cx-akmal,Yes,35283
bullwaves-31958,31958,2287,35283,"User bullwaves-31958 was moved from affiliate 2287 to  affiliate 35283  With settings : Move media report stats , Apply destination affiliate Revshare settings , Apply destination affiliate CPA Qualification",4/17/2025 11:42:54 AM,cx-akmal,Yes,35283
bullwaves-32018,32018,2287,35283,"User bullwaves-32018 was moved from affiliate 2287 to  affiliate 35283  With settings : Move media report stats , Apply destination affiliate Revshare settings , Apply destination affiliate CPA Qualification",4/17/2025 11:42:51 AM,cx-akmal,Yes,35283
bullwaves-31982,31982,2287,35283,"User bullwaves-31982 was moved from affiliate 2287 to  affiliate 35283  With settings : Move media report stats , Apply destination affiliate Revshare settings , Apply destination affiliate CPA Qualification",4/17/2025 11:42:50 AM,cx-akmal,Yes,35283
bullwaves-32017,32017,2287,35283,"User bullwaves-32017 was moved from affiliate 2287 to  affiliate 35283  With settings : Move media report stats , Apply destination affiliate Revshare settings , Apply destination affiliate CPA Qualification",4/17/2025 11:42:49 AM,cx-akmal,Yes,35283
bullwaves-32012,32012,2287,35283,"User bullwaves-32012 was moved from affiliate 2287 to  affiliate 35283  With settings : Move media report stats , Apply destination affiliate Revshare settings , Apply destination affiliate CPA Qualification",4/17/2025 11:42:48 AM,cx-akmal,Yes,35283
bullwaves-31997,31997,2287,35283,"User bullwaves-31997 was moved from affiliate 2287 to  affiliate 35283  With settings : Move media report stats , Apply destination affiliate Revshare settings , Apply destination affiliate CPA Qualification",4/17/2025 11:42:46 AM,cx-akmal,Yes,35283
bullwaves-31974,31974,2287,35283,"User bullwaves-31974 was moved from affiliate 2287 to  affiliate 35283  With settings : Move media report stats , Apply destination affiliate Revshare settings , Apply destination affiliate CPA Qualification",4/17/2025 11:42:46 AM,cx-akmal,Yes,35283
bullwaves-32015,32015,2287,35283,"User bullwaves-32015 was moved from affiliate 2287 to  affiliate 35283  With settings : Move media report stats , Apply destination affiliate Revshare settings , Apply destination affiliate CPA Qualification",4/17/2025 11:42:44 AM,cx-akmal,Yes,35283
bullwaves-31963,31963,2287,35283,"User bullwaves-31963 was moved from affiliate 2287 to  affiliate 35283  With settings : Move media report stats , Apply destination affiliate Revshare settings , Apply destination affiliate CPA Qualification",4/17/2025 11:42:43 AM,cx-akmal,Yes,35283
bullwaves-31999,31999,2287,35283,"User bullwaves-31999 was moved from affiliate 2287 to  affiliate 35283  With settings : Move media report stats , Apply destination affiliate Revshare settings , Apply destination affiliate CPA Qualification",4/17/2025 11:42:42 AM,cx-akmal,Yes,35283
bullwaves-31998,31998,2287,35283,"User bullwaves-31998 was moved from affiliate 2287 to  affiliate 35283  With settings : Move media report stats , Apply destination affiliate Revshare settings , Apply destination affiliate CPA Qualification",4/17/2025 11:42:41 AM,cx-akmal,Yes,35283
bullwaves-32006,32006,2287,35283,"User bullwaves-32006 was moved from affiliate 2287 to  affiliate 35283  With settings : Move media report stats , Apply destination affiliate Revshare settings , Apply destination affiliate CPA Qualification",4/17/2025 11:42:39 AM,cx-akmal,Yes,35283
bullwaves-32004,32004,2287,35283,"User bullwaves-32004 was moved from affiliate 2287 to  affiliate 35283  With settings : Move media report stats , Apply destination affiliate Revshare settings , Apply destination affiliate CPA Qualification",4/17/2025 11:42:39 AM,cx-akmal,Yes,35283
bullwaves-32014,32014,2287,35283,"User bullwaves-32014 was moved from affiliate 2287 to  affiliate 35283  With settings : Move media report stats , Apply destination affiliate Revshare settings , Apply destination affiliate CPA Qualification",4/17/2025 11:42:38 AM,cx-akmal,Yes,35283
bullwaves-32016,32016,2287,35283,"User bullwaves-32016 was moved from affiliate 2287 to  affiliate 35283  With settings : Move media report stats , Apply destination affiliate Revshare settings , Apply destination affiliate CPA Qualification",4/17/2025 11:42:37 AM,cx-akmal,Yes,35283
bullwaves-32008,32008,2287,35283,"User bullwaves-32008 was moved from affiliate 2287 to  affiliate 35283  With settings : Move media report stats , Apply destination affiliate Revshare settings , Apply destination affiliate CPA Qualification",4/17/2025 11:42:36 AM,cx-akmal,Yes,35283
bullwaves-32005,32005,2287,35283,"User bullwaves-32005 was moved from affiliate 2287 to  affiliate 35283  With settings : Move media report stats , Apply destination affiliate Revshare settings , Apply destination affiliate CPA Qualification",4/17/2025 11:42:35 AM,cx-akmal,Yes,35283
bullwaves-31995,31995,2287,35283,"User bullwaves-31995 was moved from affiliate 2287 to  affiliate 35283  With settings : Move media report stats , Apply destination affiliate Revshare settings , Apply destination affiliate CPA Qualification",4/17/2025 11:42:33 AM,cx-akmal,Yes,35283
bullwaves-32000,32000,2287,35283,"User bullwaves-32000 was moved from affiliate 2287 to  affiliate 35283  With settings : Move media report stats , Apply destination affiliate Revshare settings , Apply destination affiliate CPA Qualification",4/17/2025 11:42:32 AM,cx-akmal,Yes,35283
bullwaves-31996,31996,2287,35283,"User bullwaves-31996 was moved from affiliate 2287 to  affiliate 35283  With settings : Move media report stats , Apply destination affiliate Revshare settings , Apply destination affiliate CPA Qualification",4/17/2025 11:42:32 AM,cx-akmal,Yes,35283
bullwaves-32002,32002,2287,35283,"User bullwaves-32002 was moved from affiliate 2287 to  affiliate 35283  With settings : Move media report stats , Apply destination affiliate Revshare settings , Apply destination affiliate CPA Qualification",4/17/2025 11:42:30 AM,cx-akmal,Yes,35283
bullwaves-31993,31993,2287,35283,"User bullwaves-31993 was moved from affiliate 2287 to  affiliate 35283  With settings : Move media report stats , Apply destination affiliate Revshare settings , Apply destination affiliate CPA Qualification",4/17/2025 11:42:29 AM,cx-akmal,Yes,35283
bullwaves-31988,31988,2287,35283,"User bullwaves-31988 was moved from affiliate 2287 to  affiliate 35283  With settings : Move media report stats , Apply destination affiliate Revshare settings , Apply destination affiliate CPA Qualification",4/17/2025 11:42:28 AM,cx-akmal,Yes,35283
bullwaves-32007,32007,2287,35283,"User bullwaves-32007 was moved from affiliate 2287 to  affiliate 35283  With settings : Move media report stats , Apply destination affiliate Revshare settings , Apply destination affiliate CPA Qualification",4/17/2025 11:42:26 AM,cx-akmal,Yes,35283
bullwaves-32003,32003,2287,35283,"User bullwaves-32003 was moved from affiliate 2287 to  affiliate 35283  With settings : Move media report stats , Apply destination affiliate Revshare settings , Apply destination affiliate CPA Qualification",4/17/2025 11:42:26 AM,cx-akmal,Yes,35283
bullwaves-32019,32019,2287,35283,"User bullwaves-32019 was moved from affiliate 2287 to  affiliate 35283  With settings : Move media report stats , Apply destination affiliate Revshare settings , Apply destination affiliate CPA Qualification",4/17/2025 11:42:25 AM,cx-akmal,Yes,35283
bullwaves-32392,32392,2287,35283,"User bullwaves-32392 was moved from affiliate 2287 to  affiliate 35283  With settings : Move media report stats , Apply destination affiliate Revshare settings , Apply destination affiliate CPA Qualification",4/17/2025 11:42:23 AM,cx-akmal,Yes,35283
bullwaves-32662,32662,2287,35283,"User bullwaves-32662 was moved from affiliate 2287 to  affiliate 35283  With settings : Move media report stats , Apply destination affiliate Revshare settings , Apply destination affiliate CPA Qualification",4/17/2025 11:42:23 AM,cx-akmal,Yes,35283
bullwaves-32696,32696,2287,35283,"User bullwaves-32696 was moved from affiliate 2287 to  affiliate 35283  With settings : Move media report stats , Apply destination affiliate Revshare settings , Apply destination affiliate CPA Qualification",4/17/2025 11:42:22 AM,cx-akmal,Yes,35283
bullwaves-32746,32746,2287,35283,"User bullwaves-32746 was moved from affiliate 2287 to  affiliate 35283  With settings : Move media report stats , Apply destination affiliate Revshare settings , Apply destination affiliate CPA Qualification",4/17/2025 11:42:20 AM,cx-akmal,Yes,35283
bullwaves-32705,32705,2287,35283,"User bullwaves-32705 was moved from affiliate 2287 to  affiliate 35283  With settings : Move media report stats , Apply destination affiliate Revshare settings , Apply destination affiliate CPA Qualification",4/17/2025 11:42:19 AM,cx-akmal,Yes,35283
bullwaves-32743,32743,2287,35283,"User bullwaves-32743 was moved from affiliate 2287 to  affiliate 35283  With settings : Move media report stats , Apply destination affiliate Revshare settings , Apply destination affiliate CPA Qualification",4/17/2025 11:42:19 AM,cx-akmal,Yes,35283
bullwaves-32878,32878,2287,35283,"User bullwaves-32878 was moved from affiliate 2287 to  affiliate 35283  With settings : Move media report stats , Apply destination affiliate Revshare settings , Apply destination affiliate CPA Qualification",4/17/2025 11:42:17 AM,cx-akmal,Yes,35283
bullwaves-32916,32916,2287,35283,"User bullwaves-32916 was moved from affiliate 2287 to  affiliate 35283  With settings : Move media report stats , Apply destination affiliate Revshare settings , Apply destination affiliate CPA Qualification",4/17/2025 11:42:16 AM,cx-akmal,Yes,35283
bullwaves-33189,33189,2287,35283,"User bullwaves-33189 was moved from affiliate 2287 to  affiliate 35283  With settings : Move media report stats , Apply destination affiliate Revshare settings , Apply destination affiliate CPA Qualification",4/17/2025 11:42:16 AM,cx-akmal,Yes,35283
bullwaves-33216,33216,2287,35283,"User bullwaves-33216 was moved from affiliate 2287 to  affiliate 35283  With settings : Move media report stats , Apply destination affiliate Revshare settings , Apply destination affiliate CPA Qualification",4/17/2025 11:42:14 AM,cx-akmal,Yes,35283
bullwaves-33218,33218,2287,35283,"User bullwaves-33218 was moved from affiliate 2287 to  affiliate 35283  With settings : Move media report stats , Apply destination affiliate Revshare settings , Apply destination affiliate CPA Qualification",4/17/2025 11:42:13 AM,cx-akmal,Yes,35283
bullwaves-33246,33246,2287,35283,"User bullwaves-33246 was moved from affiliate 2287 to  affiliate 35283  With settings : Move media report stats , Apply destination affiliate Revshare settings , Apply destination affiliate CPA Qualification",4/17/2025 11:42:12 AM,cx-akmal,Yes,35283
bullwaves-33329,33329,2287,35283,"User bullwaves-33329 was moved from affiliate 2287 to  affiliate 35283  With settings : Move media report stats , Apply destination affiliate Revshare settings , Apply destination affiliate CPA Qualification",4/17/2025 11:42:10 AM,cx-akmal,Yes,35283
bullwaves-33342,33342,2287,35283,"User bullwaves-33342 was moved from affiliate 2287 to  affiliate 35283  With settings : Move media report stats , Apply destination affiliate Revshare settings , Apply destination affiliate CPA Qualification",4/17/2025 11:42:09 AM,cx-akmal,Yes,35283
bullwaves-33344,33344,2287,35283,"User bullwaves-33344 was moved from affiliate 2287 to  affiliate 35283  With settings : Move media report stats , Apply destination affiliate Revshare settings , Apply destination affiliate CPA Qualification",4/17/2025 11:42:08 AM,cx-akmal,Yes,35283
bullwaves-33366,33366,2287,35283,"User bullwaves-33366 was moved from affiliate 2287 to  affiliate 35283  With settings : Move media report stats , Apply destination affiliate Revshare settings , Apply destination affiliate CPA Qualification",4/17/2025 11:42:06 AM,cx-akmal,Yes,35283
bullwaves-33395,33395,2287,35283,"User bullwaves-33395 was moved from affiliate 2287 to  affiliate 35283  With settings : Move media report stats , Apply destination affiliate Revshare settings , Apply destination affiliate CPA Qualification",4/17/2025 11:42:04 AM,cx-akmal,Yes,35283
bullwaves-33395,33395,2287,35283,"User bullwaves-33395 was moved from affiliate 2287 to  affiliate 35283  With settings : Move media report stats , Apply destination affiliate Revshare settings , Apply destination affiliate CPA Qualification",4/17/2025 11:42:03 AM,cx-akmal,Yes,2287
bullwaves-33407,33407,2287,35283,"User bullwaves-33407 was moved from affiliate 2287 to  affiliate 35283  With settings : Move media report stats , Apply destination affiliate Revshare settings , Apply destination affiliate CPA Qualification",4/17/2025 11:42:02 AM,cx-akmal,Yes,35283
bullwaves-33443,33443,2287,35283,"User bullwaves-33443 was moved from affiliate 2287 to  affiliate 35283  With settings : Move media report stats , Apply destination affiliate Revshare settings , Apply destination affiliate CPA Qualification",4/17/2025 11:42:01 AM,cx-akmal,Yes,35283
bullwaves-33444,33444,2287,35283,"User bullwaves-33444 was moved from affiliate 2287 to  affiliate 35283  With settings : Move media report stats , Apply destination affiliate Revshare settings , Apply destination affiliate CPA Qualification",4/17/2025 11:41:59 AM,cx-akmal,Yes,35283
bullwaves-33442,33442,2287,35283,"User bullwaves-33442 was moved from affiliate 2287 to  affiliate 35283  With settings : Move media report stats , Apply destination affiliate Revshare settings , Apply destination affiliate CPA Qualification",4/17/2025 11:41:57 AM,cx-akmal,Yes,35283
bullwaves-33445,33445,2287,35283,"User bullwaves-33445 was moved from affiliate 2287 to  affiliate 35283  With settings : Move media report stats , Apply destination affiliate Revshare settings , Apply destination affiliate CPA Qualification",4/17/2025 11:41:57 AM,cx-akmal,Yes,35283
bullwaves-33471,33471,2287,35283,"User bullwaves-33471 was moved from affiliate 2287 to  affiliate 35283  With settings : Move media report stats , Apply destination affiliate Revshare settings , Apply destination affiliate CPA Qualification",4/17/2025 11:41:56 AM,cx-akmal,Yes,35283
bullwaves-33470,33470,2287,35283,"User bullwaves-33470 was moved from affiliate 2287 to  affiliate 35283  With settings : Move media report stats , Apply destination affiliate Revshare settings , Apply destination affiliate CPA Qualification",4/17/2025 11:41:55 AM,cx-akmal,Yes,35283
bullwaves-33481,33481,2287,35283,"User bullwaves-33481 was moved from affiliate 2287 to  affiliate 35283  With settings : Move media report stats , Apply destination affiliate Revshare settings , Apply destination affiliate CPA Qualification",4/17/2025 11:41:54 AM,cx-akmal,Yes,35283
bullwaves-33677,33677,2287,35283,"User bullwaves-33677 was moved from affiliate 2287 to  affiliate 35283  With settings : Move media report stats , Apply destination affiliate Revshare settings , Apply destination affiliate CPA Qualification",4/17/2025 11:41:53 AM,cx-akmal,Yes,35283
bullwaves-33749,33749,2287,35283,"User bullwaves-33749 was moved from affiliate 2287 to  affiliate 35283  With settings : Move media report stats , Apply destination affiliate Revshare settings , Apply destination affiliate CPA Qualification",4/17/2025 11:41:52 AM,cx-akmal,Yes,35283
bullwaves-34081,34081,2287,35283,"User bullwaves-34081 was moved from affiliate 2287 to  affiliate 35283  With settings : Move media report stats , Apply destination affiliate Revshare settings , Apply destination affiliate CPA Qualification",4/17/2025 11:41:51 AM,cx-akmal,Yes,35283
bullwaves-34135,34135,2287,35283,"User bullwaves-34135 was moved from affiliate 2287 to  affiliate 35283  With settings : Move media report stats , Apply destination affiliate Revshare settings , Apply destination affiliate CPA Qualification",4/17/2025 11:41:50 AM,cx-akmal,Yes,35283
bullwaves-34127,34127,2287,35283,"User bullwaves-34127 was moved from affiliate 2287 to  affiliate 35283  With settings : Move media report stats , Apply destination affiliate Revshare settings , Apply destination affiliate CPA Qualification",4/17/2025 11:41:48 AM,cx-akmal,Yes,35283
bullwaves-34128,34128,2287,35283,"User bullwaves-34128 was moved from affiliate 2287 to  affiliate 35283  With settings : Move media report stats , Apply destination affiliate Revshare settings , Apply destination affiliate CPA Qualification",4/17/2025 11:41:47 AM,cx-akmal,Yes,35283
bullwaves-34122,34122,2287,35283,"User bullwaves-34122 was moved from affiliate 2287 to  affiliate 35283  With settings : Move media report stats , Apply destination affiliate Revshare settings , Apply destination affiliate CPA Qualification",4/17/2025 11:41:47 AM,cx-akmal,Yes,35283
bullwaves-34138,34138,2287,35283,"User bullwaves-34138 was moved from affiliate 2287 to  affiliate 35283  With settings : Move media report stats , Apply destination affiliate Revshare settings , Apply destination affiliate CPA Qualification",4/17/2025 11:41:46 AM,cx-akmal,Yes,35283
bullwaves-34131,34131,2287,35283,"User bullwaves-34131 was moved from affiliate 2287 to  affiliate 35283  With settings : Move media report stats , Apply destination affiliate Revshare settings , Apply destination affiliate CPA Qualification",4/17/2025 11:41:44 AM,cx-akmal,Yes,35283
bullwaves-34132,34132,2287,35283,"User bullwaves-34132 was moved from affiliate 2287 to  affiliate 35283  With settings : Move media report stats , Apply destination affiliate Revshare settings , Apply destination affiliate CPA Qualification",4/17/2025 11:41:44 AM,cx-akmal,Yes,35283
bullwaves-34121,34121,2287,35283,"User bullwaves-34121 was moved from affiliate 2287 to  affiliate 35283  With settings : Move media report stats , Apply destination affiliate Revshare settings , Apply destination affiliate CPA Qualification",4/17/2025 11:41:43 AM,cx-akmal,Yes,35283
bullwaves-34126,34126,2287,35283,"User bullwaves-34126 was moved from affiliate 2287 to  affiliate 35283  With settings : Move media report stats , Apply destination affiliate Revshare settings , Apply destination affiliate CPA Qualification",4/17/2025 11:41:42 AM,cx-akmal,Yes,35283
bullwaves-34136,34136,2287,35283,"User bullwaves-34136 was moved from affiliate 2287 to  affiliate 35283  With settings : Move media report stats , Apply destination affiliate Revshare settings , Apply destination affiliate CPA Qualification",4/17/2025 11:41:41 AM,cx-akmal,Yes,35283
bullwaves-34130,34130,2287,35283,"User bullwaves-34130 was moved from affiliate 2287 to  affiliate 35283  With settings : Move media report stats , Apply destination affiliate Revshare settings , Apply destination affiliate CPA Qualification",4/17/2025 11:41:39 AM,cx-akmal,Yes,35283
bullwaves-34129,34129,2287,35283,"User bullwaves-34129 was moved from affiliate 2287 to  affiliate 35283  With settings : Move media report stats , Apply destination affiliate Revshare settings , Apply destination affiliate CPA Qualification",4/17/2025 11:41:38 AM,cx-akmal,Yes,35283
bullwaves-34120,34120,2287,35283,"User bullwaves-34120 was moved from affiliate 2287 to  affiliate 35283  With settings : Move media report stats , Apply destination affiliate Revshare settings , Apply destination affiliate CPA Qualification",4/17/2025 11:41:37 AM,cx-akmal,Yes,35283
bullwaves-34134,34134,2287,35283,"User bullwaves-34134 was moved from affiliate 2287 to  affiliate 35283  With settings : Move media report stats , Apply destination affiliate Revshare settings , Apply destination affiliate CPA Qualification",4/17/2025 11:41:35 AM,cx-akmal,Yes,35283
bullwaves-34125,34125,2287,35283,"User bullwaves-34125 was moved from affiliate 2287 to  affiliate 35283  With settings : Move media report stats , Apply destination affiliate Revshare settings , Apply destination affiliate CPA Qualification",4/17/2025 11:41:35 AM,cx-akmal,Yes,35283
bullwaves-34124,34124,2287,35283,"User bullwaves-34124 was moved from affiliate 2287 to  affiliate 35283  With settings : Move media report stats , Apply destination affiliate Revshare settings , Apply destination affiliate CPA Qualification",4/17/2025 11:41:34 AM,cx-akmal,Yes,35283
bullwaves-34119,34119,2287,35283,"User bullwaves-34119 was moved from affiliate 2287 to  affiliate 35283  With settings : Move media report stats , Apply destination affiliate Revshare settings , Apply destination affiliate CPA Qualification",4/17/2025 11:41:32 AM,cx-akmal,Yes,35283
bullwaves-34404,34404,2287,35283,"User bullwaves-34404 was moved from affiliate 2287 to  affiliate 35283  With settings : Move media report stats , Apply destination affiliate Revshare settings , Apply destination affiliate CPA Qualification",4/17/2025 11:41:31 AM,cx-akmal,Yes,35283
bullwaves-34413,34413,2287,35283,"User bullwaves-34413 was moved from affiliate 2287 to  affiliate 35283  With settings : Move media report stats , Apply destination affiliate Revshare settings , Apply destination affiliate CPA Qualification",4/17/2025 11:41:31 AM,cx-akmal,Yes,35283
bullwaves-34419,34419,2287,35283,"User bullwaves-34419 was moved from affiliate 2287 to  affiliate 35283  With settings : Move media report stats , Apply destination affiliate Revshare settings , Apply destination affiliate CPA Qualification",4/17/2025 11:41:29 AM,cx-akmal,Yes,35283
bullwaves-34425,34425,2287,35283,"User bullwaves-34425 was moved from affiliate 2287 to  affiliate 35283  With settings : Move media report stats , Apply destination affiliate Revshare settings , Apply destination affiliate CPA Qualification",4/17/2025 11:41:28 AM,cx-akmal,Yes,35283
bullwaves-34426,34426,2287,35283,"User bullwaves-34426 was moved from affiliate 2287 to  affiliate 35283  With settings : Move media report stats , Apply destination affiliate Revshare settings , Apply destination affiliate CPA Qualification",4/17/2025 11:41:26 AM,cx-akmal,Yes,35283
bullwaves-34420,34420,2287,35283,"User bullwaves-34420 was moved from affiliate 2287 to  affiliate 35283  With settings : Move media report stats , Apply destination affiliate Revshare settings , Apply destination affiliate CPA Qualification",4/17/2025 11:41:26 AM,cx-akmal,Yes,35283
bullwaves-34423,34423,2287,35283,"User bullwaves-34423 was moved from affiliate 2287 to  affiliate 35283  With settings : Move media report stats , Apply destination affiliate Revshare settings , Apply destination affiliate CPA Qualification",4/17/2025 11:41:25 AM,cx-akmal,Yes,35283
bullwaves-34424,34424,2287,35283,"User bullwaves-34424 was moved from affiliate 2287 to  affiliate 35283  With settings : Move media report stats , Apply destination affiliate Revshare settings , Apply destination affiliate CPA Qualification",4/17/2025 11:41:23 AM,cx-akmal,Yes,35283
bullwaves-34421,34421,2287,35283,"User bullwaves-34421 was moved from affiliate 2287 to  affiliate 35283  With settings : Move media report stats , Apply destination affiliate Revshare settings , Apply destination affiliate CPA Qualification",4/17/2025 11:41:21 AM,cx-akmal,Yes,35283
bullwaves-34490,34490,2287,35283,"User bullwaves-34490 was moved from affiliate 2287 to  affiliate 35283  With settings : Move media report stats , Apply destination affiliate Revshare settings , Apply destination affiliate CPA Qualification",4/17/2025 11:41:19 AM,cx-akmal,Yes,35283
bullwaves-34545,34545,2287,35283,"User bullwaves-34545 was moved from affiliate 2287 to  affiliate 35283  With settings : Move media report stats , Apply destination affiliate Revshare settings , Apply destination affiliate CPA Qualification",4/17/2025 11:41:17 AM,cx-akmal,Yes,35283
bullwaves-34549,34549,2287,35283,"User bullwaves-34549 was moved from affiliate 2287 to  affiliate 35283  With settings : Move media report stats , Apply destination affiliate Revshare settings , Apply destination affiliate CPA Qualification",4/17/2025 11:41:16 AM,cx-akmal,Yes,35283
bullwaves-34570,34570,2287,35283,"User bullwaves-34570 was moved from affiliate 2287 to  affiliate 35283  With settings : Move media report stats , Apply destination affiliate Revshare settings , Apply destination affiliate CPA Qualification",4/17/2025 11:41:15 AM,cx-akmal,Yes,35283
bullwaves-34610,34610,2287,35283,"User bullwaves-34610 was moved from affiliate 2287 to  affiliate 35283  With settings : Move media report stats , Apply destination affiliate Revshare settings , Apply destination affiliate CPA Qualification",4/17/2025 11:41:13 AM,cx-akmal,Yes,35283
bullwaves-34619,34619,2287,35283,"User bullwaves-34619 was moved from affiliate 2287 to  affiliate 35283  With settings : Move media report stats , Apply destination affiliate Revshare settings , Apply destination affiliate CPA Qualification",4/17/2025 11:41:12 AM,cx-akmal,Yes,35283
bullwaves-34821,34821,2287,35283,"User bullwaves-34821 was moved from affiliate 2287 to  affiliate 35283  With settings : Move media report stats , Apply destination affiliate Revshare settings , Apply destination affiliate CPA Qualification",4/17/2025 11:41:11 AM,cx-akmal,Yes,35283
bullwaves-34829,34829,2287,35283,"User bullwaves-34829 was moved from affiliate 2287 to  affiliate 35283  With settings : Move media report stats , Apply destination affiliate Revshare settings , Apply destination affiliate CPA Qualification",4/17/2025 11:41:10 AM,cx-akmal,Yes,35283
bullwaves-34920,34920,2287,35283,"User bullwaves-34920 was moved from affiliate 2287 to  affiliate 35283  With settings : Move media report stats , Apply destination affiliate Revshare settings , Apply destination affiliate CPA Qualification",4/17/2025 11:41:09 AM,cx-akmal,Yes,35283
bullwaves-34927,34927,2287,35283,"User bullwaves-34927 was moved from affiliate 2287 to  affiliate 35283  With settings : Move media report stats , Apply destination affiliate Revshare settings , Apply destination affiliate CPA Qualification",4/17/2025 11:41:08 AM,cx-akmal,Yes,35283
bullwaves-34919,34919,2287,35283,"User bullwaves-34919 was moved from affiliate 2287 to  affiliate 35283  With settings : Move media report stats , Apply destination affiliate Revshare settings , Apply destination affiliate CPA Qualification",4/17/2025 11:41:06 AM,cx-akmal,Yes,35283
bullwaves-34917,34917,2287,35283,"User bullwaves-34917 was moved from affiliate 2287 to  affiliate 35283  With settings : Move media report stats , Apply destination affiliate Revshare settings , Apply destination affiliate CPA Qualification",4/17/2025 11:41:05 AM,cx-akmal,Yes,35283
bullwaves-34914,34914,2287,35283,"User bullwaves-34914 was moved from affiliate 2287 to  affiliate 35283  With settings : Move media report stats , Apply destination affiliate Revshare settings , Apply destination affiliate CPA Qualification",4/17/2025 11:41:04 AM,cx-akmal,Yes,35283
bullwaves-34925,34925,2287,35283,"User bullwaves-34925 was moved from affiliate 2287 to  affiliate 35283  With settings : Move media report stats , Apply destination affiliate Revshare settings , Apply destination affiliate CPA Qualification",4/17/2025 11:41:02 AM,cx-akmal,Yes,35283
bullwaves-34915,34915,2287,35283,"User bullwaves-34915 was moved from affiliate 2287 to  affiliate 35283  With settings : Move media report stats , Apply destination affiliate Revshare settings , Apply destination affiliate CPA Qualification",4/17/2025 11:41:01 AM,cx-akmal,Yes,35283
bullwaves-34926,34926,2287,35283,"User bullwaves-34926 was moved from affiliate 2287 to  affiliate 35283  With settings : Move media report stats , Apply destination affiliate Revshare settings , Apply destination affiliate CPA Qualification",4/17/2025 11:41:00 AM,cx-akmal,Yes,35283
bullwaves-34923,34923,2287,35283,"User bullwaves-34923 was moved from affiliate 2287 to  affiliate 35283  With settings : Move media report stats , Apply destination affiliate Revshare settings , Apply destination affiliate CPA Qualification",4/17/2025 11:40:58 AM,cx-akmal,Yes,35283
bullwaves-34913,34913,2287,35283,"User bullwaves-34913 was moved from affiliate 2287 to  affiliate 35283  With settings : Move media report stats , Apply destination affiliate Revshare settings , Apply destination affiliate CPA Qualification",4/17/2025 11:40:57 AM,cx-akmal,Yes,35283
bullwaves-34922,34922,2287,35283,"User bullwaves-34922 was moved from affiliate 2287 to  affiliate 35283  With settings : Move media report stats , Apply destination affiliate Revshare settings , Apply destination affiliate CPA Qualification",4/17/2025 11:40:57 AM,cx-akmal,Yes,35283
bullwaves-34921,34921,2287,35283,"User bullwaves-34921 was moved from affiliate 2287 to  affiliate 35283  With settings : Move media report stats , Apply destination affiliate Revshare settings , Apply destination affiliate CPA Qualification",4/17/2025 11:40:55 AM,cx-akmal,Yes,35283
bullwaves-34999,34999,2287,35283,"User bullwaves-34999 was moved from affiliate 2287 to  affiliate 35283  With settings : Move media report stats , Apply destination affiliate Revshare settings , Apply destination affiliate CPA Qualification",4/17/2025 11:40:54 AM,cx-akmal,Yes,35283
bullwaves-35085,35085,2287,35283,"User bullwaves-35085 was moved from affiliate 2287 to  affiliate 35283  With settings : Move media report stats , Apply destination affiliate Revshare settings , Apply destination affiliate CPA Qualification",4/17/2025 11:40:54 AM,cx-akmal,Yes,35283
bullwaves-35133,35133,2287,35283,"User bullwaves-35133 was moved from affiliate 2287 to  affiliate 35283  With settings : Move media report stats , Apply destination affiliate Revshare settings , Apply destination affiliate CPA Qualification",4/17/2025 11:40:53 AM,cx-akmal,Yes,35283
bullwaves-35137,35137,2287,35283,"User bullwaves-35137 was moved from affiliate 2287 to  affiliate 35283  With settings : Move media report stats , Apply destination affiliate Revshare settings , Apply destination affiliate CPA Qualification",4/17/2025 11:40:51 AM,cx-akmal,Yes,35283
bullwaves-35187,35187,2287,35283,"User bullwaves-35187 was moved from affiliate 2287 to  affiliate 35283  With settings : Move media report stats , Apply destination affiliate Revshare settings , Apply destination affiliate CPA Qualification",4/17/2025 11:40:50 AM,cx-akmal,Yes,35283
bullwaves-35200,35200,2287,35283,"User bullwaves-35200 was moved from affiliate 2287 to  affiliate 35283  With settings : Move media report stats , Apply destination affiliate Revshare settings , Apply destination affiliate CPA Qualification",4/17/2025 11:40:48 AM,cx-akmal,Yes,35283
bullwaves-35233,35233,2287,35283,"User bullwaves-35233 was moved from affiliate 2287 to  affiliate 35283  With settings : Move media report stats , Apply destination affiliate Revshare settings , Apply destination affiliate CPA Qualification",4/17/2025 11:40:47 AM,cx-akmal,Yes,35283
bullwaves-35314,35314,2287,35283,"User bullwaves-35314 was moved from affiliate 2287 to  affiliate 35283  With settings : Move media report stats , Apply destination affiliate Revshare settings , Apply destination affiliate CPA Qualification",4/17/2025 11:40:47 AM,cx-akmal,Yes,35283
bullwaves-35390,35390,2287,35283,"User bullwaves-35390 was moved from affiliate 2287 to  affiliate 35283  With settings : Move media report stats , Apply destination affiliate Revshare settings , Apply destination affiliate CPA Qualification",4/17/2025 11:40:45 AM,cx-akmal,Yes,35283
bullwaves-35425,35425,2287,35283,"User bullwaves-35425 was moved from affiliate 2287 to  affiliate 35283  With settings : Move media report stats , Apply destination affiliate Revshare settings , Apply destination affiliate CPA Qualification",4/17/2025 11:40:44 AM,cx-akmal,Yes,35283
bullwaves-35424,35424,2287,35283,"User bullwaves-35424 was moved from affiliate 2287 to  affiliate 35283  With settings : Move media report stats , Apply destination affiliate Revshare settings , Apply destination affiliate CPA Qualification",4/17/2025 11:38:04 AM,cx-akmal,Yes,35283
bullwaves-35442,35442,2287,35283,"User bullwaves-35442 was moved from affiliate 2287 to  affiliate 35283  With settings : Move media report stats , Apply destination affiliate Revshare settings , Apply destination affiliate CPA Qualification",4/17/2025 11:38:03 AM,cx-akmal,Yes,35283
bullwaves-35438,35438,2287,35283,"User bullwaves-35438 was moved from affiliate 2287 to  affiliate 35283  With settings : Move media report stats , Apply destination affiliate Revshare settings , Apply destination affiliate CPA Qualification",4/17/2025 11:38:00 AM,cx-akmal,Yes,35283
bullwaves-35440,35440,2287,35283,"User bullwaves-35440 was moved from affiliate 2287 to  affiliate 35283  With settings : Move media report stats , Apply destination affiliate Revshare settings , Apply destination affiliate CPA Qualification",4/17/2025 11:37:59 AM,cx-akmal,Yes,35283
bullwaves-35433,35433,2287,35283,"User bullwaves-35433 was moved from affiliate 2287 to  affiliate 35283  With settings : Move media report stats , Apply destination affiliate Revshare settings , Apply destination affiliate CPA Qualification",4/17/2025 11:37:57 AM,cx-akmal,Yes,35283
bullwaves-35432,35432,2287,35283,"User bullwaves-35432 was moved from affiliate 2287 to  affiliate 35283  With settings : Move media report stats , Apply destination affiliate Revshare settings , Apply destination affiliate CPA Qualification",4/17/2025 11:37:57 AM,cx-akmal,Yes,35283
bullwaves-35421,35421,2287,35283,"User bullwaves-35421 was moved from affiliate 2287 to  affiliate 35283  With settings : Move media report stats , Apply destination affiliate Revshare settings , Apply destination affiliate CPA Qualification",4/17/2025 11:37:55 AM,cx-akmal,Yes,35283
bullwaves-35422,35422,2287,35283,"User bullwaves-35422 was moved from affiliate 2287 to  affiliate 35283  With settings : Move media report stats , Apply destination affiliate Revshare settings , Apply destination affiliate CPA Qualification",4/17/2025 11:37:53 AM,cx-akmal,Yes,35283
bullwaves-35423,35423,2287,35283,"User bullwaves-35423 was moved from affiliate 2287 to  affiliate 35283  With settings : Move media report stats , Apply destination affiliate Revshare settings , Apply destination affiliate CPA Qualification",4/17/2025 11:37:53 AM,cx-akmal,Yes,35283
bullwaves-35445,35445,2287,35283,"User bullwaves-35445 was moved from affiliate 2287 to  affiliate 35283  With settings : Move media report stats , Apply destination affiliate Revshare settings , Apply destination affiliate CPA Qualification",4/17/2025 11:37:52 AM,cx-akmal,Yes,35283
bullwaves-35426,35426,2287,35283,"User bullwaves-35426 was moved from affiliate 2287 to  affiliate 35283  With settings : Move media report stats , Apply destination affiliate Revshare settings , Apply destination affiliate CPA Qualification",4/17/2025 11:37:51 AM,cx-akmal,Yes,35283
bullwaves-35415,35415,2287,35283,"User bullwaves-35415 was moved from affiliate 2287 to  affiliate 35283  With settings : Move media report stats , Apply destination affiliate Revshare settings , Apply destination affiliate CPA Qualification",4/17/2025 11:37:49 AM,cx-akmal,Yes,35283
bullwaves-35417,35417,2287,35283,"User bullwaves-35417 was moved from affiliate 2287 to  affiliate 35283  With settings : Move media report stats , Apply destination affiliate Revshare settings , Apply destination affiliate CPA Qualification",4/17/2025 11:37:47 AM,cx-akmal,Yes,35283
bullwaves-35447,35447,2287,35283,"User bullwaves-35447 was moved from affiliate 2287 to  affiliate 35283  With settings : Move media report stats , Apply destination affiliate Revshare settings , Apply destination affiliate CPA Qualification",4/17/2025 11:37:46 AM,cx-akmal,Yes,35283
bullwaves-35443,35443,2287,35283,"User bullwaves-35443 was moved from affiliate 2287 to  affiliate 35283  With settings : Move media report stats , Apply destination affiliate Revshare settings , Apply destination affiliate CPA Qualification",4/17/2025 11:37:45 AM,cx-akmal,Yes,35283
bullwaves-35431,35431,2287,35283,"User bullwaves-35431 was moved from affiliate 2287 to  affiliate 35283  With settings : Move media report stats , Apply destination affiliate Revshare settings , Apply destination affiliate CPA Qualification",4/17/2025 11:37:43 AM,cx-akmal,Yes,35283
bullwaves-35439,35439,2287,35283,"User bullwaves-35439 was moved from affiliate 2287 to  affiliate 35283  With settings : Move media report stats , Apply destination affiliate Revshare settings , Apply destination affiliate CPA Qualification",4/17/2025 11:37:43 AM,cx-akmal,Yes,35283
bullwaves-35420,35420,2287,35283,"User bullwaves-35420 was moved from affiliate 2287 to  affiliate 35283  With settings : Move media report stats , Apply destination affiliate Revshare settings , Apply destination affiliate CPA Qualification",4/17/2025 11:37:42 AM,cx-akmal,Yes,35283
bullwaves-35419,35419,2287,35283,"User bullwaves-35419 was moved from affiliate 2287 to  affiliate 35283  With settings : Move media report stats , Apply destination affiliate Revshare settings , Apply destination affiliate CPA Qualification",4/17/2025 11:37:40 AM,cx-akmal,Yes,35283
bullwaves-35434,35434,2287,35283,"User bullwaves-35434 was moved from affiliate 2287 to  affiliate 35283  With settings : Move media report stats , Apply destination affiliate Revshare settings , Apply destination affiliate CPA Qualification",4/17/2025 11:37:40 AM,cx-akmal,Yes,35283
bullwaves-35446,35446,2287,35283,"User bullwaves-35446 was moved from affiliate 2287 to  affiliate 35283  With settings : Move media report stats , Apply destination affiliate Revshare settings , Apply destination affiliate CPA Qualification",4/17/2025 11:37:39 AM,cx-akmal,Yes,35283
bullwaves-35436,35436,2287,35283,"User bullwaves-35436 was moved from affiliate 2287 to  affiliate 35283  With settings : Move media report stats , Apply destination affiliate Revshare settings , Apply destination affiliate CPA Qualification",4/17/2025 11:37:39 AM,cx-akmal,Yes,35283
bullwaves-35428,35428,2287,35283,"User bullwaves-35428 was moved from affiliate 2287 to  affiliate 35283  With settings : Move media report stats , Apply destination affiliate Revshare settings , Apply destination affiliate CPA Qualification",4/17/2025 11:37:38 AM,cx-akmal,Yes,35283
bullwaves-35444,35444,2287,35283,"User bullwaves-35444 was moved from affiliate 2287 to  affiliate 35283  With settings : Move media report stats , Apply destination affiliate Revshare settings , Apply destination affiliate CPA Qualification",4/17/2025 11:37:37 AM,cx-akmal,Yes,35283
bullwaves-35429,35429,2287,35283,"User bullwaves-35429 was moved from affiliate 2287 to  affiliate 35283  With settings : Move media report stats , Apply destination affiliate Revshare settings , Apply destination affiliate CPA Qualification",4/17/2025 11:37:36 AM,cx-akmal,Yes,35283
bullwaves-35430,35430,2287,35283,"User bullwaves-35430 was moved from affiliate 2287 to  affiliate 35283  With settings : Move media report stats , Apply destination affiliate Revshare settings , Apply destination affiliate CPA Qualification",4/17/2025 11:37:36 AM,cx-akmal,Yes,35283
bullwaves-35427,35427,2287,35283,"User bullwaves-35427 was moved from affiliate 2287 to  affiliate 35283  With settings : Move media report stats , Apply destination affiliate Revshare settings , Apply destination affiliate CPA Qualification",4/17/2025 11:37:34 AM,cx-akmal,Yes,35283
bullwaves-35441,35441,2287,35283,"User bullwaves-35441 was moved from affiliate 2287 to  affiliate 35283  With settings : Move media report stats , Apply destination affiliate Revshare settings , Apply destination affiliate CPA Qualification",4/17/2025 11:37:32 AM,cx-akmal,Yes,35283
bullwaves-35611,35611,2287,35283,"User bullwaves-35611 was moved from affiliate 2287 to  affiliate 35283  With settings : Move media report stats , Apply destination affiliate Revshare settings , Apply destination affiliate CPA Qualification",4/17/2025 11:37:31 AM,cx-akmal,Yes,35283
bullwaves-35624,35624,2287,35283,"User bullwaves-35624 was moved from affiliate 2287 to  affiliate 35283  With settings : Move media report stats , Apply destination affiliate Revshare settings , Apply destination affiliate CPA Qualification",4/17/2025 11:37:30 AM,cx-akmal,Yes,35283
bullwaves-35757,35757,2287,35283,"User bullwaves-35757 was moved from affiliate 2287 to  affiliate 35283  With settings : Move media report stats , Apply destination affiliate Revshare settings , Apply destination affiliate CPA Qualification",4/17/2025 11:37:28 AM,cx-akmal,Yes,35283
bullwaves-35760,35760,2287,35283,"User bullwaves-35760 was moved from affiliate 2287 to  affiliate 35283  With settings : Move media report stats , Apply destination affiliate Revshare settings , Apply destination affiliate CPA Qualification",4/17/2025 11:37:28 AM,cx-akmal,Yes,35283
bullwaves-35802,35802,2287,35283,"User bullwaves-35802 was moved from affiliate 2287 to  affiliate 35283  With settings : Move media report stats , Apply destination affiliate Revshare settings , Apply destination affiliate CPA Qualification",4/17/2025 11:37:25 AM,cx-akmal,Yes,35283
bullwaves-35819,35819,2287,35283,"User bullwaves-35819 was moved from affiliate 2287 to  affiliate 35283  With settings : Move media report stats , Apply destination affiliate Revshare settings , Apply destination affiliate CPA Qualification",4/17/2025 11:37:22 AM,cx-akmal,Yes,35283
bullwaves-35932,35932,2287,35283,"User bullwaves-35932 was moved from affiliate 2287 to  affiliate 35283  With settings : Move media report stats , Apply destination affiliate Revshare settings , Apply destination affiliate CPA Qualification",4/17/2025 11:37:20 AM,cx-akmal,Yes,35283
bullwaves-35948,35948,2287,35283,"User bullwaves-35948 was moved from affiliate 2287 to  affiliate 35283  With settings : Move media report stats , Apply destination affiliate Revshare settings , Apply destination affiliate CPA Qualification",4/17/2025 11:37:20 AM,cx-akmal,Yes,35283
bullwaves-35958,35958,2287,35283,"User bullwaves-35958 was moved from affiliate 2287 to  affiliate 35283  With settings : Move media report stats , Apply destination affiliate Revshare settings , Apply destination affiliate CPA Qualification",4/17/2025 11:37:19 AM,cx-akmal,Yes,35283
bullwaves-35959,35959,2287,35283,"User bullwaves-35959 was moved from affiliate 2287 to  affiliate 35283  With settings : Move media report stats , Apply destination affiliate Revshare settings , Apply destination affiliate CPA Qualification",4/17/2025 11:37:18 AM,cx-akmal,Yes,35283
bullwaves-36003,36003,2287,35283,"User bullwaves-36003 was moved from affiliate 2287 to  affiliate 35283  With settings : Move media report stats , Apply destination affiliate Revshare settings , Apply destination affiliate CPA Qualification",4/17/2025 11:37:17 AM,cx-akmal,Yes,35283
bullwaves-36052,36052,2287,35283,"User bullwaves-36052 was moved from affiliate 2287 to  affiliate 35283  With settings : Move media report stats , Apply destination affiliate Revshare settings , Apply destination affiliate CPA Qualification",4/17/2025 11:37:16 AM,cx-akmal,Yes,35283
bullwaves-36125,36125,2287,35283,"User bullwaves-36125 was moved from affiliate 2287 to  affiliate 35283  With settings : Move media report stats , Apply destination affiliate Revshare settings , Apply destination affiliate CPA Qualification",4/17/2025 11:37:14 AM,cx-akmal,Yes,35283
bullwaves-36133,36133,2287,35283,"User bullwaves-36133 was moved from affiliate 2287 to  affiliate 35283  With settings : Move media report stats , Apply destination affiliate Revshare settings , Apply destination affiliate CPA Qualification",4/17/2025 11:37:14 AM,cx-akmal,Yes,35283
bullwaves-36398,36398,2287,35283,"User bullwaves-36398 was moved from affiliate 2287 to  affiliate 35283  With settings : Move media report stats , Apply destination affiliate Revshare settings , Apply destination affiliate CPA Qualification",4/17/2025 11:37:13 AM,cx-akmal,Yes,35283
bullwaves-36409,36409,2287,35283,"User bullwaves-36409 was moved from affiliate 2287 to  affiliate 35283  With settings : Move media report stats , Apply destination affiliate Revshare settings , Apply destination affiliate CPA Qualification",4/17/2025 11:37:12 AM,cx-akmal,Yes,35283
bullwaves-36433,36433,2287,35283,"User bullwaves-36433 was moved from affiliate 2287 to  affiliate 35283  With settings : Move media report stats , Apply destination affiliate Revshare settings , Apply destination affiliate CPA Qualification",4/17/2025 11:37:09 AM,cx-akmal,Yes,35283
bullwaves-36526,36526,2287,35283,"User bullwaves-36526 was moved from affiliate 2287 to  affiliate 35283  With settings : Move media report stats , Apply destination affiliate Revshare settings , Apply destination affiliate CPA Qualification",4/17/2025 11:37:07 AM,cx-akmal,Yes,35283
bullwaves-36524,36524,2287,35283,"User bullwaves-36524 was moved from affiliate 2287 to  affiliate 35283  With settings : Move media report stats , Apply destination affiliate Revshare settings , Apply destination affiliate CPA Qualification",4/17/2025 11:37:05 AM,cx-akmal,Yes,35283
bullwaves-36523,36523,2287,35283,"User bullwaves-36523 was moved from affiliate 2287 to  affiliate 35283  With settings : Move media report stats , Apply destination affiliate Revshare settings , Apply destination affiliate CPA Qualification",4/17/2025 11:37:04 AM,cx-akmal,Yes,35283
bullwaves-36527,36527,2287,35283,"User bullwaves-36527 was moved from affiliate 2287 to  affiliate 35283  With settings : Move media report stats , Apply destination affiliate Revshare settings , Apply destination affiliate CPA Qualification",4/17/2025 11:37:04 AM,cx-akmal,Yes,35283
bullwaves-36520,36520,2287,35283,"User bullwaves-36520 was moved from affiliate 2287 to  affiliate 35283  With settings : Move media report stats , Apply destination affiliate Revshare settings , Apply destination affiliate CPA Qualification",4/17/2025 11:37:02 AM,cx-akmal,Yes,35283
bullwaves-36528,36528,2287,35283,"User bullwaves-36528 was moved from affiliate 2287 to  affiliate 35283  With settings : Move media report stats , Apply destination affiliate Revshare settings , Apply destination affiliate CPA Qualification",4/17/2025 11:37:01 AM,cx-akmal,Yes,35283
bullwaves-36521,36521,2287,35283,"User bullwaves-36521 was moved from affiliate 2287 to  affiliate 35283  With settings : Move media report stats , Apply destination affiliate Revshare settings , Apply destination affiliate CPA Qualification",4/17/2025 11:37:01 AM,cx-akmal,Yes,35283
bullwaves-36522,36522,2287,35283,"User bullwaves-36522 was moved from affiliate 2287 to  affiliate 35283  With settings : Move media report stats , Apply destination affiliate Revshare settings , Apply destination affiliate CPA Qualification",4/17/2025 11:37:00 AM,cx-akmal,Yes,35283
bullwaves-36569,36569,2287,35283,"User bullwaves-36569 was moved from affiliate 2287 to  affiliate 35283  With settings : Move media report stats , Apply destination affiliate Revshare settings , Apply destination affiliate CPA Qualification",4/17/2025 11:36:58 AM,cx-akmal,Yes,35283
bullwaves-36763,36763,2287,35283,"User bullwaves-36763 was moved from affiliate 2287 to  affiliate 35283  With settings : Move media report stats , Apply destination affiliate Revshare settings , Apply destination affiliate CPA Qualification",4/17/2025 11:36:58 AM,cx-akmal,Yes,35283
bullwaves-36813,36813,2287,35283,"User bullwaves-36813 was moved from affiliate 2287 to  affiliate 35283  With settings : Move media report stats , Apply destination affiliate Revshare settings , Apply destination affiliate CPA Qualification",4/17/2025 11:36:57 AM,cx-akmal,Yes,35283
bullwaves-36816,36816,2287,35283,"User bullwaves-36816 was moved from affiliate 2287 to  affiliate 35283  With settings : Move media report stats , Apply destination affiliate Revshare settings , Apply destination affiliate CPA Qualification",4/17/2025 11:36:55 AM,cx-akmal,Yes,35283
bullwaves-36892,36892,2287,35283,"User bullwaves-36892 was moved from affiliate 2287 to  affiliate 35283  With settings : Move media report stats , Apply destination affiliate Revshare settings , Apply destination affiliate CPA Qualification",4/17/2025 11:36:55 AM,cx-akmal,Yes,35283
bullwaves-36943,36943,2287,35283,"User bullwaves-36943 was moved from affiliate 2287 to  affiliate 35283  With settings : Move media report stats , Apply destination affiliate Revshare settings , Apply destination affiliate CPA Qualification",4/17/2025 11:36:54 AM,cx-akmal,Yes,35283
bullwaves-36952,36952,2287,35283,"User bullwaves-36952 was moved from affiliate 2287 to  affiliate 35283  With settings : Move media report stats , Apply destination affiliate Revshare settings , Apply destination affiliate CPA Qualification",4/17/2025 11:36:52 AM,cx-akmal,Yes,35283
bullwaves-37217,37217,2287,35283,"User bullwaves-37217 was moved from affiliate 2287 to  affiliate 35283  With settings : Move media report stats , Apply destination affiliate Revshare settings , Apply destination affiliate CPA Qualification",4/17/2025 11:36:51 AM,cx-akmal,Yes,35283
bullwaves-37242,37242,2287,35283,"User bullwaves-37242 was moved from affiliate 2287 to  affiliate 35283  With settings : Move media report stats , Apply destination affiliate Revshare settings , Apply destination affiliate CPA Qualification",4/17/2025 11:36:49 AM,cx-akmal,Yes,35283
bullwaves-37281,37281,2287,35283,"User bullwaves-37281 was moved from affiliate 2287 to  affiliate 35283  With settings : Move media report stats , Apply destination affiliate Revshare settings , Apply destination affiliate CPA Qualification",4/17/2025 11:36:47 AM,cx-akmal,Yes,35283
bullwaves-37572,37572,2287,35283,"User bullwaves-37572 was moved from affiliate 2287 to  affiliate 35283  With settings : Move media report stats , Apply destination affiliate Revshare settings , Apply destination affiliate CPA Qualification",4/17/2025 11:36:47 AM,cx-akmal,Yes,35283
bullwaves-37654,37654,2287,35283,"User bullwaves-37654 was moved from affiliate 2287 to  affiliate 35283  With settings : Move media report stats , Apply destination affiliate Revshare settings , Apply destination affiliate CPA Qualification",4/17/2025 11:36:44 AM,cx-akmal,Yes,35283
bullwaves-37796,37796,2287,35283,"User bullwaves-37796 was moved from affiliate 2287 to  affiliate 35283  With settings : Move media report stats , Apply destination affiliate Revshare settings , Apply destination affiliate CPA Qualification",4/17/2025 11:36:42 AM,cx-akmal,Yes,35283
bullwaves-37921,37921,2287,35283,"User bullwaves-37921 was moved from affiliate 2287 to  affiliate 35283  With settings : Move media report stats , Apply destination affiliate Revshare settings , Apply destination affiliate CPA Qualification",4/17/2025 11:36:42 AM,cx-akmal,Yes,35283
bullwaves-37985,37985,2287,35283,"User bullwaves-37985 was moved from affiliate 2287 to  affiliate 35283  With settings : Move media report stats , Apply destination affiliate Revshare settings , Apply destination affiliate CPA Qualification",4/17/2025 11:36:41 AM,cx-akmal,Yes,35283
bullwaves-38096,38096,2287,35283,"User bullwaves-38096 was moved from affiliate 2287 to  affiliate 35283  With settings : Move media report stats , Apply destination affiliate Revshare settings , Apply destination affiliate CPA Qualification",4/17/2025 11:36:39 AM,cx-akmal,Yes,35283
bullwaves-38191,38191,2287,35283,"User bullwaves-38191 was moved from affiliate 2287 to  affiliate 35283  With settings : Move media report stats , Apply destination affiliate Revshare settings , Apply destination affiliate CPA Qualification",4/17/2025 11:36:38 AM,cx-akmal,Yes,35283
bullwaves-38232,38232,2287,35283,"User bullwaves-38232 was moved from affiliate 2287 to  affiliate 35283  With settings : Move media report stats , Apply destination affiliate Revshare settings , Apply destination affiliate CPA Qualification",4/17/2025 11:36:36 AM,cx-akmal,Yes,35283
bullwaves-38384,38384,2287,35283,"User bullwaves-38384 was moved from affiliate 2287 to  affiliate 35283  With settings : Move media report stats , Apply destination affiliate Revshare settings , Apply destination affiliate CPA Qualification",4/17/2025 11:36:35 AM,cx-akmal,Yes,35283
bullwaves-38471,38471,2287,35283,"User bullwaves-38471 was moved from affiliate 2287 to  affiliate 35283  With settings : Move media report stats , Apply destination affiliate Revshare settings , Apply destination affiliate CPA Qualification",4/17/2025 11:36:33 AM,cx-akmal,Yes,35283
bullwaves-38496,38496,2287,35283,"User bullwaves-38496 was moved from affiliate 2287 to  affiliate 35283  With settings : Move media report stats , Apply destination affiliate Revshare settings , Apply destination affiliate CPA Qualification",4/17/2025 11:36:33 AM,cx-akmal,Yes,35283
bullwaves-38507,38507,2287,35283,"User bullwaves-38507 was moved from affiliate 2287 to  affiliate 35283  With settings : Move media report stats , Apply destination affiliate Revshare settings , Apply destination affiliate CPA Qualification",4/17/2025 11:36:32 AM,cx-akmal,Yes,35283
bullwaves-38575,38575,2287,35283,"User bullwaves-38575 was moved from affiliate 2287 to  affiliate 35283  With settings : Move media report stats , Apply destination affiliate Revshare settings , Apply destination affiliate CPA Qualification",4/17/2025 11:36:30 AM,cx-akmal,Yes,35283
bullwaves-38938,38938,2287,35283,"User bullwaves-38938 was moved from affiliate 2287 to  affiliate 35283  With settings : Move media report stats , Apply destination affiliate Revshare settings , Apply destination affiliate CPA Qualification",4/17/2025 11:36:29 AM,cx-akmal,Yes,35283
bullwaves-38987,38987,2287,35283,"User bullwaves-38987 was moved from affiliate 2287 to  affiliate 35283  With settings : Move media report stats , Apply destination affiliate Revshare settings , Apply destination affiliate CPA Qualification",4/17/2025 11:36:29 AM,cx-akmal,Yes,35283
bullwaves-39017,39017,2287,35283,"User bullwaves-39017 was moved from affiliate 2287 to  affiliate 35283  With settings : Move media report stats , Apply destination affiliate Revshare settings , Apply destination affiliate CPA Qualification",4/17/2025 11:36:27 AM,cx-akmal,Yes,35283
bullwaves-39036,39036,2287,35283,"User bullwaves-39036 was moved from affiliate 2287 to  affiliate 35283  With settings : Move media report stats , Apply destination affiliate Revshare settings , Apply destination affiliate CPA Qualification",4/17/2025 11:36:26 AM,cx-akmal,Yes,35283
bullwaves-39038,39038,2287,35283,"User bullwaves-39038 was moved from affiliate 2287 to  affiliate 35283  With settings : Move media report stats , Apply destination affiliate Revshare settings , Apply destination affiliate CPA Qualification",4/17/2025 11:36:26 AM,cx-akmal,Yes,35283
bullwaves-39150,39150,2287,35283,"User bullwaves-39150 was moved from affiliate 2287 to  affiliate 35283  With settings : Move media report stats , Apply destination affiliate Revshare settings , Apply destination affiliate CPA Qualification",4/17/2025 11:36:24 AM,cx-akmal,Yes,35283
bullwaves-39224,39224,2287,35283,"User bullwaves-39224 was moved from affiliate 2287 to  affiliate 35283  With settings : Move media report stats , Apply destination affiliate Revshare settings , Apply destination affiliate CPA Qualification",4/17/2025 11:36:23 AM,cx-akmal,Yes,35283
bullwaves-39255,39255,2287,35283,"User bullwaves-39255 was moved from affiliate 2287 to  affiliate 35283  With settings : Move media report stats , Apply destination affiliate Revshare settings , Apply destination affiliate CPA Qualification",4/17/2025 11:36:23 AM,cx-akmal,Yes,35283
bullwaves-39258,39258,2287,35283,"User bullwaves-39258 was moved from affiliate 2287 to  affiliate 35283  With settings : Move media report stats , Apply destination affiliate Revshare settings , Apply destination affiliate CPA Qualification",4/17/2025 11:36:21 AM,cx-akmal,Yes,35283
bullwaves-39286,39286,2287,35283,"User bullwaves-39286 was moved from affiliate 2287 to  affiliate 35283  With settings : Move media report stats , Apply destination affiliate Revshare settings , Apply destination affiliate CPA Qualification",4/17/2025 11:36:20 AM,cx-akmal,Yes,35283
bullwaves-39305,39305,2287,35283,"User bullwaves-39305 was moved from affiliate 2287 to  affiliate 35283  With settings : Move media report stats , Apply destination affiliate Revshare settings , Apply destination affiliate CPA Qualification",4/17/2025 11:36:19 AM,cx-akmal,Yes,35283
bullwaves-39421,39421,2287,35283,"User bullwaves-39421 was moved from affiliate 2287 to  affiliate 35283  With settings : Move media report stats , Apply destination affiliate Revshare settings , Apply destination affiliate CPA Qualification",4/17/2025 11:36:18 AM,cx-akmal,Yes,35283
bullwaves-39420,39420,2287,35283,"User bullwaves-39420 was moved from affiliate 2287 to  affiliate 35283  With settings : Move media report stats , Apply destination affiliate Revshare settings , Apply destination affiliate CPA Qualification",4/17/2025 11:36:17 AM,cx-akmal,Yes,35283
bullwaves-39536,39536,2287,35283,"User bullwaves-39536 was moved from affiliate 2287 to  affiliate 35283  With settings : Move media report stats , Apply destination affiliate Revshare settings , Apply destination affiliate CPA Qualification",4/17/2025 11:36:16 AM,cx-akmal,Yes,35283
bullwaves-39636,39636,2287,35283,"User bullwaves-39636 was moved from affiliate 2287 to  affiliate 35283  With settings : Move media report stats , Apply destination affiliate Revshare settings , Apply destination affiliate CPA Qualification",4/17/2025 11:36:14 AM,cx-akmal,Yes,35283
bullwaves-39684,39684,2287,35283,"User bullwaves-39684 was moved from affiliate 2287 to  affiliate 35283  With settings : Move media report stats , Apply destination affiliate Revshare settings , Apply destination affiliate CPA Qualification",4/17/2025 11:36:14 AM,cx-akmal,Yes,35283
bullwaves-39717,39717,2287,35283,"User bullwaves-39717 was moved from affiliate 2287 to  affiliate 35283  With settings : Move media report stats , Apply destination affiliate Revshare settings , Apply destination affiliate CPA Qualification",4/17/2025 11:36:13 AM,cx-akmal,Yes,35283
bullwaves-39733,39733,2287,35283,"User bullwaves-39733 was moved from affiliate 2287 to  affiliate 35283  With settings : Move media report stats , Apply destination affiliate Revshare settings , Apply destination affiliate CPA Qualification",4/17/2025 11:36:11 AM,cx-akmal,Yes,35283
bullwaves-39741,39741,2287,35283,"User bullwaves-39741 was moved from affiliate 2287 to  affiliate 35283  With settings : Move media report stats , Apply destination affiliate Revshare settings , Apply destination affiliate CPA Qualification",4/17/2025 11:36:11 AM,cx-akmal,Yes,35283
bullwaves-39793,39793,2287,35283,"User bullwaves-39793 was moved from affiliate 2287 to  affiliate 35283  With settings : Move media report stats , Apply destination affiliate Revshare settings , Apply destination affiliate CPA Qualification",4/17/2025 11:36:10 AM,cx-akmal,Yes,35283
bullwaves-39932,39932,2287,35283,"User bullwaves-39932 was moved from affiliate 2287 to  affiliate 35283  With settings : Move media report stats , Apply destination affiliate Revshare settings , Apply destination affiliate CPA Qualification",4/17/2025 11:36:09 AM,cx-akmal,Yes,35283
bullwaves-39969,39969,2287,35283,"User bullwaves-39969 was moved from affiliate 2287 to  affiliate 35283  With settings : Move media report stats , Apply destination affiliate Revshare settings , Apply destination affiliate CPA Qualification",4/17/2025 11:36:08 AM,cx-akmal,Yes,35283
bullwaves-40162,40162,2287,35283,"User bullwaves-40162 was moved from affiliate 2287 to  affiliate 35283  With settings : Move media report stats , Apply destination affiliate Revshare settings , Apply destination affiliate CPA Qualification",4/17/2025 11:36:07 AM,cx-akmal,Yes,35283
bullwaves-40174,40174,2287,35283,"User bullwaves-40174 was moved from affiliate 2287 to  affiliate 35283  With settings : Move media report stats , Apply destination affiliate Revshare settings , Apply destination affiliate CPA Qualification",4/17/2025 11:36:05 AM,cx-akmal,Yes,35283
bullwaves-40217,40217,2287,35283,"User bullwaves-40217 was moved from affiliate 2287 to  affiliate 35283  With settings : Move media report stats , Apply destination affiliate Revshare settings , Apply destination affiliate CPA Qualification",4/17/2025 11:36:05 AM,cx-akmal,Yes,35283
bullwaves-40268,40268,2287,35283,"User bullwaves-40268 was moved from affiliate 2287 to  affiliate 35283  With settings : Move media report stats , Apply destination affiliate Revshare settings , Apply destination affiliate CPA Qualification",4/17/2025 11:36:04 AM,cx-akmal,Yes,35283
bullwaves-40363,40363,2287,35283,"User bullwaves-40363 was moved from affiliate 2287 to  affiliate 35283  With settings : Move media report stats , Apply destination affiliate Revshare settings , Apply destination affiliate CPA Qualification",4/17/2025 11:36:02 AM,cx-akmal,Yes,35283
bullwaves-40403,40403,2287,35283,"User bullwaves-40403 was moved from affiliate 2287 to  affiliate 35283  With settings : Move media report stats , Apply destination affiliate Revshare settings , Apply destination affiliate CPA Qualification",4/17/2025 11:36:01 AM,cx-akmal,Yes,35283
bullwaves-40424,40424,2287,35283,"User bullwaves-40424 was moved from affiliate 2287 to  affiliate 35283  With settings : Move media report stats , Apply destination affiliate Revshare settings , Apply destination affiliate CPA Qualification",4/17/2025 11:36:01 AM,cx-akmal,Yes,35283
bullwaves-40506,40506,2287,35283,"User bullwaves-40506 was moved from affiliate 2287 to  affiliate 35283  With settings : Move media report stats , Apply destination affiliate Revshare settings , Apply destination affiliate CPA Qualification",4/17/2025 11:35:59 AM,cx-akmal,Yes,35283
bullwaves-40639,40639,2287,35283,"User bullwaves-40639 was moved from affiliate 2287 to  affiliate 35283  With settings : Move media report stats , Apply destination affiliate Revshare settings , Apply destination affiliate CPA Qualification",4/17/2025 11:35:58 AM,cx-akmal,Yes,35283
bullwaves-40766,40766,2287,35283,"User bullwaves-40766 was moved from affiliate 2287 to  affiliate 35283  With settings : Move media report stats , Apply destination affiliate Revshare settings , Apply destination affiliate CPA Qualification",4/17/2025 11:35:58 AM,cx-akmal,Yes,35283
bullwaves-40786,40786,2287,35283,"User bullwaves-40786 was moved from affiliate 2287 to  affiliate 35283  With settings : Move media report stats , Apply destination affiliate Revshare settings , Apply destination affiliate CPA Qualification",4/17/2025 11:35:56 AM,cx-akmal,Yes,35283
bullwaves-40795,40795,2287,35283,"User bullwaves-40795 was moved from affiliate 2287 to  affiliate 35283  With settings : Move media report stats , Apply destination affiliate Revshare settings , Apply destination affiliate CPA Qualification",4/17/2025 11:35:55 AM,cx-akmal,Yes,35283
bullwaves-41049,41049,2287,35283,"User bullwaves-41049 was moved from affiliate 2287 to  affiliate 35283  With settings : Move media report stats , Apply destination affiliate Revshare settings , Apply destination affiliate CPA Qualification",4/17/2025 11:35:55 AM,cx-akmal,Yes,35283
bullwaves-41053,41053,2287,35283,"User bullwaves-41053 was moved from affiliate 2287 to  affiliate 35283  With settings : Move media report stats , Apply destination affiliate Revshare settings , Apply destination affiliate CPA Qualification",4/17/2025 11:35:53 AM,cx-akmal,Yes,35283
bullwaves-41061,41061,2287,35283,"User bullwaves-41061 was moved from affiliate 2287 to  affiliate 35283  With settings : Move media report stats , Apply destination affiliate Revshare settings , Apply destination affiliate CPA Qualification",4/17/2025 11:35:53 AM,cx-akmal,Yes,35283
bullwaves-41061,41061,2287,35283,"User bullwaves-41061 was moved from affiliate 2287 to  affiliate 35283  With settings : Move media report stats , Apply destination affiliate Revshare settings , Apply destination affiliate CPA Qualification",4/17/2025 11:35:52 AM,cx-akmal,Yes,2287
bullwaves-41085,41085,2287,35283,"User bullwaves-41085 was moved from affiliate 2287 to  affiliate 35283  With settings : Move media report stats , Apply destination affiliate Revshare settings , Apply destination affiliate CPA Qualification",4/17/2025 11:35:51 AM,cx-akmal,Yes,35283
bullwaves-41133,41133,2287,35283,"User bullwaves-41133 was moved from affiliate 2287 to  affiliate 35283  With settings : Move media report stats , Apply destination affiliate Revshare settings , Apply destination affiliate CPA Qualification",4/17/2025 11:35:48 AM,cx-akmal,Yes,35283
bullwaves-41143,41143,2287,35283,"User bullwaves-41143 was moved from affiliate 2287 to  affiliate 35283  With settings : Move media report stats , Apply destination affiliate Revshare settings , Apply destination affiliate CPA Qualification",4/17/2025 11:35:48 AM,cx-akmal,Yes,35283
bullwaves-41317,41317,2287,35283,"User bullwaves-41317 was moved from affiliate 2287 to  affiliate 35283  With settings : Move media report stats , Apply destination affiliate Revshare settings , Apply destination affiliate CPA Qualification",4/17/2025 11:35:47 AM,cx-akmal,Yes,35283
bullwaves-41415,41415,2287,35283,"User bullwaves-41415 was moved from affiliate 2287 to  affiliate 35283  With settings : Move media report stats , Apply destination affiliate Revshare settings , Apply destination affiliate CPA Qualification",4/17/2025 11:35:46 AM,cx-akmal,Yes,35283
bullwaves-41494,41494,2287,35283,"User bullwaves-41494 was moved from affiliate 2287 to  affiliate 35283  With settings : Move media report stats , Apply destination affiliate Revshare settings , Apply destination affiliate CPA Qualification",4/17/2025 11:35:45 AM,cx-akmal,Yes,35283
bullwaves-41623,41623,2287,35283,"User bullwaves-41623 was moved from affiliate 2287 to  affiliate 35283  With settings : Move media report stats , Apply destination affiliate Revshare settings , Apply destination affiliate CPA Qualification",4/17/2025 11:35:44 AM,cx-akmal,Yes,35283
bullwaves-41667,41667,2287,35283,"User bullwaves-41667 was moved from affiliate 2287 to  affiliate 35283  With settings : Move media report stats , Apply destination affiliate Revshare settings , Apply destination affiliate CPA Qualification",4/17/2025 11:35:43 AM,cx-akmal,Yes,35283
bullwaves-41675,41675,2287,35283,"User bullwaves-41675 was moved from affiliate 2287 to  affiliate 35283  With settings : Move media report stats , Apply destination affiliate Revshare settings , Apply destination affiliate CPA Qualification",4/17/2025 11:35:42 AM,cx-akmal,Yes,35283
bullwaves-41671,41671,2287,35283,"User bullwaves-41671 was moved from affiliate 2287 to  affiliate 35283  With settings : Move media report stats , Apply destination affiliate Revshare settings , Apply destination affiliate CPA Qualification",4/17/2025 11:35:41 AM,cx-akmal,Yes,35283
bullwaves-41686,41686,2287,35283,"User bullwaves-41686 was moved from affiliate 2287 to  affiliate 35283  With settings : Move media report stats , Apply destination affiliate Revshare settings , Apply destination affiliate CPA Qualification",4/17/2025 11:35:39 AM,cx-akmal,Yes,35283
bullwaves-41718,41718,2287,35283,"User bullwaves-41718 was moved from affiliate 2287 to  affiliate 35283  With settings : Move media report stats , Apply destination affiliate Revshare settings , Apply destination affiliate CPA Qualification",4/17/2025 11:35:39 AM,cx-akmal,Yes,35283
bullwaves-41772,41772,2287,35283,"User bullwaves-41772 was moved from affiliate 2287 to  affiliate 35283  With settings : Move media report stats , Apply destination affiliate Revshare settings , Apply destination affiliate CPA Qualification",4/17/2025 11:35:38 AM,cx-akmal,Yes,35283
bullwaves-41876,41876,2287,35283,"User bullwaves-41876 was moved from affiliate 2287 to  affiliate 35283  With settings : Move media report stats , Apply destination affiliate Revshare settings , Apply destination affiliate CPA Qualification",4/17/2025 11:35:36 AM,cx-akmal,Yes,35283
bullwaves-41898,41898,2287,35283,"User bullwaves-41898 was moved from affiliate 2287 to  affiliate 35283  With settings : Move media report stats , Apply destination affiliate Revshare settings , Apply destination affiliate CPA Qualification",4/17/2025 11:35:36 AM,cx-akmal,Yes,35283
bullwaves-42016,42016,2287,35283,"User bullwaves-42016 was moved from affiliate 2287 to  affiliate 35283  With settings : Move media report stats , Apply destination affiliate Revshare settings , Apply destination affiliate CPA Qualification",4/17/2025 11:35:35 AM,cx-akmal,Yes,35283
bullwaves-42020,42020,2287,35283,"User bullwaves-42020 was moved from affiliate 2287 to  affiliate 35283  With settings : Move media report stats , Apply destination affiliate Revshare settings , Apply destination affiliate CPA Qualification",4/17/2025 11:35:33 AM,cx-akmal,Yes,35283
bullwaves-7736,7736,2287,35283,"User bullwaves-7736 was moved from affiliate 2287 to  affiliate 35283  With settings : Move media report stats , Apply destination affiliate Revshare settings , Apply destination affiliate CPA Qualification",4/17/2025 11:35:32 AM,cx-akmal,Yes,35283
bullwaves-42095,42095,2287,35283,"User bullwaves-42095 was moved from affiliate 2287 to  affiliate 35283  With settings : Move media report stats , Apply destination affiliate Revshare settings , Apply destination affiliate CPA Qualification",4/17/2025 11:35:32 AM,cx-akmal,Yes,35283
bullwaves-42102,42102,2287,35283,"User bullwaves-42102 was moved from affiliate 2287 to  affiliate 35283  With settings : Move media report stats , Apply destination affiliate Revshare settings , Apply destination affiliate CPA Qualification",4/17/2025 11:35:30 AM,cx-akmal,Yes,35283
bullwaves-42161,42161,2287,35283,"User bullwaves-42161 was moved from affiliate 2287 to  affiliate 35283  With settings : Move media report stats , Apply destination affiliate Revshare settings , Apply destination affiliate CPA Qualification",4/17/2025 11:35:29 AM,cx-akmal,Yes,35283
bullwaves-42319,42319,2287,35283,"User bullwaves-42319 was moved from affiliate 2287 to  affiliate 35283  With settings : Move media report stats , Apply destination affiliate Revshare settings , Apply destination affiliate CPA Qualification",4/17/2025 11:35:29 AM,cx-akmal,Yes,35283
bullwaves-42418,42418,2287,35283,"User bullwaves-42418 was moved from affiliate 2287 to  affiliate 35283  With settings : Move media report stats , Apply destination affiliate Revshare settings , Apply destination affiliate CPA Qualification",4/17/2025 11:35:27 AM,cx-akmal,Yes,35283
bullwaves-42432,42432,2287,35283,"User bullwaves-42432 was moved from affiliate 2287 to  affiliate 35283  With settings : Move media report stats , Apply destination affiliate Revshare settings , Apply destination affiliate CPA Qualification",4/17/2025 11:35:26 AM,cx-akmal,Yes,35283
bullwaves-42554,42554,2287,35283,"User bullwaves-42554 was moved from affiliate 2287 to  affiliate 35283  With settings : Move media report stats , Apply destination affiliate Revshare settings , Apply destination affiliate CPA Qualification",4/17/2025 11:35:26 AM,cx-akmal,Yes,35283
bullwaves-42615,42615,2287,35283,"User bullwaves-42615 was moved from affiliate 2287 to  affiliate 35283  With settings : Move media report stats , Apply destination affiliate Revshare settings , Apply destination affiliate CPA Qualification",4/17/2025 11:35:24 AM,cx-akmal,Yes,35283
bullwaves-42898,42898,2287,35283,"User bullwaves-42898 was moved from affiliate 2287 to  affiliate 35283  With settings : Move media report stats , Apply destination affiliate Revshare settings , Apply destination affiliate CPA Qualification",4/17/2025 11:35:24 AM,cx-akmal,Yes,35283
bullwaves-43352,43352,2287,35283,"User bullwaves-43352 was moved from affiliate 2287 to  affiliate 35283  With settings : Move media report stats , Apply destination affiliate Revshare settings , Apply destination affiliate CPA Qualification",4/17/2025 11:35:23 AM,cx-akmal,Yes,35283
bullwaves-43339,43339,2287,35283,"User bullwaves-43339 was moved from affiliate 2287 to  affiliate 35283  With settings : Move media report stats , Apply destination affiliate Revshare settings , Apply destination affiliate CPA Qualification",4/17/2025 11:35:21 AM,cx-akmal,Yes,35283
bullwaves-43387,43387,2287,35283,"User bullwaves-43387 was moved from affiliate 2287 to  affiliate 35283  With settings : Move media report stats , Apply destination affiliate Revshare settings , Apply destination affiliate CPA Qualification",4/17/2025 11:35:20 AM,cx-akmal,Yes,35283
bullwaves-43480,43480,2287,35283,"User bullwaves-43480 was moved from affiliate 2287 to  affiliate 35283  With settings : Move media report stats , Apply destination affiliate Revshare settings , Apply destination affiliate CPA Qualification",4/17/2025 11:35:19 AM,cx-akmal,Yes,35283
bullwaves-43538,43538,2287,35283,"User bullwaves-43538 was moved from affiliate 2287 to  affiliate 35283  With settings : Move media report stats , Apply destination affiliate Revshare settings , Apply destination affiliate CPA Qualification",4/17/2025 11:35:17 AM,cx-akmal,Yes,35283
bullwaves-43619,43619,2287,35283,"User bullwaves-43619 was moved from affiliate 2287 to  affiliate 35283  With settings : Move media report stats , Apply destination affiliate Revshare settings , Apply destination affiliate CPA Qualification",4/17/2025 11:35:17 AM,cx-akmal,Yes,35283
bullwaves-43839,43839,2287,35283,"User bullwaves-43839 was moved from affiliate 2287 to  affiliate 35283  With settings : Move media report stats , Apply destination affiliate Revshare settings , Apply destination affiliate CPA Qualification",4/17/2025 11:35:16 AM,cx-akmal,Yes,35283
bullwaves-44150,44150,2287,35283,"User bullwaves-44150 was moved from affiliate 2287 to  affiliate 35283  With settings : Move media report stats , Apply destination affiliate Revshare settings , Apply destination affiliate CPA Qualification",4/17/2025 11:35:14 AM,cx-akmal,Yes,35283
bullwaves-44196,44196,2287,35283,"User bullwaves-44196 was moved from affiliate 2287 to  affiliate 35283  With settings : Move media report stats , Apply destination affiliate Revshare settings , Apply destination affiliate CPA Qualification",4/17/2025 11:35:14 AM,cx-akmal,Yes,35283
bullwaves-44434,44434,2287,35283,"User bullwaves-44434 was moved from affiliate 2287 to  affiliate 35283  With settings : Move media report stats , Apply destination affiliate Revshare settings , Apply destination affiliate CPA Qualification",4/17/2025 11:35:13 AM,cx-akmal,Yes,35283
bullwaves-44499,44499,2287,35283,"User bullwaves-44499 was moved from affiliate 2287 to  affiliate 35283  With settings : Move media report stats , Apply destination affiliate Revshare settings , Apply destination affiliate CPA Qualification",4/17/2025 11:35:11 AM,cx-akmal,Yes,35283
bullwaves-44540,44540,2287,35283,"User bullwaves-44540 was moved from affiliate 2287 to  affiliate 35283  With settings : Move media report stats , Apply destination affiliate Revshare settings , Apply destination affiliate CPA Qualification",4/17/2025 11:35:10 AM,cx-akmal,Yes,35283
bullwaves-44604,44604,2287,35283,"User bullwaves-44604 was moved from affiliate 2287 to  affiliate 35283  With settings : Move media report stats , Apply destination affiliate Revshare settings , Apply destination affiliate CPA Qualification",4/17/2025 11:35:10 AM,cx-akmal,Yes,35283
bullwaves-44628,44628,2287,35283,"User bullwaves-44628 was moved from affiliate 2287 to  affiliate 35283  With settings : Move media report stats , Apply destination affiliate Revshare settings , Apply destination affiliate CPA Qualification",4/17/2025 11:35:08 AM,cx-akmal,Yes,35283
bullwaves-44862,44862,2287,35283,"User bullwaves-44862 was moved from affiliate 2287 to  affiliate 35283  With settings : Move media report stats , Apply destination affiliate Revshare settings , Apply destination affiliate CPA Qualification",4/17/2025 11:35:07 AM,cx-akmal,Yes,35283
bullwaves-44977,44977,2287,35283,"User bullwaves-44977 was moved from affiliate 2287 to  affiliate 35283  With settings : Move media report stats , Apply destination affiliate Revshare settings , Apply destination affiliate CPA Qualification",4/17/2025 11:35:07 AM,cx-akmal,Yes,35283
bullwaves-45016,45016,2287,35283,"User bullwaves-45016 was moved from affiliate 2287 to  affiliate 35283  With settings : Move media report stats , Apply destination affiliate Revshare settings , Apply destination affiliate CPA Qualification",4/17/2025 11:35:05 AM,cx-akmal,Yes,35283
bullwaves-45059,45059,2287,35283,"User bullwaves-45059 was moved from affiliate 2287 to  affiliate 35283  With settings : Move media report stats , Apply destination affiliate Revshare settings , Apply destination affiliate CPA Qualification",4/17/2025 11:35:04 AM,cx-akmal,Yes,35283
bullwaves-45091,45091,2287,35283,"User bullwaves-45091 was moved from affiliate 2287 to  affiliate 35283  With settings : Move media report stats , Apply destination affiliate Revshare settings , Apply destination affiliate CPA Qualification",4/17/2025 11:35:03 AM,cx-akmal,Yes,35283
bullwaves-45101,45101,2287,35283,"User bullwaves-45101 was moved from affiliate 2287 to  affiliate 35283  With settings : Move media report stats , Apply destination affiliate Revshare settings , Apply destination affiliate CPA Qualification",4/17/2025 11:35:02 AM,cx-akmal,Yes,35283
bullwaves-45320,45320,2287,35283,"User bullwaves-45320 was moved from affiliate 2287 to  affiliate 35283  With settings : Move media report stats , Apply destination affiliate Revshare settings , Apply destination affiliate CPA Qualification",4/17/2025 11:35:01 AM,cx-akmal,Yes,35283
bullwaves-45376,45376,2287,35283,"User bullwaves-45376 was moved from affiliate 2287 to  affiliate 35283  With settings : Move media report stats , Apply destination affiliate Revshare settings , Apply destination affiliate CPA Qualification",4/17/2025 11:35:00 AM,cx-akmal,Yes,35283
bullwaves-45379,45379,2287,35283,"User bullwaves-45379 was moved from affiliate 2287 to  affiliate 35283  With settings : Move media report stats , Apply destination affiliate Revshare settings , Apply destination affiliate CPA Qualification",4/17/2025 11:34:58 AM,cx-akmal,Yes,35283
bullwaves-45448,45448,2287,35283,"User bullwaves-45448 was moved from affiliate 2287 to  affiliate 35283  With settings : Move media report stats , Apply destination affiliate Revshare settings , Apply destination affiliate CPA Qualification",4/17/2025 11:34:58 AM,cx-akmal,Yes,35283
bullwaves-45533,45533,2287,35283,"User bullwaves-45533 was moved from affiliate 2287 to  affiliate 35283  With settings : Move media report stats , Apply destination affiliate Revshare settings , Apply destination affiliate CPA Qualification",4/17/2025 11:34:57 AM,cx-akmal,Yes,35283
bullwaves-45538,45538,2287,35283,"User bullwaves-45538 was moved from affiliate 2287 to  affiliate 35283  With settings : Move media report stats , Apply destination affiliate Revshare settings , Apply destination affiliate CPA Qualification",4/17/2025 11:34:56 AM,cx-akmal,Yes,35283
bullwaves-45567,45567,2287,35283,"User bullwaves-45567 was moved from affiliate 2287 to  affiliate 35283  With settings : Move media report stats , Apply destination affiliate Revshare settings , Apply destination affiliate CPA Qualification",4/17/2025 11:34:55 AM,cx-akmal,Yes,35283
bullwaves-45641,45641,2287,35283,"User bullwaves-45641 was moved from affiliate 2287 to  affiliate 35283  With settings : Move media report stats , Apply destination affiliate Revshare settings , Apply destination affiliate CPA Qualification",4/17/2025 11:34:54 AM,cx-akmal,Yes,35283
bullwaves-45715,45715,2287,35283,"User bullwaves-45715 was moved from affiliate 2287 to  affiliate 35283  With settings : Move media report stats , Apply destination affiliate Revshare settings , Apply destination affiliate CPA Qualification",4/17/2025 11:34:53 AM,cx-akmal,Yes,35283
bullwaves-45935,45935,2287,35283,"User bullwaves-45935 was moved from affiliate 2287 to  affiliate 35283  With settings : Move media report stats , Apply destination affiliate Revshare settings , Apply destination affiliate CPA Qualification",4/17/2025 11:34:51 AM,cx-akmal,Yes,35283
bullwaves-45953,45953,2287,35283,"User bullwaves-45953 was moved from affiliate 2287 to  affiliate 35283  With settings : Move media report stats , Apply destination affiliate Revshare settings , Apply destination affiliate CPA Qualification",4/17/2025 11:34:51 AM,cx-akmal,Yes,35283
bullwaves-46071,46071,2287,35283,"User bullwaves-46071 was moved from affiliate 2287 to  affiliate 35283  With settings : Move media report stats , Apply destination affiliate Revshare settings , Apply destination affiliate CPA Qualification",4/17/2025 11:34:49 AM,cx-akmal,Yes,35283
bullwaves-46333,46333,2287,35283,"User bullwaves-46333 was moved from affiliate 2287 to  affiliate 35283  With settings : Move media report stats , Apply destination affiliate Revshare settings , Apply destination affiliate CPA Qualification",4/17/2025 11:34:49 AM,cx-akmal,Yes,35283
bullwaves-46340,46340,2287,35283,"User bullwaves-46340 was moved from affiliate 2287 to  affiliate 35283  With settings : Move media report stats , Apply destination affiliate Revshare settings , Apply destination affiliate CPA Qualification",4/17/2025 11:34:48 AM,cx-akmal,Yes,35283
bullwaves-46395,46395,2287,35283,"User bullwaves-46395 was moved from affiliate 2287 to  affiliate 35283  With settings : Move media report stats , Apply destination affiliate Revshare settings , Apply destination affiliate CPA Qualification",4/17/2025 11:34:46 AM,cx-akmal,Yes,35283
bullwaves-46640,46640,2287,35283,"User bullwaves-46640 was moved from affiliate 2287 to  affiliate 35283  With settings : Move media report stats , Apply destination affiliate Revshare settings , Apply destination affiliate CPA Qualification",4/17/2025 11:34:44 AM,cx-akmal,Yes,35283
bullwaves-46686,46686,2287,35283,"User bullwaves-46686 was moved from affiliate 2287 to  affiliate 35283  With settings : Move media report stats , Apply destination affiliate Revshare settings , Apply destination affiliate CPA Qualification",4/17/2025 11:34:43 AM,cx-akmal,Yes,35283
bullwaves-46740,46740,2287,35283,"User bullwaves-46740 was moved from affiliate 2287 to  affiliate 35283  With settings : Move media report stats , Apply destination affiliate Revshare settings , Apply destination affiliate CPA Qualification",4/17/2025 11:34:41 AM,cx-akmal,Yes,35283
bullwaves-46748,46748,2287,35283,"User bullwaves-46748 was moved from affiliate 2287 to  affiliate 35283  With settings : Move media report stats , Apply destination affiliate Revshare settings , Apply destination affiliate CPA Qualification",4/17/2025 11:34:41 AM,cx-akmal,Yes,35283
bullwaves-46968,46968,2287,35283,"User bullwaves-46968 was moved from affiliate 2287 to  affiliate 35283  With settings : Move media report stats , Apply destination affiliate Revshare settings , Apply destination affiliate CPA Qualification",4/17/2025 11:34:40 AM,cx-akmal,Yes,35283
bullwaves-46991,46991,2287,35283,"User bullwaves-46991 was moved from affiliate 2287 to  affiliate 35283  With settings : Move media report stats , Apply destination affiliate Revshare settings , Apply destination affiliate CPA Qualification",4/17/2025 11:34:39 AM,cx-akmal,Yes,35283
bullwaves-47075,47075,2287,35283,"User bullwaves-47075 was moved from affiliate 2287 to  affiliate 35283  With settings : Move media report stats , Apply destination affiliate Revshare settings , Apply destination affiliate CPA Qualification",4/17/2025 11:34:38 AM,cx-akmal,Yes,35283
bullwaves-47484,47484,2287,35283,"User bullwaves-47484 was moved from affiliate 2287 to  affiliate 35283  With settings : Move media report stats , Apply destination affiliate Revshare settings , Apply destination affiliate CPA Qualification",4/17/2025 11:34:37 AM,cx-akmal,Yes,35283
bullwaves-47660,47660,2287,35283,"User bullwaves-47660 was moved from affiliate 2287 to  affiliate 35283  With settings : Move media report stats , Apply destination affiliate Revshare settings , Apply destination affiliate CPA Qualification",4/17/2025 11:34:35 AM,cx-akmal,Yes,35283
bullwaves-47691,47691,2287,35283,"User bullwaves-47691 was moved from affiliate 2287 to  affiliate 35283  With settings : Move media report stats , Apply destination affiliate Revshare settings , Apply destination affiliate CPA Qualification",4/17/2025 11:34:33 AM,cx-akmal,Yes,35283
bullwaves-47695,47695,2287,35283,"User bullwaves-47695 was moved from affiliate 2287 to  affiliate 35283  With settings : Move media report stats , Apply destination affiliate Revshare settings , Apply destination affiliate CPA Qualification",4/17/2025 11:34:33 AM,cx-akmal,Yes,35283
bullwaves-47708,47708,2287,35283,"User bullwaves-47708 was moved from affiliate 2287 to  affiliate 35283  With settings : Move media report stats , Apply destination affiliate Revshare settings , Apply destination affiliate CPA Qualification",4/17/2025 11:34:32 AM,cx-akmal,Yes,35283
bullwaves-47711,47711,2287,35283,"User bullwaves-47711 was moved from affiliate 2287 to  affiliate 35283  With settings : Move media report stats , Apply destination affiliate Revshare settings , Apply destination affiliate CPA Qualification",4/17/2025 11:34:30 AM,cx-akmal,Yes,35283
bullwaves-47881,47881,2287,35283,"User bullwaves-47881 was moved from affiliate 2287 to  affiliate 35283  With settings : Move media report stats , Apply destination affiliate Revshare settings , Apply destination affiliate CPA Qualification",4/17/2025 11:34:29 AM,cx-akmal,Yes,35283
bullwaves-7783,7783,2287,35283,"User bullwaves-7783 was moved from affiliate 2287 to  affiliate 35283  With settings : Move media report stats , Apply destination affiliate Revshare settings , Apply destination affiliate CPA Qualification",4/17/2025 11:34:29 AM,cx-akmal,Yes,35283
bullwaves-48136,48136,2287,35283,"User bullwaves-48136 was moved from affiliate 2287 to  affiliate 35283  With settings : Move media report stats , Apply destination affiliate Revshare settings , Apply destination affiliate CPA Qualification",4/17/2025 11:34:27 AM,cx-akmal,Yes,35283
bullwaves-48328,48328,2287,35283,"User bullwaves-48328 was moved from affiliate 2287 to  affiliate 35283  With settings : Move media report stats , Apply destination affiliate Revshare settings , Apply destination affiliate CPA Qualification",4/17/2025 11:34:26 AM,cx-akmal,Yes,35283
bullwaves-48357,48357,2287,35283,"User bullwaves-48357 was moved from affiliate 2287 to  affiliate 35283  With settings : Move media report stats , Apply destination affiliate Revshare settings , Apply destination affiliate CPA Qualification",4/17/2025 11:34:24 AM,cx-akmal,Yes,35283
bullwaves-48391,48391,2287,35283,"User bullwaves-48391 was moved from affiliate 2287 to  affiliate 35283  With settings : Move media report stats , Apply destination affiliate Revshare settings , Apply destination affiliate CPA Qualification",4/17/2025 11:34:22 AM,cx-akmal,Yes,35283
bullwaves-48427,48427,2287,35283,"User bullwaves-48427 was moved from affiliate 2287 to  affiliate 35283  With settings : Move media report stats , Apply destination affiliate Revshare settings , Apply destination affiliate CPA Qualification",4/17/2025 11:34:18 AM,cx-akmal,Yes,35283
bullwaves-48675,48675,2287,35283,"User bullwaves-48675 was moved from affiliate 2287 to  affiliate 35283  With settings : Move media report stats , Apply destination affiliate Revshare settings , Apply destination affiliate CPA Qualification",4/17/2025 11:34:16 AM,cx-akmal,Yes,35283
bullwaves-48693,48693,2287,35283,"User bullwaves-48693 was moved from affiliate 2287 to  affiliate 35283  With settings : Move media report stats , Apply destination affiliate Revshare settings , Apply destination affiliate CPA Qualification",4/17/2025 11:34:15 AM,cx-akmal,Yes,35283
bullwaves-48839,48839,2287,35283,"User bullwaves-48839 was moved from affiliate 2287 to  affiliate 35283  With settings : Move media report stats , Apply destination affiliate Revshare settings , Apply destination affiliate CPA Qualification",4/17/2025 11:34:14 AM,cx-akmal,Yes,35283
bullwaves-6122,6122,2287,35283,"User bullwaves-6122 was moved from affiliate 2287 to  affiliate 35283  With settings : Move media report stats , Apply destination affiliate Revshare settings , Apply destination affiliate CPA Qualification",4/17/2025 11:34:14 AM,cx-akmal,Yes,35283
bullwaves-48886,48886,2287,35283,"User bullwaves-48886 was moved from affiliate 2287 to  affiliate 35283  With settings : Move media report stats , Apply destination affiliate Revshare settings , Apply destination affiliate CPA Qualification",4/17/2025 11:34:12 AM,cx-akmal,Yes,35283
bullwaves-48924,48924,2287,35283,"User bullwaves-48924 was moved from affiliate 2287 to  affiliate 35283  With settings : Move media report stats , Apply destination affiliate Revshare settings , Apply destination affiliate CPA Qualification",4/17/2025 11:34:11 AM,cx-akmal,Yes,35283
bullwaves-2838,2838,2287,35283,"User bullwaves-2838 was moved from affiliate 2287 to  affiliate 35283  With settings : Move media report stats , Apply destination affiliate Revshare settings , Apply destination affiliate CPA Qualification",4/17/2025 11:34:09 AM,cx-akmal,Yes,35283
bullwaves-49188,49188,2287,35283,"User bullwaves-49188 was moved from affiliate 2287 to  affiliate 35283  With settings : Move media report stats , Apply destination affiliate Revshare settings , Apply destination affiliate CPA Qualification",4/17/2025 11:34:07 AM,cx-akmal,Yes,35283
bullwaves-49233,49233,2287,35283,"User bullwaves-49233 was moved from affiliate 2287 to  affiliate 35283  With settings : Move media report stats , Apply destination affiliate Revshare settings , Apply destination affiliate CPA Qualification",4/17/2025 11:34:06 AM,cx-akmal,Yes,35283
bullwaves-49581,49581,2287,35283,"User bullwaves-49581 was moved from affiliate 2287 to  affiliate 35283  With settings : Move media report stats , Apply destination affiliate Revshare settings , Apply destination affiliate CPA Qualification",4/17/2025 11:34:05 AM,cx-akmal,Yes,35283
bullwaves-49693,49693,2287,35283,"User bullwaves-49693 was moved from affiliate 2287 to  affiliate 35283  With settings : Move media report stats , Apply destination affiliate Revshare settings , Apply destination affiliate CPA Qualification",4/17/2025 11:34:03 AM,cx-akmal,Yes,35283
bullwaves-49926,49926,2287,35283,"User bullwaves-49926 was moved from affiliate 2287 to  affiliate 35283  With settings : Move media report stats , Apply destination affiliate Revshare settings , Apply destination affiliate CPA Qualification",4/17/2025 11:34:02 AM,cx-akmal,Yes,35283
bullwaves-49981,49981,2287,35283,"User bullwaves-49981 was moved from affiliate 2287 to  affiliate 35283  With settings : Move media report stats , Apply destination affiliate Revshare settings , Apply destination affiliate CPA Qualification",4/17/2025 11:34:01 AM,cx-akmal,Yes,35283
bullwaves-50163,50163,2287,35283,"User bullwaves-50163 was moved from affiliate 2287 to  affiliate 35283  With settings : Move media report stats , Apply destination affiliate Revshare settings , Apply destination affiliate CPA Qualification",4/17/2025 11:33:59 AM,cx-akmal,Yes,35283
bullwaves-50404,50404,2287,35283,"User bullwaves-50404 was moved from affiliate 2287 to  affiliate 35283  With settings : Move media report stats , Apply destination affiliate Revshare settings , Apply destination affiliate CPA Qualification",4/17/2025 11:33:58 AM,cx-akmal,Yes,35283
bullwaves-50704,50704,2287,35283,"User bullwaves-50704 was moved from affiliate 2287 to  affiliate 35283  With settings : Move media report stats , Apply destination affiliate Revshare settings , Apply destination affiliate CPA Qualification",4/17/2025 11:33:58 AM,cx-akmal,Yes,35283
bullwaves-50827,50827,2287,35283,"User bullwaves-50827 was moved from affiliate 2287 to  affiliate 35283  With settings : Move media report stats , Apply destination affiliate Revshare settings , Apply destination affiliate CPA Qualification",4/17/2025 11:33:56 AM,cx-akmal,Yes,35283
bullwaves-50836,50836,2287,35283,"User bullwaves-50836 was moved from affiliate 2287 to  affiliate 35283  With settings : Move media report stats , Apply destination affiliate Revshare settings , Apply destination affiliate CPA Qualification",4/17/2025 11:33:53 AM,cx-akmal,Yes,35283
bullwaves-51098,51098,2287,35283,"User bullwaves-51098 was moved from affiliate 2287 to  affiliate 35283  With settings : Move media report stats , Apply destination affiliate Revshare settings , Apply destination affiliate CPA Qualification",4/17/2025 11:33:53 AM,cx-akmal,Yes,35283
bullwaves-51130,51130,2287,35283,"User bullwaves-51130 was moved from affiliate 2287 to  affiliate 35283  With settings : Move media report stats , Apply destination affiliate Revshare settings , Apply destination affiliate CPA Qualification",4/17/2025 11:33:51 AM,cx-akmal,Yes,35283
bullwaves-51191,51191,2287,35283,"User bullwaves-51191 was moved from affiliate 2287 to  affiliate 35283  With settings : Move media report stats , Apply destination affiliate Revshare settings , Apply destination affiliate CPA Qualification",4/17/2025 11:33:50 AM,cx-akmal,Yes,35283
bullwaves-51285,51285,2287,35283,"User bullwaves-51285 was moved from affiliate 2287 to  affiliate 35283  With settings : Move media report stats , Apply destination affiliate Revshare settings , Apply destination affiliate CPA Qualification",4/17/2025 11:33:49 AM,cx-akmal,Yes,35283
bullwaves-51281,51281,2287,35283,"User bullwaves-51281 was moved from affiliate 2287 to  affiliate 35283  With settings : Move media report stats , Apply destination affiliate Revshare settings , Apply destination affiliate CPA Qualification",4/17/2025 11:33:47 AM,cx-akmal,Yes,35283
bullwaves-51334,51334,2287,35283,"User bullwaves-51334 was moved from affiliate 2287 to  affiliate 35283  With settings : Move media report stats , Apply destination affiliate Revshare settings , Apply destination affiliate CPA Qualification",4/17/2025 11:33:47 AM,cx-akmal,Yes,35283
bullwaves-51684,51684,2287,35283,"User bullwaves-51684 was moved from affiliate 2287 to  affiliate 35283  With settings : Move media report stats , Apply destination affiliate Revshare settings , Apply destination affiliate CPA Qualification",4/17/2025 11:33:46 AM,cx-akmal,Yes,35283
bullwaves-51849,51849,2287,35283,"User bullwaves-51849 was moved from affiliate 2287 to  affiliate 35283  With settings : Move media report stats , Apply destination affiliate Revshare settings , Apply destination affiliate CPA Qualification",4/17/2025 11:33:44 AM,cx-akmal,Yes,35283
bullwaves-51928,51928,2287,35283,"User bullwaves-51928 was moved from affiliate 2287 to  affiliate 35283  With settings : Move media report stats , Apply destination affiliate Revshare settings , Apply destination affiliate CPA Qualification",4/17/2025 11:33:42 AM,cx-akmal,Yes,35283
bullwaves-52141,52141,2287,35283,"User bullwaves-52141 was moved from affiliate 2287 to  affiliate 35283  With settings : Move media report stats , Apply destination affiliate Revshare settings , Apply destination affiliate CPA Qualification",4/17/2025 11:33:39 AM,cx-akmal,Yes,35283
bullwaves-52176,52176,2287,35283,"User bullwaves-52176 was moved from affiliate 2287 to  affiliate 35283  With settings : Move media report stats , Apply destination affiliate Revshare settings , Apply destination affiliate CPA Qualification",4/17/2025 11:33:39 AM,cx-akmal,Yes,35283
bullwaves-52302,52302,2287,35283,"User bullwaves-52302 was moved from affiliate 2287 to  affiliate 35283  With settings : Move media report stats , Apply destination affiliate Revshare settings , Apply destination affiliate CPA Qualification",4/17/2025 11:33:36 AM,cx-akmal,Yes,35283
bullwaves-52322,52322,2287,35283,"User bullwaves-52322 was moved from affiliate 2287 to  affiliate 35283  With settings : Move media report stats , Apply destination affiliate Revshare settings , Apply destination affiliate CPA Qualification",4/17/2025 11:33:34 AM,cx-akmal,Yes,35283
bullwaves-52373,52373,2287,35283,"User bullwaves-52373 was moved from affiliate 2287 to  affiliate 35283  With settings : Move media report stats , Apply destination affiliate Revshare settings , Apply destination affiliate CPA Qualification",4/17/2025 11:33:33 AM,cx-akmal,Yes,35283
bullwaves-52799,52799,2287,35283,"User bullwaves-52799 was moved from affiliate 2287 to  affiliate 35283  With settings : Move media report stats , Apply destination affiliate Revshare settings , Apply destination affiliate CPA Qualification",4/17/2025 11:33:31 AM,cx-akmal,Yes,35283
bullwaves-52815,52815,2287,35283,"User bullwaves-52815 was moved from affiliate 2287 to  affiliate 35283  With settings : Move media report stats , Apply destination affiliate Revshare settings , Apply destination affiliate CPA Qualification",4/17/2025 11:33:31 AM,cx-akmal,Yes,35283
bullwaves-52876,52876,2287,35283,"User bullwaves-52876 was moved from affiliate 2287 to  affiliate 35283  With settings : Move media report stats , Apply destination affiliate Revshare settings , Apply destination affiliate CPA Qualification",4/17/2025 11:33:29 AM,cx-akmal,Yes,35283
bullwaves-52897,52897,2287,35283,"User bullwaves-52897 was moved from affiliate 2287 to  affiliate 35283  With settings : Move media report stats , Apply destination affiliate Revshare settings , Apply destination affiliate CPA Qualification",4/17/2025 11:33:28 AM,cx-akmal,Yes,35283
bullwaves-53594,53594,2287,35283,"User bullwaves-53594 was moved from affiliate 2287 to  affiliate 35283  With settings : Move media report stats , Apply destination affiliate Revshare settings , Apply destination affiliate CPA Qualification",4/17/2025 11:33:28 AM,cx-akmal,Yes,35283
bullwaves-53732,53732,2287,35283,"User bullwaves-53732 was moved from affiliate 2287 to  affiliate 35283  With settings : Move media report stats , Apply destination affiliate Revshare settings , Apply destination affiliate CPA Qualification",4/17/2025 11:33:27 AM,cx-akmal,Yes,35283
bullwaves-54284,54284,2287,35283,"User bullwaves-54284 was moved from affiliate 2287 to  affiliate 35283  With settings : Move media report stats , Apply destination affiliate Revshare settings , Apply destination affiliate CPA Qualification",4/17/2025 11:33:26 AM,cx-akmal,Yes,35283
bullwaves-54290,54290,2287,35283,"User bullwaves-54290 was moved from affiliate 2287 to  affiliate 35283  With settings : Move media report stats , Apply destination affiliate Revshare settings , Apply destination affiliate CPA Qualification",4/17/2025 11:33:25 AM,cx-akmal,Yes,35283
bullwaves-54371,54371,2287,35283,"User bullwaves-54371 was moved from affiliate 2287 to  affiliate 35283  With settings : Move media report stats , Apply destination affiliate Revshare settings , Apply destination affiliate CPA Qualification",4/17/2025 11:33:23 AM,cx-akmal,Yes,35283
bullwaves-55140,55140,2287,35283,"User bullwaves-55140 was moved from affiliate 2287 to  affiliate 35283  With settings : Move media report stats , Apply destination affiliate Revshare settings , Apply destination affiliate CPA Qualification",4/17/2025 11:33:21 AM,cx-akmal,Yes,35283
bullwaves-55419,55419,2287,35283,"User bullwaves-55419 was moved from affiliate 2287 to  affiliate 35283  With settings : Move media report stats , Apply destination affiliate Revshare settings , Apply destination affiliate CPA Qualification",4/17/2025 11:33:19 AM,cx-akmal,Yes,35283
bullwaves-55892,55892,2287,35283,"User bullwaves-55892 was moved from affiliate 2287 to  affiliate 35283  With settings : Move media report stats , Apply destination affiliate Revshare settings , Apply destination affiliate CPA Qualification",4/17/2025 11:33:17 AM,cx-akmal,Yes,35283
bullwaves-55963,55963,2287,35283,"User bullwaves-55963 was moved from affiliate 2287 to  affiliate 35283  With settings : Move media report stats , Apply destination affiliate Revshare settings , Apply destination affiliate CPA Qualification",4/17/2025 11:33:17 AM,cx-akmal,Yes,35283
bullwaves-56136,56136,2287,35283,"User bullwaves-56136 was moved from affiliate 2287 to  affiliate 35283  With settings : Move media report stats , Apply destination affiliate Revshare settings , Apply destination affiliate CPA Qualification",4/17/2025 11:33:16 AM,cx-akmal,Yes,35283
bullwaves-56133,56133,2287,35283,"User bullwaves-56133 was moved from affiliate 2287 to  affiliate 35283  With settings : Move media report stats , Apply destination affiliate Revshare settings , Apply destination affiliate CPA Qualification",4/17/2025 11:33:14 AM,cx-akmal,Yes,35283
bullwaves-56159,56159,2287,35283,"User bullwaves-56159 was moved from affiliate 2287 to  affiliate 35283  With settings : Move media report stats , Apply destination affiliate Revshare settings , Apply destination affiliate CPA Qualification",4/17/2025 11:33:14 AM,cx-akmal,Yes,35283
bullwaves-56170,56170,2287,35283,"User bullwaves-56170 was moved from affiliate 2287 to  affiliate 35283  With settings : Move media report stats , Apply destination affiliate Revshare settings , Apply destination affiliate CPA Qualification",4/17/2025 11:33:12 AM,cx-akmal,Yes,35283
bullwaves-56183,56183,2287,35283,"User bullwaves-56183 was moved from affiliate 2287 to  affiliate 35283  With settings : Move media report stats , Apply destination affiliate Revshare settings , Apply destination affiliate CPA Qualification",4/17/2025 11:33:10 AM,cx-akmal,Yes,35283
bullwaves-56274,56274,2287,35283,"User bullwaves-56274 was moved from affiliate 2287 to  affiliate 35283  With settings : Move media report stats , Apply destination affiliate Revshare settings , Apply destination affiliate CPA Qualification",4/17/2025 11:33:10 AM,cx-akmal,Yes,35283
bullwaves-56974,56974,2287,35283,"User bullwaves-56974 was moved from affiliate 2287 to  affiliate 35283  With settings : Move media report stats , Apply destination affiliate Revshare settings , Apply destination affiliate CPA Qualification",4/17/2025 11:33:09 AM,cx-akmal,Yes,35283
bullwaves-57178,57178,2287,35283,"User bullwaves-57178 was moved from affiliate 2287 to  affiliate 35283  With settings : Move media report stats , Apply destination affiliate Revshare settings , Apply destination affiliate CPA Qualification",4/17/2025 11:33:07 AM,cx-akmal,Yes,35283
bullwaves-57172,57172,2287,35283,"User bullwaves-57172 was moved from affiliate 2287 to  affiliate 35283  With settings : Move media report stats , Apply destination affiliate Revshare settings , Apply destination affiliate CPA Qualification",4/17/2025 11:33:06 AM,cx-akmal,Yes,35283
bullwaves-57274,57274,2287,35283,"User bullwaves-57274 was moved from affiliate 2287 to  affiliate 35283  With settings : Move media report stats , Apply destination affiliate Revshare settings , Apply destination affiliate CPA Qualification",4/17/2025 11:33:04 AM,cx-akmal,Yes,35283
bullwaves-57604,57604,2287,35283,"User bullwaves-57604 was moved from affiliate 2287 to  affiliate 35283  With settings : Move media report stats , Apply destination affiliate Revshare settings , Apply destination affiliate CPA Qualification",4/17/2025 11:33:02 AM,cx-akmal,Yes,35283
bullwaves-57628,57628,2287,35283,"User bullwaves-57628 was moved from affiliate 2287 to  affiliate 35283  With settings : Move media report stats , Apply destination affiliate Revshare settings , Apply destination affiliate CPA Qualification",4/17/2025 11:32:59 AM,cx-akmal,Yes,35283
bullwaves-57671,57671,2287,35283,"User bullwaves-57671 was moved from affiliate 2287 to  affiliate 35283  With settings : Move media report stats , Apply destination affiliate Revshare settings , Apply destination affiliate CPA Qualification",4/17/2025 11:32:58 AM,cx-akmal,Yes,35283
bullwaves-57848,57848,2287,35283,"User bullwaves-57848 was moved from affiliate 2287 to  affiliate 35283  With settings : Move media report stats , Apply destination affiliate Revshare settings , Apply destination affiliate CPA Qualification",4/17/2025 11:32:56 AM,cx-akmal,Yes,35283
bullwaves-57842,57842,2287,35283,"User bullwaves-57842 was moved from affiliate 2287 to  affiliate 35283  With settings : Move media report stats , Apply destination affiliate Revshare settings , Apply destination affiliate CPA Qualification",4/17/2025 11:32:56 AM,cx-akmal,Yes,35283
bullwaves-57855,57855,2287,35283,"User bullwaves-57855 was moved from affiliate 2287 to  affiliate 35283  With settings : Move media report stats , Apply destination affiliate Revshare settings , Apply destination affiliate CPA Qualification",4/17/2025 11:32:55 AM,cx-akmal,Yes,35283
bullwaves-58107,58107,2287,35283,"User bullwaves-58107 was moved from affiliate 2287 to  affiliate 35283  With settings : Move media report stats , Apply destination affiliate Revshare settings , Apply destination affiliate CPA Qualification",4/17/2025 11:32:52 AM,cx-akmal,Yes,35283
bullwaves-58222,58222,2287,35283,"User bullwaves-58222 was moved from affiliate 2287 to  affiliate 35283  With settings : Move media report stats , Apply destination affiliate Revshare settings , Apply destination affiliate CPA Qualification",4/17/2025 11:32:50 AM,cx-akmal,Yes,35283
bullwaves-58323,58323,2287,35283,"User bullwaves-58323 was moved from affiliate 2287 to  affiliate 35283  With settings : Move media report stats , Apply destination affiliate Revshare settings , Apply destination affiliate CPA Qualification",4/17/2025 11:32:49 AM,cx-akmal,Yes,35283
bullwaves-58373,58373,2287,35283,"User bullwaves-58373 was moved from affiliate 2287 to  affiliate 35283  With settings : Move media report stats , Apply destination affiliate Revshare settings , Apply destination affiliate CPA Qualification",4/17/2025 11:32:47 AM,cx-akmal,Yes,35283
bullwaves-58687,58687,2287,35283,"User bullwaves-58687 was moved from affiliate 2287 to  affiliate 35283  With settings : Move media report stats , Apply destination affiliate Revshare settings , Apply destination affiliate CPA Qualification",4/17/2025 11:32:47 AM,cx-akmal,Yes,35283
bullwaves-58773,58773,2287,35283,"User bullwaves-58773 was moved from affiliate 2287 to  affiliate 35283  With settings : Move media report stats , Apply destination affiliate Revshare settings , Apply destination affiliate CPA Qualification",4/17/2025 11:32:45 AM,cx-akmal,Yes,35283
bullwaves-58872,58872,2287,35283,"User bullwaves-58872 was moved from affiliate 2287 to  affiliate 35283  With settings : Move media report stats , Apply destination affiliate Revshare settings , Apply destination affiliate CPA Qualification",4/17/2025 11:32:44 AM,cx-akmal,Yes,35283
bullwaves-59028,59028,2287,35283,"User bullwaves-59028 was moved from affiliate 2287 to  affiliate 35283  With settings : Move media report stats , Apply destination affiliate Revshare settings , Apply destination affiliate CPA Qualification",4/17/2025 11:32:44 AM,cx-akmal,Yes,35283
bullwaves-59257,59257,2287,35283,"User bullwaves-59257 was moved from affiliate 2287 to  affiliate 35283  With settings : Move media report stats , Apply destination affiliate Revshare settings , Apply destination affiliate CPA Qualification",4/17/2025 11:32:42 AM,cx-akmal,Yes,35283
bullwaves-59366,59366,2287,35283,"User bullwaves-59366 was moved from affiliate 2287 to  affiliate 35283  With settings : Move media report stats , Apply destination affiliate Revshare settings , Apply destination affiliate CPA Qualification",4/17/2025 11:32:41 AM,cx-akmal,Yes,35283
bullwaves-59546,59546,2287,35283,"User bullwaves-59546 was moved from affiliate 2287 to  affiliate 35283  With settings : Move media report stats , Apply destination affiliate Revshare settings , Apply destination affiliate CPA Qualification",4/17/2025 11:32:39 AM,cx-akmal,Yes,35283
bullwaves-59627,59627,2287,35283,"User bullwaves-59627 was moved from affiliate 2287 to  affiliate 35283  With settings : Move media report stats , Apply destination affiliate Revshare settings , Apply destination affiliate CPA Qualification",4/17/2025 11:32:35 AM,cx-akmal,Yes,35283
bullwaves-59650,59650,2287,35283,"User bullwaves-59650 was moved from affiliate 2287 to  affiliate 35283  With settings : Move media report stats , Apply destination affiliate Revshare settings , Apply destination affiliate CPA Qualification",4/17/2025 11:32:34 AM,cx-akmal,Yes,35283
bullwaves-59781,59781,2287,35283,"User bullwaves-59781 was moved from affiliate 2287 to  affiliate 35283  With settings : Move media report stats , Apply destination affiliate Revshare settings , Apply destination affiliate CPA Qualification",4/17/2025 11:32:32 AM,cx-akmal,Yes,35283
bullwaves-59906,59906,2287,35283,"User bullwaves-59906 was moved from affiliate 2287 to  affiliate 35283  With settings : Move media report stats , Apply destination affiliate Revshare settings , Apply destination affiliate CPA Qualification",4/17/2025 11:32:30 AM,cx-akmal,Yes,35283
bullwaves-59932,59932,2287,35283,"User bullwaves-59932 was moved from affiliate 2287 to  affiliate 35283  With settings : Move media report stats , Apply destination affiliate Revshare settings , Apply destination affiliate CPA Qualification",4/17/2025 11:32:28 AM,cx-akmal,Yes,35283
bullwaves-60161,60161,2287,35283,"User bullwaves-60161 was moved from affiliate 2287 to  affiliate 35283  With settings : Move media report stats , Apply destination affiliate Revshare settings , Apply destination affiliate CPA Qualification",4/17/2025 11:32:28 AM,cx-akmal,Yes,35283
bullwaves-60177,60177,2287,35283,"User bullwaves-60177 was moved from affiliate 2287 to  affiliate 35283  With settings : Move media report stats , Apply destination affiliate Revshare settings , Apply destination affiliate CPA Qualification",4/17/2025 11:32:26 AM,cx-akmal,Yes,35283
bullwaves-60202,60202,2287,35283,"User bullwaves-60202 was moved from affiliate 2287 to  affiliate 35283  With settings : Move media report stats , Apply destination affiliate Revshare settings , Apply destination affiliate CPA Qualification",4/17/2025 11:32:24 AM,cx-akmal,Yes,35283
bullwaves-60320,60320,2287,35283,"User bullwaves-60320 was moved from affiliate 2287 to  affiliate 35283  With settings : Move media report stats , Apply destination affiliate Revshare settings , Apply destination affiliate CPA Qualification",4/17/2025 11:32:23 AM,cx-akmal,Yes,35283
bullwaves-60335,60335,2287,35283,"User bullwaves-60335 was moved from affiliate 2287 to  affiliate 35283  With settings : Move media report stats , Apply destination affiliate Revshare settings , Apply destination affiliate CPA Qualification",4/17/2025 11:32:22 AM,cx-akmal,Yes,35283
bullwaves-60346,60346,2287,35283,"User bullwaves-60346 was moved from affiliate 2287 to  affiliate 35283  With settings : Move media report stats , Apply destination affiliate Revshare settings , Apply destination affiliate CPA Qualification",4/17/2025 11:32:21 AM,cx-akmal,Yes,35283
bullwaves-60359,60359,2287,35283,"User bullwaves-60359 was moved from affiliate 2287 to  affiliate 35283  With settings : Move media report stats , Apply destination affiliate Revshare settings , Apply destination affiliate CPA Qualification",4/17/2025 11:32:20 AM,cx-akmal,Yes,35283
bullwaves-60522,60522,2287,35283,"User bullwaves-60522 was moved from affiliate 2287 to  affiliate 35283  With settings : Move media report stats , Apply destination affiliate Revshare settings , Apply destination affiliate CPA Qualification",4/17/2025 11:32:19 AM,cx-akmal,Yes,35283
bullwaves-60674,60674,2287,35283,"User bullwaves-60674 was moved from affiliate 2287 to  affiliate 35283  With settings : Move media report stats , Apply destination affiliate Revshare settings , Apply destination affiliate CPA Qualification",4/17/2025 11:32:16 AM,cx-akmal,Yes,35283
bullwaves-60856,60856,2287,35283,"User bullwaves-60856 was moved from affiliate 2287 to  affiliate 35283  With settings : Move media report stats , Apply destination affiliate Revshare settings , Apply destination affiliate CPA Qualification",4/17/2025 11:32:16 AM,cx-akmal,Yes,35283
bullwaves-60860,60860,2287,35283,"User bullwaves-60860 was moved from affiliate 2287 to  affiliate 35283  With settings : Move media report stats , Apply destination affiliate Revshare settings , Apply destination affiliate CPA Qualification",4/17/2025 11:32:15 AM,cx-akmal,Yes,35283
bullwaves-60888,60888,2287,35283,"User bullwaves-60888 was moved from affiliate 2287 to  affiliate 35283  With settings : Move media report stats , Apply destination affiliate Revshare settings , Apply destination affiliate CPA Qualification",4/17/2025 11:32:13 AM,cx-akmal,Yes,35283
bullwaves-61070,61070,2287,35283,"User bullwaves-61070 was moved from affiliate 2287 to  affiliate 35283  With settings : Move media report stats , Apply destination affiliate Revshare settings , Apply destination affiliate CPA Qualification",4/17/2025 11:32:10 AM,cx-akmal,Yes,35283
bullwaves-61083,61083,2287,35283,"User bullwaves-61083 was moved from affiliate 2287 to  affiliate 35283  With settings : Move media report stats , Apply destination affiliate Revshare settings , Apply destination affiliate CPA Qualification",4/17/2025 11:32:10 AM,cx-akmal,Yes,35283
bullwaves-61128,61128,2287,35283,"User bullwaves-61128 was moved from affiliate 2287 to  affiliate 35283  With settings : Move media report stats , Apply destination affiliate Revshare settings , Apply destination affiliate CPA Qualification",4/17/2025 11:32:08 AM,cx-akmal,Yes,35283
bullwaves-61160,61160,2287,35283,"User bullwaves-61160 was moved from affiliate 2287 to  affiliate 35283  With settings : Move media report stats , Apply destination affiliate Revshare settings , Apply destination affiliate CPA Qualification",4/17/2025 11:32:07 AM,cx-akmal,Yes,35283
bullwaves-61173,61173,2287,35283,"User bullwaves-61173 was moved from affiliate 2287 to  affiliate 35283  With settings : Move media report stats , Apply destination affiliate Revshare settings , Apply destination affiliate CPA Qualification",4/17/2025 11:32:07 AM,cx-akmal,Yes,35283
bullwaves-61173,61173,2287,35283,"User bullwaves-61173 was moved from affiliate 2287 to  affiliate 35283  With settings : Move media report stats , Apply destination affiliate Revshare settings , Apply destination affiliate CPA Qualification",4/17/2025 11:32:06 AM,cx-akmal,Yes,2287
bullwaves-61185,61185,2287,35283,"User bullwaves-61185 was moved from affiliate 2287 to  affiliate 35283  With settings : Move media report stats , Apply destination affiliate Revshare settings , Apply destination affiliate CPA Qualification",4/17/2025 11:32:05 AM,cx-akmal,Yes,35283
bullwaves-61180,61180,2287,35283,"User bullwaves-61180 was moved from affiliate 2287 to  affiliate 35283  With settings : Move media report stats , Apply destination affiliate Revshare settings , Apply destination affiliate CPA Qualification",4/17/2025 11:32:03 AM,cx-akmal,Yes,35283
bullwaves-61342,61342,2287,35283,"User bullwaves-61342 was moved from affiliate 2287 to  affiliate 35283  With settings : Move media report stats , Apply destination affiliate Revshare settings , Apply destination affiliate CPA Qualification",4/17/2025 11:32:03 AM,cx-akmal,Yes,35283
bullwaves-61385,61385,2287,35283,"User bullwaves-61385 was moved from affiliate 2287 to  affiliate 35283  With settings : Move media report stats , Apply destination affiliate Revshare settings , Apply destination affiliate CPA Qualification",4/17/2025 11:19:10 AM,cx-akmal,Yes,35283
bullwaves-61438,61438,2287,35283,"User bullwaves-61438 was moved from affiliate 2287 to  affiliate 35283  With settings : Move media report stats , Apply destination affiliate Revshare settings , Apply destination affiliate CPA Qualification",4/17/2025 11:19:09 AM,cx-akmal,Yes,35283
bullwaves-61584,61584,2287,35283,"User bullwaves-61584 was moved from affiliate 2287 to  affiliate 35283  With settings : Move media report stats , Apply destination affiliate Revshare settings , Apply destination affiliate CPA Qualification",4/17/2025 11:19:09 AM,cx-akmal,Yes,35283
bullwaves-61797,61797,2287,35283,"User bullwaves-61797 was moved from affiliate 2287 to  affiliate 35283  With settings : Move media report stats , Apply destination affiliate Revshare settings , Apply destination affiliate CPA Qualification",4/17/2025 11:19:07 AM,cx-akmal,Yes,35283
bullwaves-61922,61922,2287,35283,"User bullwaves-61922 was moved from affiliate 2287 to  affiliate 35283  With settings : Move media report stats , Apply destination affiliate Revshare settings , Apply destination affiliate CPA Qualification",4/17/2025 11:19:06 AM,cx-akmal,Yes,35283
bullwaves-61942,61942,2287,35283,"User bullwaves-61942 was moved from affiliate 2287 to  affiliate 35283  With settings : Move media report stats , Apply destination affiliate Revshare settings , Apply destination affiliate CPA Qualification",4/17/2025 11:19:04 AM,cx-akmal,Yes,35283
bullwaves-62001,62001,2287,35283,"User bullwaves-62001 was moved from affiliate 2287 to  affiliate 35283  With settings : Move media report stats , Apply destination affiliate Revshare settings , Apply destination affiliate CPA Qualification",4/17/2025 11:19:03 AM,cx-akmal,Yes,35283
bullwaves-62011,62011,2287,35283,"User bullwaves-62011 was moved from affiliate 2287 to  affiliate 35283  With settings : Move media report stats , Apply destination affiliate Revshare settings , Apply destination affiliate CPA Qualification",4/17/2025 11:19:01 AM,cx-akmal,Yes,35283
bullwaves-62048,62048,2287,35283,"User bullwaves-62048 was moved from affiliate 2287 to  affiliate 35283  With settings : Move media report stats , Apply destination affiliate Revshare settings , Apply destination affiliate CPA Qualification",4/17/2025 11:19:00 AM,cx-akmal,Yes,35283
bullwaves-62090,62090,2287,35283,"User bullwaves-62090 was moved from affiliate 2287 to  affiliate 35283  With settings : Move media report stats , Apply destination affiliate Revshare settings , Apply destination affiliate CPA Qualification",4/17/2025 11:19:00 AM,cx-akmal,Yes,35283
bullwaves-62157,62157,2287,35283,"User bullwaves-62157 was moved from affiliate 2287 to  affiliate 35283  With settings : Move media report stats , Apply destination affiliate Revshare settings , Apply destination affiliate CPA Qualification",4/17/2025 11:18:58 AM,cx-akmal,Yes,35283
bullwaves-62224,62224,2287,35283,"User bullwaves-62224 was moved from affiliate 2287 to  affiliate 35283  With settings : Move media report stats , Apply destination affiliate Revshare settings , Apply destination affiliate CPA Qualification",4/17/2025 11:18:57 AM,cx-akmal,Yes,35283
bullwaves-62227,62227,2287,35283,"User bullwaves-62227 was moved from affiliate 2287 to  affiliate 35283  With settings : Move media report stats , Apply destination affiliate Revshare settings , Apply destination affiliate CPA Qualification",4/17/2025 11:18:56 AM,cx-akmal,Yes,35283
bullwaves-62535,62535,2287,35283,"User bullwaves-62535 was moved from affiliate 2287 to  affiliate 35283  With settings : Move media report stats , Apply destination affiliate Revshare settings , Apply destination affiliate CPA Qualification",4/17/2025 11:18:54 AM,cx-akmal,Yes,35283
bullwaves-62590,62590,2287,35283,"User bullwaves-62590 was moved from affiliate 2287 to  affiliate 35283  With settings : Move media report stats , Apply destination affiliate Revshare settings , Apply destination affiliate CPA Qualification",4/17/2025 11:18:53 AM,cx-akmal,Yes,35283
bullwaves-62661,62661,2287,35283,"User bullwaves-62661 was moved from affiliate 2287 to  affiliate 35283  With settings : Move media report stats , Apply destination affiliate Revshare settings , Apply destination affiliate CPA Qualification",4/17/2025 11:18:53 AM,cx-akmal,Yes,35283
bullwaves-62795,62795,2287,35283,"User bullwaves-62795 was moved from affiliate 2287 to  affiliate 35283  With settings : Move media report stats , Apply destination affiliate Revshare settings , Apply destination affiliate CPA Qualification",4/17/2025 11:18:50 AM,cx-akmal,Yes,35283
bullwaves-62950,62950,2287,35283,"User bullwaves-62950 was moved from affiliate 2287 to  affiliate 35283  With settings : Move media report stats , Apply destination affiliate Revshare settings , Apply destination affiliate CPA Qualification",4/17/2025 11:18:48 AM,cx-akmal,Yes,35283
bullwaves-63050,63050,2287,35283,"User bullwaves-63050 was moved from affiliate 2287 to  affiliate 35283  With settings : Move media report stats , Apply destination affiliate Revshare settings , Apply destination affiliate CPA Qualification",4/17/2025 11:18:48 AM,cx-akmal,Yes,35283
bullwaves-63190,63190,2287,35283,"User bullwaves-63190 was moved from affiliate 2287 to  affiliate 35283  With settings : Move media report stats , Apply destination affiliate Revshare settings , Apply destination affiliate CPA Qualification",4/17/2025 11:18:44 AM,cx-akmal,Yes,35283
bullwaves-63305,63305,2287,35283,"User bullwaves-63305 was moved from affiliate 2287 to  affiliate 35283  With settings : Move media report stats , Apply destination affiliate Revshare settings , Apply destination affiliate CPA Qualification",4/17/2025 11:18:42 AM,cx-akmal,Yes,35283
bullwaves-63356,63356,2287,35283,"User bullwaves-63356 was moved from affiliate 2287 to  affiliate 35283  With settings : Move media report stats , Apply destination affiliate Revshare settings , Apply destination affiliate CPA Qualification",4/17/2025 11:18:41 AM,cx-akmal,Yes,35283
bullwaves-63613,63613,2287,35283,"User bullwaves-63613 was moved from affiliate 2287 to  affiliate 35283  With settings : Move media report stats , Apply destination affiliate Revshare settings , Apply destination affiliate CPA Qualification",4/17/2025 11:18:39 AM,cx-akmal,Yes,35283
bullwaves-63715,63715,2287,35283,"User bullwaves-63715 was moved from affiliate 2287 to  affiliate 35283  With settings : Move media report stats , Apply destination affiliate Revshare settings , Apply destination affiliate CPA Qualification",4/17/2025 11:18:38 AM,cx-akmal,Yes,35283
bullwaves-63784,63784,2287,35283,"User bullwaves-63784 was moved from affiliate 2287 to  affiliate 35283  With settings : Move media report stats , Apply destination affiliate Revshare settings , Apply destination affiliate CPA Qualification",4/17/2025 11:18:38 AM,cx-akmal,Yes,35283
bullwaves-63794,63794,2287,35283,"User bullwaves-63794 was moved from affiliate 2287 to  affiliate 35283  With settings : Move media report stats , Apply destination affiliate Revshare settings , Apply destination affiliate CPA Qualification",4/17/2025 11:18:36 AM,cx-akmal,Yes,35283
bullwaves-63865,63865,2287,35283,"User bullwaves-63865 was moved from affiliate 2287 to  affiliate 35283  With settings : Move media report stats , Apply destination affiliate Revshare settings , Apply destination affiliate CPA Qualification",4/17/2025 11:18:35 AM,cx-akmal,Yes,35283
bullwaves-63875,63875,2287,35283,"User bullwaves-63875 was moved from affiliate 2287 to  affiliate 35283  With settings : Move media report stats , Apply destination affiliate Revshare settings , Apply destination affiliate CPA Qualification",4/17/2025 11:18:34 AM,cx-akmal,Yes,35283
bullwaves-64006,64006,2287,35283,"User bullwaves-64006 was moved from affiliate 2287 to  affiliate 35283  With settings : Move media report stats , Apply destination affiliate Revshare settings , Apply destination affiliate CPA Qualification",4/17/2025 11:18:32 AM,cx-akmal,Yes,35283
bullwaves-64145,64145,2287,35283,"User bullwaves-64145 was moved from affiliate 2287 to  affiliate 35283  With settings : Move media report stats , Apply destination affiliate Revshare settings , Apply destination affiliate CPA Qualification",4/17/2025 11:18:30 AM,cx-akmal,Yes,35283
bullwaves-64221,64221,2287,35283,"User bullwaves-64221 was moved from affiliate 2287 to  affiliate 35283  With settings : Move media report stats , Apply destination affiliate Revshare settings , Apply destination affiliate CPA Qualification",4/17/2025 11:18:30 AM,cx-akmal,Yes,35283
bullwaves-64360,64360,2287,35283,"User bullwaves-64360 was moved from affiliate 2287 to  affiliate 35283  With settings : Move media report stats , Apply destination affiliate Revshare settings , Apply destination affiliate CPA Qualification",4/17/2025 11:18:28 AM,cx-akmal,Yes,35283
bullwaves-64456,64456,2287,35283,"User bullwaves-64456 was moved from affiliate 2287 to  affiliate 35283  With settings : Move media report stats , Apply destination affiliate Revshare settings , Apply destination affiliate CPA Qualification",4/17/2025 11:18:27 AM,cx-akmal,Yes,35283
bullwaves-64483,64483,2287,35283,"User bullwaves-64483 was moved from affiliate 2287 to  affiliate 35283  With settings : Move media report stats , Apply destination affiliate Revshare settings , Apply destination affiliate CPA Qualification",4/17/2025 11:18:26 AM,cx-akmal,Yes,35283
bullwaves-64544,64544,2287,35283,"User bullwaves-64544 was moved from affiliate 2287 to  affiliate 35283  With settings : Move media report stats , Apply destination affiliate Revshare settings , Apply destination affiliate CPA Qualification",4/17/2025 11:18:25 AM,cx-akmal,Yes,35283
bullwaves-64642,64642,2287,35283,"User bullwaves-64642 was moved from affiliate 2287 to  affiliate 35283  With settings : Move media report stats , Apply destination affiliate Revshare settings , Apply destination affiliate CPA Qualification",4/17/2025 11:18:24 AM,cx-akmal,Yes,35283
bullwaves-64646,64646,2287,35283,"User bullwaves-64646 was moved from affiliate 2287 to  affiliate 35283  With settings : Move media report stats , Apply destination affiliate Revshare settings , Apply destination affiliate CPA Qualification",4/17/2025 11:18:23 AM,cx-akmal,Yes,35283
bullwaves-64817,64817,2287,35283,"User bullwaves-64817 was moved from affiliate 2287 to  affiliate 35283  With settings : Move media report stats , Apply destination affiliate Revshare settings , Apply destination affiliate CPA Qualification",4/17/2025 11:18:21 AM,cx-akmal,Yes,35283
bullwaves-64935,64935,2287,35283,"User bullwaves-64935 was moved from affiliate 2287 to  affiliate 35283  With settings : Move media report stats , Apply destination affiliate Revshare settings , Apply destination affiliate CPA Qualification",4/17/2025 11:18:21 AM,cx-akmal,Yes,35283
bullwaves-65002,65002,2287,35283,"User bullwaves-65002 was moved from affiliate 2287 to  affiliate 35283  With settings : Move media report stats , Apply destination affiliate Revshare settings , Apply destination affiliate CPA Qualification",4/17/2025 11:18:20 AM,cx-akmal,Yes,35283
bullwaves-65010,65010,2287,35283,"User bullwaves-65010 was moved from affiliate 2287 to  affiliate 35283  With settings : Move media report stats , Apply destination affiliate Revshare settings , Apply destination affiliate CPA Qualification",4/17/2025 11:18:18 AM,cx-akmal,Yes,35283
bullwaves-65122,65122,2287,35283,"User bullwaves-65122 was moved from affiliate 2287 to  affiliate 35283  With settings : Move media report stats , Apply destination affiliate Revshare settings , Apply destination affiliate CPA Qualification",4/17/2025 11:18:18 AM,cx-akmal,Yes,35283
bullwaves-65128,65128,2287,35283,"User bullwaves-65128 was moved from affiliate 2287 to  affiliate 35283  With settings : Move media report stats , Apply destination affiliate Revshare settings , Apply destination affiliate CPA Qualification",4/17/2025 11:18:17 AM,cx-akmal,Yes,35283
bullwaves-65174,65174,2287,35283,"User bullwaves-65174 was moved from affiliate 2287 to  affiliate 35283  With settings : Move media report stats , Apply destination affiliate Revshare settings , Apply destination affiliate CPA Qualification",4/17/2025 11:18:15 AM,cx-akmal,Yes,35283
bullwaves-65339,65339,2287,35283,"User bullwaves-65339 was moved from affiliate 2287 to  affiliate 35283  With settings : Move media report stats , Apply destination affiliate Revshare settings , Apply destination affiliate CPA Qualification",4/17/2025 11:18:15 AM,cx-akmal,Yes,35283
bullwaves-65407,65407,2287,35283,"User bullwaves-65407 was moved from affiliate 2287 to  affiliate 35283  With settings : Move media report stats , Apply destination affiliate Revshare settings , Apply destination affiliate CPA Qualification",4/17/2025 11:18:14 AM,cx-akmal,Yes,35283
bullwaves-65483,65483,2287,35283,"User bullwaves-65483 was moved from affiliate 2287 to  affiliate 35283  With settings : Move media report stats , Apply destination affiliate Revshare settings , Apply destination affiliate CPA Qualification",4/17/2025 11:18:12 AM,cx-akmal,Yes,35283
bullwaves-65501,65501,2287,35283,"User bullwaves-65501 was moved from affiliate 2287 to  affiliate 35283  With settings : Move media report stats , Apply destination affiliate Revshare settings , Apply destination affiliate CPA Qualification",4/17/2025 11:18:12 AM,cx-akmal,Yes,35283
bullwaves-65532,65532,2287,35283,"User bullwaves-65532 was moved from affiliate 2287 to  affiliate 35283  With settings : Move media report stats , Apply destination affiliate Revshare settings , Apply destination affiliate CPA Qualification",4/17/2025 11:18:11 AM,cx-akmal,Yes,35283
bullwaves-65543,65543,2287,35283,"User bullwaves-65543 was moved from affiliate 2287 to  affiliate 35283  With settings : Move media report stats , Apply destination affiliate Revshare settings , Apply destination affiliate CPA Qualification",4/17/2025 11:18:08 AM,cx-akmal,Yes,35283
bullwaves-65574,65574,2287,35283,"User bullwaves-65574 was moved from affiliate 2287 to  affiliate 35283  With settings : Move media report stats , Apply destination affiliate Revshare settings , Apply destination affiliate CPA Qualification",4/17/2025 11:18:07 AM,cx-akmal,Yes,35283
bullwaves-65670,65670,2287,35283,"User bullwaves-65670 was moved from affiliate 2287 to  affiliate 35283  With settings : Move media report stats , Apply destination affiliate Revshare settings , Apply destination affiliate CPA Qualification",4/17/2025 11:18:06 AM,cx-akmal,Yes,35283
bullwaves-65673,65673,2287,35283,"User bullwaves-65673 was moved from affiliate 2287 to  affiliate 35283  With settings : Move media report stats , Apply destination affiliate Revshare settings , Apply destination affiliate CPA Qualification",4/17/2025 11:18:04 AM,cx-akmal,Yes,35283
bullwaves-65797,65797,2287,35283,"User bullwaves-65797 was moved from affiliate 2287 to  affiliate 35283  With settings : Move media report stats , Apply destination affiliate Revshare settings , Apply destination affiliate CPA Qualification",4/17/2025 11:18:03 AM,cx-akmal,Yes,35283
bullwaves-65871,65871,2287,35283,"User bullwaves-65871 was moved from affiliate 2287 to  affiliate 35283  With settings : Move media report stats , Apply destination affiliate Revshare settings , Apply destination affiliate CPA Qualification",4/17/2025 11:18:02 AM,cx-akmal,Yes,35283
bullwaves-65971,65971,2287,35283,"User bullwaves-65971 was moved from affiliate 2287 to  affiliate 35283  With settings : Move media report stats , Apply destination affiliate Revshare settings , Apply destination affiliate CPA Qualification",4/17/2025 11:18:00 AM,cx-akmal,Yes,35283
bullwaves-66080,66080,2287,35283,"User bullwaves-66080 was moved from affiliate 2287 to  affiliate 35283  With settings : Move media report stats , Apply destination affiliate Revshare settings , Apply destination affiliate CPA Qualification",4/17/2025 11:17:57 AM,cx-akmal,Yes,35283
bullwaves-66333,66333,2287,35283,"User bullwaves-66333 was moved from affiliate 2287 to  affiliate 35283  With settings : Move media report stats , Apply destination affiliate Revshare settings , Apply destination affiliate CPA Qualification",4/17/2025 11:17:55 AM,cx-akmal,Yes,35283
bullwaves-66395,66395,2287,35283,"User bullwaves-66395 was moved from affiliate 2287 to  affiliate 35283  With settings : Move media report stats , Apply destination affiliate Revshare settings , Apply destination affiliate CPA Qualification",4/17/2025 11:17:54 AM,cx-akmal,Yes,35283
bullwaves-66399,66399,2287,35283,"User bullwaves-66399 was moved from affiliate 2287 to  affiliate 35283  With settings : Move media report stats , Apply destination affiliate Revshare settings , Apply destination affiliate CPA Qualification",4/17/2025 11:17:53 AM,cx-akmal,Yes,35283
bullwaves-66449,66449,2287,35283,"User bullwaves-66449 was moved from affiliate 2287 to  affiliate 35283  With settings : Move media report stats , Apply destination affiliate Revshare settings , Apply destination affiliate CPA Qualification",4/17/2025 11:17:50 AM,cx-akmal,Yes,35283
bullwaves-66542,66542,2287,35283,"User bullwaves-66542 was moved from affiliate 2287 to  affiliate 35283  With settings : Move media report stats , Apply destination affiliate Revshare settings , Apply destination affiliate CPA Qualification",4/17/2025 11:17:47 AM,cx-akmal,Yes,35283
bullwaves-66751,66751,2287,35283,"User bullwaves-66751 was moved from affiliate 2287 to  affiliate 35283  With settings : Move media report stats , Apply destination affiliate Revshare settings , Apply destination affiliate CPA Qualification",4/17/2025 11:17:47 AM,cx-akmal,Yes,35283
bullwaves-66861,66861,2287,35283,"User bullwaves-66861 was moved from affiliate 2287 to  affiliate 35283  With settings : Move media report stats , Apply destination affiliate Revshare settings , Apply destination affiliate CPA Qualification",4/17/2025 11:17:46 AM,cx-akmal,Yes,35283
bullwaves-67011,67011,2287,35283,"User bullwaves-67011 was moved from affiliate 2287 to  affiliate 35283  With settings : Move media report stats , Apply destination affiliate Revshare settings , Apply destination affiliate CPA Qualification",4/17/2025 11:17:46 AM,cx-akmal,Yes,35283
bullwaves-67007,67007,2287,35283,"User bullwaves-67007 was moved from affiliate 2287 to  affiliate 35283  With settings : Move media report stats , Apply destination affiliate Revshare settings , Apply destination affiliate CPA Qualification",4/17/2025 11:17:44 AM,cx-akmal,Yes,35283
bullwaves-67135,67135,2287,35283,"User bullwaves-67135 was moved from affiliate 2287 to  affiliate 35283  With settings : Move media report stats , Apply destination affiliate Revshare settings , Apply destination affiliate CPA Qualification",4/17/2025 11:17:43 AM,cx-akmal,Yes,35283
bullwaves-67132,67132,2287,35283,"User bullwaves-67132 was moved from affiliate 2287 to  affiliate 35283  With settings : Move media report stats , Apply destination affiliate Revshare settings , Apply destination affiliate CPA Qualification",4/17/2025 11:17:41 AM,cx-akmal,Yes,35283
bullwaves-67139,67139,2287,35283,"User bullwaves-67139 was moved from affiliate 2287 to  affiliate 35283  With settings : Move media report stats , Apply destination affiliate Revshare settings , Apply destination affiliate CPA Qualification",4/17/2025 11:17:40 AM,cx-akmal,Yes,35283
bullwaves-67154,67154,2287,35283,"User bullwaves-67154 was moved from affiliate 2287 to  affiliate 35283  With settings : Move media report stats , Apply destination affiliate Revshare settings , Apply destination affiliate CPA Qualification",4/17/2025 11:17:39 AM,cx-akmal,Yes,35283
bullwaves-67190,67190,2287,35283,"User bullwaves-67190 was moved from affiliate 2287 to  affiliate 35283  With settings : Move media report stats , Apply destination affiliate Revshare settings , Apply destination affiliate CPA Qualification",4/17/2025 11:17:38 AM,cx-akmal,Yes,35283
bullwaves-67216,67216,2287,35283,"User bullwaves-67216 was moved from affiliate 2287 to  affiliate 35283  With settings : Move media report stats , Apply destination affiliate Revshare settings , Apply destination affiliate CPA Qualification",4/17/2025 11:17:36 AM,cx-akmal,Yes,35283
bullwaves-67261,67261,2287,35283,"User bullwaves-67261 was moved from affiliate 2287 to  affiliate 35283  With settings : Move media report stats , Apply destination affiliate Revshare settings , Apply destination affiliate CPA Qualification",4/17/2025 11:17:35 AM,cx-akmal,Yes,35283
bullwaves-67265,67265,2287,35283,"User bullwaves-67265 was moved from affiliate 2287 to  affiliate 35283  With settings : Move media report stats , Apply destination affiliate Revshare settings , Apply destination affiliate CPA Qualification",4/17/2025 11:17:34 AM,cx-akmal,Yes,35283
bullwaves-67357,67357,2287,35283,"User bullwaves-67357 was moved from affiliate 2287 to  affiliate 35283  With settings : Move media report stats , Apply destination affiliate Revshare settings , Apply destination affiliate CPA Qualification",4/17/2025 11:17:32 AM,cx-akmal,Yes,35283
bullwaves-67360,67360,2287,35283,"User bullwaves-67360 was moved from affiliate 2287 to  affiliate 35283  With settings : Move media report stats , Apply destination affiliate Revshare settings , Apply destination affiliate CPA Qualification",4/17/2025 11:17:31 AM,cx-akmal,Yes,35283
bullwaves-67385,67385,2287,35283,"User bullwaves-67385 was moved from affiliate 2287 to  affiliate 35283  With settings : Move media report stats , Apply destination affiliate Revshare settings , Apply destination affiliate CPA Qualification",4/17/2025 11:17:30 AM,cx-akmal,Yes,35283
bullwaves-67694,67694,2287,35283,"User bullwaves-67694 was moved from affiliate 2287 to  affiliate 35283  With settings : Move media report stats , Apply destination affiliate Revshare settings , Apply destination affiliate CPA Qualification",4/17/2025 11:17:29 AM,cx-akmal,Yes,35283
bullwaves-67885,67885,2287,35283,"User bullwaves-67885 was moved from affiliate 2287 to  affiliate 35283  With settings : Move media report stats , Apply destination affiliate Revshare settings , Apply destination affiliate CPA Qualification",4/17/2025 11:17:28 AM,cx-akmal,Yes,35283
bullwaves-67936,67936,2287,35283,"User bullwaves-67936 was moved from affiliate 2287 to  affiliate 35283  With settings : Move media report stats , Apply destination affiliate Revshare settings , Apply destination affiliate CPA Qualification",4/17/2025 11:17:27 AM,cx-akmal,Yes,35283
bullwaves-67962,67962,2287,35283,"User bullwaves-67962 was moved from affiliate 2287 to  affiliate 35283  With settings : Move media report stats , Apply destination affiliate Revshare settings , Apply destination affiliate CPA Qualification",4/17/2025 11:17:25 AM,cx-akmal,Yes,35283
bullwaves-68003,68003,2287,35283,"User bullwaves-68003 was moved from affiliate 2287 to  affiliate 35283  With settings : Move media report stats , Apply destination affiliate Revshare settings , Apply destination affiliate CPA Qualification",4/17/2025 11:17:22 AM,cx-akmal,Yes,35283
bullwaves-68141,68141,2287,35283,"User bullwaves-68141 was moved from affiliate 2287 to  affiliate 35283  With settings : Move media report stats , Apply destination affiliate Revshare settings , Apply destination affiliate CPA Qualification",4/17/2025 11:17:20 AM,cx-akmal,Yes,35283
bullwaves-68311,68311,2287,35283,"User bullwaves-68311 was moved from affiliate 2287 to  affiliate 35283  With settings : Move media report stats , Apply destination affiliate Revshare settings , Apply destination affiliate CPA Qualification",4/17/2025 11:17:18 AM,cx-akmal,Yes,35283
bullwaves-68544,68544,2287,35283,"User bullwaves-68544 was moved from affiliate 2287 to  affiliate 35283  With settings : Move media report stats , Apply destination affiliate Revshare settings , Apply destination affiliate CPA Qualification",4/17/2025 11:17:17 AM,cx-akmal,Yes,35283
bullwaves-68749,68749,2287,35283,"User bullwaves-68749 was moved from affiliate 2287 to  affiliate 35283  With settings : Move media report stats , Apply destination affiliate Revshare settings , Apply destination affiliate CPA Qualification",4/17/2025 11:17:16 AM,cx-akmal,Yes,35283
bullwaves-68773,68773,2287,35283,"User bullwaves-68773 was moved from affiliate 2287 to  affiliate 35283  With settings : Move media report stats , Apply destination affiliate Revshare settings , Apply destination affiliate CPA Qualification",4/17/2025 11:17:14 AM,cx-akmal,Yes,35283
bullwaves-69048,69048,2287,35283,"User bullwaves-69048 was moved from affiliate 2287 to  affiliate 35283  With settings : Move media report stats , Apply destination affiliate Revshare settings , Apply destination affiliate CPA Qualification",4/17/2025 11:17:13 AM,cx-akmal,Yes,35283
bullwaves-69070,69070,2287,35283,"User bullwaves-69070 was moved from affiliate 2287 to  affiliate 35283  With settings : Move media report stats , Apply destination affiliate Revshare settings , Apply destination affiliate CPA Qualification",4/17/2025 11:17:12 AM,cx-akmal,Yes,35283
bullwaves-69194,69194,2287,35283,"User bullwaves-69194 was moved from affiliate 2287 to  affiliate 35283  With settings : Move media report stats , Apply destination affiliate Revshare settings , Apply destination affiliate CPA Qualification",4/17/2025 11:17:10 AM,cx-akmal,Yes,35283
bullwaves-69370,69370,2287,35283,"User bullwaves-69370 was moved from affiliate 2287 to  affiliate 35283  With settings : Move media report stats , Apply destination affiliate Revshare settings , Apply destination affiliate CPA Qualification",4/17/2025 11:17:08 AM,cx-akmal,Yes,35283
bullwaves-69382,69382,2287,35283,"User bullwaves-69382 was moved from affiliate 2287 to  affiliate 35283  With settings : Move media report stats , Apply destination affiliate Revshare settings , Apply destination affiliate CPA Qualification",4/17/2025 11:17:07 AM,cx-akmal,Yes,35283
bullwaves-69486,69486,2287,35283,"User bullwaves-69486 was moved from affiliate 2287 to  affiliate 35283  With settings : Move media report stats , Apply destination affiliate Revshare settings , Apply destination affiliate CPA Qualification",4/17/2025 11:17:05 AM,cx-akmal,Yes,35283
bullwaves-69516,69516,2287,35283,"User bullwaves-69516 was moved from affiliate 2287 to  affiliate 35283  With settings : Move media report stats , Apply destination affiliate Revshare settings , Apply destination affiliate CPA Qualification",4/17/2025 11:17:05 AM,cx-akmal,Yes,35283
bullwaves-69538,69538,2287,35283,"User bullwaves-69538 was moved from affiliate 2287 to  affiliate 35283  With settings : Move media report stats , Apply destination affiliate Revshare settings , Apply destination affiliate CPA Qualification",4/17/2025 11:17:03 AM,cx-akmal,Yes,35283
bullwaves-69557,69557,2287,35283,"User bullwaves-69557 was moved from affiliate 2287 to  affiliate 35283  With settings : Move media report stats , Apply destination affiliate Revshare settings , Apply destination affiliate CPA Qualification",4/17/2025 11:17:01 AM,cx-akmal,Yes,35283
bullwaves-69622,69622,2287,35283,"User bullwaves-69622 was moved from affiliate 2287 to  affiliate 35283  With settings : Move media report stats , Apply destination affiliate Revshare settings , Apply destination affiliate CPA Qualification",4/17/2025 11:17:01 AM,cx-akmal,Yes,35283
bullwaves-69699,69699,2287,35283,"User bullwaves-69699 was moved from affiliate 2287 to  affiliate 35283  With settings : Move media report stats , Apply destination affiliate Revshare settings , Apply destination affiliate CPA Qualification",4/17/2025 11:17:00 AM,cx-akmal,Yes,35283
bullwaves-69888,69888,2287,35283,"User bullwaves-69888 was moved from affiliate 2287 to  affiliate 35283  With settings : Move media report stats , Apply destination affiliate Revshare settings , Apply destination affiliate CPA Qualification",4/17/2025 11:16:58 AM,cx-akmal,Yes,35283
bullwaves-69969,69969,2287,35283,"User bullwaves-69969 was moved from affiliate 2287 to  affiliate 35283  With settings : Move media report stats , Apply destination affiliate Revshare settings , Apply destination affiliate CPA Qualification",4/17/2025 11:16:58 AM,cx-akmal,Yes,35283
bullwaves-69969,69969,2287,35283,"User bullwaves-69969 was moved from affiliate 2287 to  affiliate 35283  With settings : Move media report stats , Apply destination affiliate Revshare settings , Apply destination affiliate CPA Qualification",4/17/2025 11:16:57 AM,cx-akmal,Yes,2287
bullwaves-70089,70089,2287,35283,"User bullwaves-70089 was moved from affiliate 2287 to  affiliate 35283  With settings : Move media report stats , Apply destination affiliate Revshare settings , Apply destination affiliate CPA Qualification",4/17/2025 11:16:56 AM,cx-akmal,Yes,35283
bullwaves-70130,70130,2287,35283,"User bullwaves-70130 was moved from affiliate 2287 to  affiliate 35283  With settings : Move media report stats , Apply destination affiliate Revshare settings , Apply destination affiliate CPA Qualification",4/17/2025 11:16:54 AM,cx-akmal,Yes,35283
bullwaves-70317,70317,2287,35283,"User bullwaves-70317 was moved from affiliate 2287 to  affiliate 35283  With settings : Move media report stats , Apply destination affiliate Revshare settings , Apply destination affiliate CPA Qualification",4/17/2025 11:16:54 AM,cx-akmal,Yes,35283
bullwaves-70351,70351,2287,35283,"User bullwaves-70351 was moved from affiliate 2287 to  affiliate 35283  With settings : Move media report stats , Apply destination affiliate Revshare settings , Apply destination affiliate CPA Qualification",4/17/2025 11:16:53 AM,cx-akmal,Yes,35283
bullwaves-70386,70386,2287,35283,"User bullwaves-70386 was moved from affiliate 2287 to  affiliate 35283  With settings : Move media report stats , Apply destination affiliate Revshare settings , Apply destination affiliate CPA Qualification",4/17/2025 11:16:53 AM,cx-akmal,Yes,35283
bullwaves-70386,70386,2287,35283,"User bullwaves-70386 was moved from affiliate 2287 to  affiliate 35283  With settings : Move media report stats , Apply destination affiliate Revshare settings , Apply destination affiliate CPA Qualification",4/17/2025 11:16:52 AM,cx-akmal,Yes,2287
bullwaves-70415,70415,2287,35283,"User bullwaves-70415 was moved from affiliate 2287 to  affiliate 35283  With settings : Move media report stats , Apply destination affiliate Revshare settings , Apply destination affiliate CPA Qualification",4/17/2025 11:16:51 AM,cx-akmal,Yes,35283
bullwaves-70535,70535,2287,35283,"User bullwaves-70535 was moved from affiliate 2287 to  affiliate 35283  With settings : Move media report stats , Apply destination affiliate Revshare settings , Apply destination affiliate CPA Qualification",4/17/2025 11:16:51 AM,cx-akmal,Yes,35283
bullwaves-70666,70666,2287,35283,"User bullwaves-70666 was moved from affiliate 2287 to  affiliate 35283  With settings : Move media report stats , Apply destination affiliate Revshare settings , Apply destination affiliate CPA Qualification",4/17/2025 11:16:50 AM,cx-akmal,Yes,35283
bullwaves-70777,70777,2287,35283,"User bullwaves-70777 was moved from affiliate 2287 to  affiliate 35283  With settings : Move media report stats , Apply destination affiliate Revshare settings , Apply destination affiliate CPA Qualification",4/17/2025 11:16:48 AM,cx-akmal,Yes,35283
bullwaves-70974,70974,2287,35283,"User bullwaves-70974 was moved from affiliate 2287 to  affiliate 35283  With settings : Move media report stats , Apply destination affiliate Revshare settings , Apply destination affiliate CPA Qualification",4/17/2025 11:16:48 AM,cx-akmal,Yes,35283
bullwaves-70987,70987,2287,35283,"User bullwaves-70987 was moved from affiliate 2287 to  affiliate 35283  With settings : Move media report stats , Apply destination affiliate Revshare settings , Apply destination affiliate CPA Qualification",4/17/2025 11:16:46 AM,cx-akmal,Yes,35283
bullwaves-71224,71224,2287,35283,"User bullwaves-71224 was moved from affiliate 2287 to  affiliate 35283  With settings : Move media report stats , Apply destination affiliate Revshare settings , Apply destination affiliate CPA Qualification",4/17/2025 11:16:44 AM,cx-akmal,Yes,35283
bullwaves-71245,71245,2287,35283,"User bullwaves-71245 was moved from affiliate 2287 to  affiliate 35283  With settings : Move media report stats , Apply destination affiliate Revshare settings , Apply destination affiliate CPA Qualification",4/17/2025 11:16:43 AM,cx-akmal,Yes,35283
bullwaves-71471,71471,2287,35283,"User bullwaves-71471 was moved from affiliate 2287 to  affiliate 35283  With settings : Move media report stats , Apply destination affiliate Revshare settings , Apply destination affiliate CPA Qualification",4/17/2025 11:16:42 AM,cx-akmal,Yes,35283
bullwaves-71573,71573,2287,35283,"User bullwaves-71573 was moved from affiliate 2287 to  affiliate 35283  With settings : Move media report stats , Apply destination affiliate Revshare settings , Apply destination affiliate CPA Qualification",4/17/2025 11:16:40 AM,cx-akmal,Yes,35283
bullwaves-71644,71644,2287,35283,"User bullwaves-71644 was moved from affiliate 2287 to  affiliate 35283  With settings : Move media report stats , Apply destination affiliate Revshare settings , Apply destination affiliate CPA Qualification",4/17/2025 11:16:40 AM,cx-akmal,Yes,35283
bullwaves-71822,71822,2287,35283,"User bullwaves-71822 was moved from affiliate 2287 to  affiliate 35283  With settings : Move media report stats , Apply destination affiliate Revshare settings , Apply destination affiliate CPA Qualification",4/17/2025 11:16:39 AM,cx-akmal,Yes,35283
bullwaves-72190,72190,2287,35283,"User bullwaves-72190 was moved from affiliate 2287 to  affiliate 35283  With settings : Move media report stats , Apply destination affiliate Revshare settings , Apply destination affiliate CPA Qualification",4/17/2025 11:16:38 AM,cx-akmal,Yes,35283
bullwaves-72239,72239,2287,35283,"User bullwaves-72239 was moved from affiliate 2287 to  affiliate 35283  With settings : Move media report stats , Apply destination affiliate Revshare settings , Apply destination affiliate CPA Qualification",4/17/2025 11:16:36 AM,cx-akmal,Yes,35283
bullwaves-72378,72378,2287,35283,"User bullwaves-72378 was moved from affiliate 2287 to  affiliate 35283  With settings : Move media report stats , Apply destination affiliate Revshare settings , Apply destination affiliate CPA Qualification",4/17/2025 11:16:35 AM,cx-akmal,Yes,35283
bullwaves-72399,72399,2287,35283,"User bullwaves-72399 was moved from affiliate 2287 to  affiliate 35283  With settings : Move media report stats , Apply destination affiliate Revshare settings , Apply destination affiliate CPA Qualification",4/17/2025 11:16:33 AM,cx-akmal,Yes,35283
bullwaves-72451,72451,2287,35283,"User bullwaves-72451 was moved from affiliate 2287 to  affiliate 35283  With settings : Move media report stats , Apply destination affiliate Revshare settings , Apply destination affiliate CPA Qualification",4/17/2025 11:16:32 AM,cx-akmal,Yes,35283
bullwaves-72763,72763,2287,35283,"User bullwaves-72763 was moved from affiliate 2287 to  affiliate 35283  With settings : Move media report stats , Apply destination affiliate Revshare settings , Apply destination affiliate CPA Qualification",4/17/2025 11:16:31 AM,cx-akmal,Yes,35283
bullwaves-73043,73043,2287,35283,"User bullwaves-73043 was moved from affiliate 2287 to  affiliate 35283  With settings : Move media report stats , Apply destination affiliate Revshare settings , Apply destination affiliate CPA Qualification",4/17/2025 11:16:28 AM,cx-akmal,Yes,35283
bullwaves-73176,73176,2287,35283,"User bullwaves-73176 was moved from affiliate 2287 to  affiliate 35283  With settings : Move media report stats , Apply destination affiliate Revshare settings , Apply destination affiliate CPA Qualification",4/17/2025 11:16:27 AM,cx-akmal,Yes,35283
bullwaves-73184,73184,2287,35283,"User bullwaves-73184 was moved from affiliate 2287 to  affiliate 35283  With settings : Move media report stats , Apply destination affiliate Revshare settings , Apply destination affiliate CPA Qualification",4/17/2025 11:16:25 AM,cx-akmal,Yes,35283
bullwaves-73401,73401,2287,35283,"User bullwaves-73401 was moved from affiliate 2287 to  affiliate 35283  With settings : Move media report stats , Apply destination affiliate Revshare settings , Apply destination affiliate CPA Qualification",4/17/2025 11:16:24 AM,cx-akmal,Yes,35283
bullwaves-73628,73628,2287,35283,"User bullwaves-73628 was moved from affiliate 2287 to  affiliate 35283  With settings : Move media report stats , Apply destination affiliate Revshare settings , Apply destination affiliate CPA Qualification",4/17/2025 11:16:22 AM,cx-akmal,Yes,35283
bullwaves-73683,73683,2287,35283,"User bullwaves-73683 was moved from affiliate 2287 to  affiliate 35283  With settings : Move media report stats , Apply destination affiliate Revshare settings , Apply destination affiliate CPA Qualification",4/17/2025 11:16:20 AM,cx-akmal,Yes,35283
bullwaves-73873,73873,2287,35283,"User bullwaves-73873 was moved from affiliate 2287 to  affiliate 35283  With settings : Move media report stats , Apply destination affiliate Revshare settings , Apply destination affiliate CPA Qualification",4/17/2025 11:16:18 AM,cx-akmal,Yes,35283
bullwaves-74079,74079,2287,35283,"User bullwaves-74079 was moved from affiliate 2287 to  affiliate 35283  With settings : Move media report stats , Apply destination affiliate Revshare settings , Apply destination affiliate CPA Qualification",4/17/2025 11:16:17 AM,cx-akmal,Yes,35283
bullwaves-74087,74087,2287,35283,"User bullwaves-74087 was moved from affiliate 2287 to  affiliate 35283  With settings : Move media report stats , Apply destination affiliate Revshare settings , Apply destination affiliate CPA Qualification",4/17/2025 11:16:13 AM,cx-akmal,Yes,35283
bullwaves-74091,74091,2287,35283,"User bullwaves-74091 was moved from affiliate 2287 to  affiliate 35283  With settings : Move media report stats , Apply destination affiliate Revshare settings , Apply destination affiliate CPA Qualification",4/17/2025 11:16:13 AM,cx-akmal,Yes,35283
bullwaves-74284,74284,2287,35283,"User bullwaves-74284 was moved from affiliate 2287 to  affiliate 35283  With settings : Move media report stats , Apply destination affiliate Revshare settings , Apply destination affiliate CPA Qualification",4/17/2025 11:16:12 AM,cx-akmal,Yes,35283
bullwaves-74364,74364,2287,35283,"User bullwaves-74364 was moved from affiliate 2287 to  affiliate 35283  With settings : Move media report stats , Apply destination affiliate Revshare settings , Apply destination affiliate CPA Qualification",4/17/2025 11:16:10 AM,cx-akmal,Yes,35283
bullwaves-74405,74405,2287,35283,"User bullwaves-74405 was moved from affiliate 2287 to  affiliate 35283  With settings : Move media report stats , Apply destination affiliate Revshare settings , Apply destination affiliate CPA Qualification",4/17/2025 11:16:08 AM,cx-akmal,Yes,35283
bullwaves-74426,74426,2287,35283,"User bullwaves-74426 was moved from affiliate 2287 to  affiliate 35283  With settings : Move media report stats , Apply destination affiliate Revshare settings , Apply destination affiliate CPA Qualification",4/17/2025 11:16:07 AM,cx-akmal,Yes,35283
bullwaves-74869,74869,2287,35283,"User bullwaves-74869 was moved from affiliate 2287 to  affiliate 35283  With settings : Move media report stats , Apply destination affiliate Revshare settings , Apply destination affiliate CPA Qualification",4/17/2025 11:16:07 AM,cx-akmal,Yes,35283
bullwaves-74892,74892,2287,35283,"User bullwaves-74892 was moved from affiliate 2287 to  affiliate 35283  With settings : Move media report stats , Apply destination affiliate Revshare settings , Apply destination affiliate CPA Qualification",4/17/2025 11:16:03 AM,cx-akmal,Yes,35283
bullwaves-74917,74917,2287,35283,"User bullwaves-74917 was moved from affiliate 2287 to  affiliate 35283  With settings : Move media report stats , Apply destination affiliate Revshare settings , Apply destination affiliate CPA Qualification",4/17/2025 11:16:03 AM,cx-akmal,Yes,35283
bullwaves-74921,74921,2287,35283,"User bullwaves-74921 was moved from affiliate 2287 to  affiliate 35283  With settings : Move media report stats , Apply destination affiliate Revshare settings , Apply destination affiliate CPA Qualification",4/17/2025 11:16:01 AM,cx-akmal,Yes,35283
bullwaves-74941,74941,2287,35283,"User bullwaves-74941 was moved from affiliate 2287 to  affiliate 35283  With settings : Move media report stats , Apply destination affiliate Revshare settings , Apply destination affiliate CPA Qualification",4/17/2025 11:15:59 AM,cx-akmal,Yes,35283
bullwaves-74946,74946,2287,35283,"User bullwaves-74946 was moved from affiliate 2287 to  affiliate 35283  With settings : Move media report stats , Apply destination affiliate Revshare settings , Apply destination affiliate CPA Qualification",4/17/2025 11:15:58 AM,cx-akmal,Yes,35283
bullwaves-75087,75087,2287,35283,"User bullwaves-75087 was moved from affiliate 2287 to  affiliate 35283  With settings : Move media report stats , Apply destination affiliate Revshare settings , Apply destination affiliate CPA Qualification",4/17/2025 11:15:58 AM,cx-akmal,Yes,35283
bullwaves-75114,75114,2287,35283,"User bullwaves-75114 was moved from affiliate 2287 to  affiliate 35283  With settings : Move media report stats , Apply destination affiliate Revshare settings , Apply destination affiliate CPA Qualification",4/17/2025 11:15:57 AM,cx-akmal,Yes,35283
bullwaves-75183,75183,2287,35283,"User bullwaves-75183 was moved from affiliate 2287 to  affiliate 35283  With settings : Move media report stats , Apply destination affiliate Revshare settings , Apply destination affiliate CPA Qualification",4/17/2025 11:15:55 AM,cx-akmal,Yes,35283
bullwaves-75200,75200,2287,35283,"User bullwaves-75200 was moved from affiliate 2287 to  affiliate 35283  With settings : Move media report stats , Apply destination affiliate Revshare settings , Apply destination affiliate CPA Qualification",4/17/2025 11:15:54 AM,cx-akmal,Yes,35283
bullwaves-75241,75241,2287,35283,"User bullwaves-75241 was moved from affiliate 2287 to  affiliate 35283  With settings : Move media report stats , Apply destination affiliate Revshare settings , Apply destination affiliate CPA Qualification",4/17/2025 11:15:53 AM,cx-akmal,Yes,35283
bullwaves-75266,75266,2287,35283,"User bullwaves-75266 was moved from affiliate 2287 to  affiliate 35283  With settings : Move media report stats , Apply destination affiliate Revshare settings , Apply destination affiliate CPA Qualification",4/17/2025 11:15:50 AM,cx-akmal,Yes,35283
bullwaves-75262,75262,2287,35283,"User bullwaves-75262 was moved from affiliate 2287 to  affiliate 35283  With settings : Move media report stats , Apply destination affiliate Revshare settings , Apply destination affiliate CPA Qualification",4/17/2025 11:15:48 AM,cx-akmal,Yes,35283
bullwaves-75273,75273,2287,35283,"User bullwaves-75273 was moved from affiliate 2287 to  affiliate 35283  With settings : Move media report stats , Apply destination affiliate Revshare settings , Apply destination affiliate CPA Qualification",4/17/2025 11:15:47 AM,cx-akmal,Yes,35283
bullwaves-75285,75285,2287,35283,"User bullwaves-75285 was moved from affiliate 2287 to  affiliate 35283  With settings : Move media report stats , Apply destination affiliate Revshare settings , Apply destination affiliate CPA Qualification",4/17/2025 11:15:45 AM,cx-akmal,Yes,35283
bullwaves-75334,75334,2287,35283,"User bullwaves-75334 was moved from affiliate 2287 to  affiliate 35283  With settings : Move media report stats , Apply destination affiliate Revshare settings , Apply destination affiliate CPA Qualification",4/17/2025 11:15:44 AM,cx-akmal,Yes,35283
bullwaves-75376,75376,2287,35283,"User bullwaves-75376 was moved from affiliate 2287 to  affiliate 35283  With settings : Move media report stats , Apply destination affiliate Revshare settings , Apply destination affiliate CPA Qualification",4/17/2025 11:15:42 AM,cx-akmal,Yes,35283
bullwaves-75398,75398,2287,35283,"User bullwaves-75398 was moved from affiliate 2287 to  affiliate 35283  With settings : Move media report stats , Apply destination affiliate Revshare settings , Apply destination affiliate CPA Qualification",4/17/2025 11:15:40 AM,cx-akmal,Yes,35283
bullwaves-75446,75446,2287,35283,"User bullwaves-75446 was moved from affiliate 2287 to  affiliate 35283  With settings : Move media report stats , Apply destination affiliate Revshare settings , Apply destination affiliate CPA Qualification",4/17/2025 11:15:38 AM,cx-akmal,Yes,35283
bullwaves-75440,75440,2287,35283,"User bullwaves-75440 was moved from affiliate 2287 to  affiliate 35283  With settings : Move media report stats , Apply destination affiliate Revshare settings , Apply destination affiliate CPA Qualification",4/17/2025 11:15:38 AM,cx-akmal,Yes,35283
bullwaves-75440,75440,2287,35283,"User bullwaves-75440 was moved from affiliate 2287 to  affiliate 35283  With settings : Move media report stats , Apply destination affiliate Revshare settings , Apply destination affiliate CPA Qualification",4/17/2025 11:15:37 AM,cx-akmal,Yes,2287
bullwaves-75615,75615,2287,35283,"User bullwaves-75615 was moved from affiliate 2287 to  affiliate 35283  With settings : Move media report stats , Apply destination affiliate Revshare settings , Apply destination affiliate CPA Qualification",4/17/2025 11:15:36 AM,cx-akmal,Yes,35283
bullwaves-75687,75687,2287,35283,"User bullwaves-75687 was moved from affiliate 2287 to  affiliate 35283  With settings : Move media report stats , Apply destination affiliate Revshare settings , Apply destination affiliate CPA Qualification",4/17/2025 11:15:34 AM,cx-akmal,Yes,35283
bullwaves-75695,75695,2287,35283,"User bullwaves-75695 was moved from affiliate 2287 to  affiliate 35283  With settings : Move media report stats , Apply destination affiliate Revshare settings , Apply destination affiliate CPA Qualification",4/17/2025 11:15:33 AM,cx-akmal,Yes,35283
bullwaves-2707,2707,2287,35283,"User bullwaves-2707 was moved from affiliate 2287 to  affiliate 35283  With settings : Move media report stats , Apply destination affiliate Revshare settings , Apply destination affiliate CPA Qualification",4/17/2025 11:15:32 AM,cx-akmal,Yes,35283
bullwaves-75736,75736,2287,35283,"User bullwaves-75736 was moved from affiliate 2287 to  affiliate 35283  With settings : Move media report stats , Apply destination affiliate Revshare settings , Apply destination affiliate CPA Qualification",4/17/2025 11:15:30 AM,cx-akmal,Yes,35283
bullwaves-75763,75763,2287,35283,"User bullwaves-75763 was moved from affiliate 2287 to  affiliate 35283  With settings : Move media report stats , Apply destination affiliate Revshare settings , Apply destination affiliate CPA Qualification",4/17/2025 11:15:30 AM,cx-akmal,Yes,35283
bullwaves-75790,75790,2287,35283,"User bullwaves-75790 was moved from affiliate 2287 to  affiliate 35283  With settings : Move media report stats , Apply destination affiliate Revshare settings , Apply destination affiliate CPA Qualification",4/17/2025 11:15:29 AM,cx-akmal,Yes,35283
bullwaves-76032,76032,2287,35283,"User bullwaves-76032 was moved from affiliate 2287 to  affiliate 35283  With settings : Move media report stats , Apply destination affiliate Revshare settings , Apply destination affiliate CPA Qualification",4/17/2025 11:15:27 AM,cx-akmal,Yes,35283
bullwaves-76128,76128,2287,35283,"User bullwaves-76128 was moved from affiliate 2287 to  affiliate 35283  With settings : Move media report stats , Apply destination affiliate Revshare settings , Apply destination affiliate CPA Qualification",4/17/2025 11:15:26 AM,cx-akmal,Yes,35283
bullwaves-76130,76130,2287,35283,"User bullwaves-76130 was moved from affiliate 2287 to  affiliate 35283  With settings : Move media report stats , Apply destination affiliate Revshare settings , Apply destination affiliate CPA Qualification",4/17/2025 11:15:25 AM,cx-akmal,Yes,35283
bullwaves-76144,76144,2287,35283,"User bullwaves-76144 was moved from affiliate 2287 to  affiliate 35283  With settings : Move media report stats , Apply destination affiliate Revshare settings , Apply destination affiliate CPA Qualification",4/17/2025 11:15:24 AM,cx-akmal,Yes,35283
bullwaves-76159,76159,2287,35283,"User bullwaves-76159 was moved from affiliate 2287 to  affiliate 35283  With settings : Move media report stats , Apply destination affiliate Revshare settings , Apply destination affiliate CPA Qualification",4/17/2025 11:15:23 AM,cx-akmal,Yes,35283
bullwaves-76566,76566,2287,35283,"User bullwaves-76566 was moved from affiliate 2287 to  affiliate 35283  With settings : Move media report stats , Apply destination affiliate Revshare settings , Apply destination affiliate CPA Qualification",4/17/2025 11:15:21 AM,cx-akmal,Yes,35283
bullwaves-76718,76718,2287,35283,"User bullwaves-76718 was moved from affiliate 2287 to  affiliate 35283  With settings : Move media report stats , Apply destination affiliate Revshare settings , Apply destination affiliate CPA Qualification",4/17/2025 11:15:20 AM,cx-akmal,Yes,35283
bullwaves-76768,76768,2287,35283,"User bullwaves-76768 was moved from affiliate 2287 to  affiliate 35283  With settings : Move media report stats , Apply destination affiliate Revshare settings , Apply destination affiliate CPA Qualification",4/17/2025 11:15:19 AM,cx-akmal,Yes,35283
bullwaves-76795,76795,2287,35283,"User bullwaves-76795 was moved from affiliate 2287 to  affiliate 35283  With settings : Move media report stats , Apply destination affiliate Revshare settings , Apply destination affiliate CPA Qualification",4/17/2025 11:15:18 AM,cx-akmal,Yes,35283
bullwaves-76887,76887,2287,35283,"User bullwaves-76887 was moved from affiliate 2287 to  affiliate 35283  With settings : Move media report stats , Apply destination affiliate Revshare settings , Apply destination affiliate CPA Qualification",4/17/2025 11:15:16 AM,cx-akmal,Yes,35283
bullwaves-76910,76910,2287,35283,"User bullwaves-76910 was moved from affiliate 2287 to  affiliate 35283  With settings : Move media report stats , Apply destination affiliate Revshare settings , Apply destination affiliate CPA Qualification",4/17/2025 11:15:15 AM,cx-akmal,Yes,35283
bullwaves-76918,76918,2287,35283,"User bullwaves-76918 was moved from affiliate 2287 to  affiliate 35283  With settings : Move media report stats , Apply destination affiliate Revshare settings , Apply destination affiliate CPA Qualification",4/17/2025 11:15:13 AM,cx-akmal,Yes,35283
bullwaves-77140,77140,2287,35283,"User bullwaves-77140 was moved from affiliate 2287 to  affiliate 35283  With settings : Move media report stats , Apply destination affiliate Revshare settings , Apply destination affiliate CPA Qualification",4/17/2025 11:15:11 AM,cx-akmal,Yes,35283
bullwaves-77265,77265,2287,35283,"User bullwaves-77265 was moved from affiliate 2287 to  affiliate 35283  With settings : Move media report stats , Apply destination affiliate Revshare settings , Apply destination affiliate CPA Qualification",4/17/2025 11:15:09 AM,cx-akmal,Yes,35283
bullwaves-77551,77551,2287,35283,"User bullwaves-77551 was moved from affiliate 2287 to  affiliate 35283  With settings : Move media report stats , Apply destination affiliate Revshare settings , Apply destination affiliate CPA Qualification",4/17/2025 11:15:08 AM,cx-akmal,Yes,35283
bullwaves-77638,77638,2287,35283,"User bullwaves-77638 was moved from affiliate 2287 to  affiliate 35283  With settings : Move media report stats , Apply destination affiliate Revshare settings , Apply destination affiliate CPA Qualification",4/17/2025 11:15:07 AM,cx-akmal,Yes,35283
bullwaves-77913,77913,2287,35283,"User bullwaves-77913 was moved from affiliate 2287 to  affiliate 35283  With settings : Move media report stats , Apply destination affiliate Revshare settings , Apply destination affiliate CPA Qualification",4/17/2025 11:15:06 AM,cx-akmal,Yes,35283
bullwaves-77931,77931,2287,35283,"User bullwaves-77931 was moved from affiliate 2287 to  affiliate 35283  With settings : Move media report stats , Apply destination affiliate Revshare settings , Apply destination affiliate CPA Qualification",4/17/2025 11:15:03 AM,cx-akmal,Yes,35283
bullwaves-77942,77942,2287,35283,"User bullwaves-77942 was moved from affiliate 2287 to  affiliate 35283  With settings : Move media report stats , Apply destination affiliate Revshare settings , Apply destination affiliate CPA Qualification",4/17/2025 11:15:02 AM,cx-akmal,Yes,35283
bullwaves-78053,78053,2287,35283,"User bullwaves-78053 was moved from affiliate 2287 to  affiliate 35283  With settings : Move media report stats , Apply destination affiliate Revshare settings , Apply destination affiliate CPA Qualification",4/17/2025 11:15:01 AM,cx-akmal,Yes,35283
bullwaves-78072,78072,2287,35283,"User bullwaves-78072 was moved from affiliate 2287 to  affiliate 35283  With settings : Move media report stats , Apply destination affiliate Revshare settings , Apply destination affiliate CPA Qualification",4/17/2025 11:14:59 AM,cx-akmal,Yes,35283
bullwaves-78093,78093,2287,35283,"User bullwaves-78093 was moved from affiliate 2287 to  affiliate 35283  With settings : Move media report stats , Apply destination affiliate Revshare settings , Apply destination affiliate CPA Qualification",4/17/2025 11:14:58 AM,cx-akmal,Yes,35283
bullwaves-78305,78305,2287,35283,"User bullwaves-78305 was moved from affiliate 2287 to  affiliate 35283  With settings : Move media report stats , Apply destination affiliate Revshare settings , Apply destination affiliate CPA Qualification",4/17/2025 11:14:58 AM,cx-akmal,Yes,35283
bullwaves-78423,78423,2287,35283,"User bullwaves-78423 was moved from affiliate 2287 to  affiliate 35283  With settings : Move media report stats , Apply destination affiliate Revshare settings , Apply destination affiliate CPA Qualification",4/17/2025 11:14:55 AM,cx-akmal,Yes,35283
bullwaves-78493,78493,2287,35283,"User bullwaves-78493 was moved from affiliate 2287 to  affiliate 35283  With settings : Move media report stats , Apply destination affiliate Revshare settings , Apply destination affiliate CPA Qualification",4/17/2025 11:14:55 AM,cx-akmal,Yes,35283
bullwaves-78518,78518,2287,35283,"User bullwaves-78518 was moved from affiliate 2287 to  affiliate 35283  With settings : Move media report stats , Apply destination affiliate Revshare settings , Apply destination affiliate CPA Qualification",4/17/2025 11:14:54 AM,cx-akmal,Yes,35283
bullwaves-78756,78756,2287,35283,"User bullwaves-78756 was moved from affiliate 2287 to  affiliate 35283  With settings : Move media report stats , Apply destination affiliate Revshare settings , Apply destination affiliate CPA Qualification",4/17/2025 11:14:52 AM,cx-akmal,Yes,35283
bullwaves-78798,78798,2287,35283,"User bullwaves-78798 was moved from affiliate 2287 to  affiliate 35283  With settings : Move media report stats , Apply destination affiliate Revshare settings , Apply destination affiliate CPA Qualification",4/17/2025 11:14:52 AM,cx-akmal,Yes,35283
bullwaves-78826,78826,2287,35283,"User bullwaves-78826 was moved from affiliate 2287 to  affiliate 35283  With settings : Move media report stats , Apply destination affiliate Revshare settings , Apply destination affiliate CPA Qualification",4/17/2025 11:14:51 AM,cx-akmal,Yes,35283
bullwaves-79223,79223,2287,35283,"User bullwaves-79223 was moved from affiliate 2287 to  affiliate 35283  With settings : Move media report stats , Apply destination affiliate Revshare settings , Apply destination affiliate CPA Qualification",4/17/2025 11:14:49 AM,cx-akmal,Yes,35283
bullwaves-79246,79246,2287,35283,"User bullwaves-79246 was moved from affiliate 2287 to  affiliate 35283  With settings : Move media report stats , Apply destination affiliate Revshare settings , Apply destination affiliate CPA Qualification",4/17/2025 11:14:48 AM,cx-akmal,Yes,35283
bullwaves-79421,79421,2287,35283,"User bullwaves-79421 was moved from affiliate 2287 to  affiliate 35283  With settings : Move media report stats , Apply destination affiliate Revshare settings , Apply destination affiliate CPA Qualification",4/17/2025 11:14:48 AM,cx-akmal,Yes,35283
bullwaves-79432,79432,2287,35283,"User bullwaves-79432 was moved from affiliate 2287 to  affiliate 35283  With settings : Move media report stats , Apply destination affiliate Revshare settings , Apply destination affiliate CPA Qualification",4/17/2025 11:14:45 AM,cx-akmal,Yes,35283
bullwaves-79512,79512,2287,35283,"User bullwaves-79512 was moved from affiliate 2287 to  affiliate 35283  With settings : Move media report stats , Apply destination affiliate Revshare settings , Apply destination affiliate CPA Qualification",4/17/2025 11:14:44 AM,cx-akmal,Yes,35283
bullwaves-79551,79551,2287,35283,"User bullwaves-79551 was moved from affiliate 2287 to  affiliate 35283  With settings : Move media report stats , Apply destination affiliate Revshare settings , Apply destination affiliate CPA Qualification",4/17/2025 11:14:44 AM,cx-akmal,Yes,35283
bullwaves-79754,79754,2287,35283,"User bullwaves-79754 was moved from affiliate 2287 to  affiliate 35283  With settings : Move media report stats , Apply destination affiliate Revshare settings , Apply destination affiliate CPA Qualification",4/17/2025 11:14:42 AM,cx-akmal,Yes,35283
bullwaves-79777,79777,2287,35283,"User bullwaves-79777 was moved from affiliate 2287 to  affiliate 35283  With settings : Move media report stats , Apply destination affiliate Revshare settings , Apply destination affiliate CPA Qualification",4/17/2025 11:14:42 AM,cx-akmal,Yes,35283
bullwaves-79883,79883,2287,35283,"User bullwaves-79883 was moved from affiliate 2287 to  affiliate 35283  With settings : Move media report stats , Apply destination affiliate Revshare settings , Apply destination affiliate CPA Qualification",4/17/2025 11:14:40 AM,cx-akmal,Yes,35283
bullwaves-79874,79874,2287,35283,"User bullwaves-79874 was moved from affiliate 2287 to  affiliate 35283  With settings : Move media report stats , Apply destination affiliate Revshare settings , Apply destination affiliate CPA Qualification",4/17/2025 11:14:39 AM,cx-akmal,Yes,35283
bullwaves-79895,79895,2287,35283,"User bullwaves-79895 was moved from affiliate 2287 to  affiliate 35283  With settings : Move media report stats , Apply destination affiliate Revshare settings , Apply destination affiliate CPA Qualification",4/17/2025 11:14:38 AM,cx-akmal,Yes,35283
bullwaves-79986,79986,2287,35283,"User bullwaves-79986 was moved from affiliate 2287 to  affiliate 35283  With settings : Move media report stats , Apply destination affiliate Revshare settings , Apply destination affiliate CPA Qualification",4/17/2025 11:14:37 AM,cx-akmal,Yes,35283
bullwaves-80088,80088,2287,35283,"User bullwaves-80088 was moved from affiliate 2287 to  affiliate 35283  With settings : Move media report stats , Apply destination affiliate Revshare settings , Apply destination affiliate CPA Qualification",4/17/2025 11:14:36 AM,cx-akmal,Yes,35283
bullwaves-80307,80307,2287,35283,"User bullwaves-80307 was moved from affiliate 2287 to  affiliate 35283  With settings : Move media report stats , Apply destination affiliate Revshare settings , Apply destination affiliate CPA Qualification",4/17/2025 11:14:35 AM,cx-akmal,Yes,35283
bullwaves-80387,80387,2287,35283,"User bullwaves-80387 was moved from affiliate 2287 to  affiliate 35283  With settings : Move media report stats , Apply destination affiliate Revshare settings , Apply destination affiliate CPA Qualification",4/17/2025 11:14:34 AM,cx-akmal,Yes,35283
bullwaves-80843,80843,2287,35283,"User bullwaves-80843 was moved from affiliate 2287 to  affiliate 35283  With settings : Move media report stats , Apply destination affiliate Revshare settings , Apply destination affiliate CPA Qualification",4/17/2025 11:14:32 AM,cx-akmal,Yes,35283
bullwaves-80837,80837,2287,35283,"User bullwaves-80837 was moved from affiliate 2287 to  affiliate 35283  With settings : Move media report stats , Apply destination affiliate Revshare settings , Apply destination affiliate CPA Qualification",4/17/2025 11:14:31 AM,cx-akmal,Yes,35283
bullwaves-80889,80889,2287,35283,"User bullwaves-80889 was moved from affiliate 2287 to  affiliate 35283  With settings : Move media report stats , Apply destination affiliate Revshare settings , Apply destination affiliate CPA Qualification",4/17/2025 11:14:31 AM,cx-akmal,Yes,35283
bullwaves-81128,81128,2287,35283,"User bullwaves-81128 was moved from affiliate 2287 to  affiliate 35283  With settings : Move media report stats , Apply destination affiliate Revshare settings , Apply destination affiliate CPA Qualification",4/17/2025 11:14:30 AM,cx-akmal,Yes,35283
bullwaves-81157,81157,2287,35283,"User bullwaves-81157 was moved from affiliate 2287 to  affiliate 35283  With settings : Move media report stats , Apply destination affiliate Revshare settings , Apply destination affiliate CPA Qualification",4/17/2025 11:14:28 AM,cx-akmal,Yes,35283
bullwaves-81190,81190,2287,35283,"User bullwaves-81190 was moved from affiliate 2287 to  affiliate 35283  With settings : Move media report stats , Apply destination affiliate Revshare settings , Apply destination affiliate CPA Qualification",4/17/2025 11:14:28 AM,cx-akmal,Yes,35283
bullwaves-81324,81324,2287,35283,"User bullwaves-81324 was moved from affiliate 2287 to  affiliate 35283  With settings : Move media report stats , Apply destination affiliate Revshare settings , Apply destination affiliate CPA Qualification",4/17/2025 11:14:26 AM,cx-akmal,Yes,35283
bullwaves-81344,81344,2287,35283,"User bullwaves-81344 was moved from affiliate 2287 to  affiliate 35283  With settings : Move media report stats , Apply destination affiliate Revshare settings , Apply destination affiliate CPA Qualification",4/17/2025 11:14:24 AM,cx-akmal,Yes,35283
bullwaves-81333,81333,2287,35283,"User bullwaves-81333 was moved from affiliate 2287 to  affiliate 35283  With settings : Move media report stats , Apply destination affiliate Revshare settings , Apply destination affiliate CPA Qualification",4/17/2025 11:14:21 AM,cx-akmal,Yes,35283
bullwaves-81359,81359,2287,35283,"User bullwaves-81359 was moved from affiliate 2287 to  affiliate 35283  With settings : Move media report stats , Apply destination affiliate Revshare settings , Apply destination affiliate CPA Qualification",4/17/2025 11:14:19 AM,cx-akmal,Yes,35283
bullwaves-81362,81362,2287,35283,"User bullwaves-81362 was moved from affiliate 2287 to  affiliate 35283  With settings : Move media report stats , Apply destination affiliate Revshare settings , Apply destination affiliate CPA Qualification",4/17/2025 11:14:18 AM,cx-akmal,Yes,35283
bullwaves-81362,81362,2287,35283,"User bullwaves-81362 was moved from affiliate 2287 to  affiliate 35283  With settings : Move media report stats , Apply destination affiliate Revshare settings , Apply destination affiliate CPA Qualification",4/17/2025 11:14:17 AM,cx-akmal,Yes,2287
bullwaves-81365,81365,2287,35283,"User bullwaves-81365 was moved from affiliate 2287 to  affiliate 35283  With settings : Move media report stats , Apply destination affiliate Revshare settings , Apply destination affiliate CPA Qualification",4/17/2025 11:14:16 AM,cx-akmal,Yes,35283
bullwaves-81460,81460,2287,35283,"User bullwaves-81460 was moved from affiliate 2287 to  affiliate 35283  With settings : Move media report stats , Apply destination affiliate Revshare settings , Apply destination affiliate CPA Qualification",4/17/2025 11:14:16 AM,cx-akmal,Yes,35283
bullwaves-81597,81597,2287,35283,"User bullwaves-81597 was moved from affiliate 2287 to  affiliate 35283  With settings : Move media report stats , Apply destination affiliate Revshare settings , Apply destination affiliate CPA Qualification",4/17/2025 11:14:14 AM,cx-akmal,Yes,35283
bullwaves-81724,81724,2287,35283,"User bullwaves-81724 was moved from affiliate 2287 to  affiliate 35283  With settings : Move media report stats , Apply destination affiliate Revshare settings , Apply destination affiliate CPA Qualification",4/17/2025 11:14:13 AM,cx-akmal,Yes,35283
bullwaves-81743,81743,2287,35283,"User bullwaves-81743 was moved from affiliate 2287 to  affiliate 35283  With settings : Move media report stats , Apply destination affiliate Revshare settings , Apply destination affiliate CPA Qualification",4/17/2025 11:14:10 AM,cx-akmal,Yes,35283
bullwaves-81747,81747,2287,35283,"User bullwaves-81747 was moved from affiliate 2287 to  affiliate 35283  With settings : Move media report stats , Apply destination affiliate Revshare settings , Apply destination affiliate CPA Qualification",4/17/2025 11:14:08 AM,cx-akmal,Yes,35283
bullwaves-81794,81794,2287,35283,"User bullwaves-81794 was moved from affiliate 2287 to  affiliate 35283  With settings : Move media report stats , Apply destination affiliate Revshare settings , Apply destination affiliate CPA Qualification",4/17/2025 11:14:07 AM,cx-akmal,Yes,35283
bullwaves-82009,82009,2287,35283,"User bullwaves-82009 was moved from affiliate 2287 to  affiliate 35283  With settings : Move media report stats , Apply destination affiliate Revshare settings , Apply destination affiliate CPA Qualification",4/17/2025 11:14:06 AM,cx-akmal,Yes,35283
bullwaves-82044,82044,2287,35283,"User bullwaves-82044 was moved from affiliate 2287 to  affiliate 35283  With settings : Move media report stats , Apply destination affiliate Revshare settings , Apply destination affiliate CPA Qualification",4/17/2025 11:14:04 AM,cx-akmal,Yes,35283
bullwaves-82135,82135,2287,35283,"User bullwaves-82135 was moved from affiliate 2287 to  affiliate 35283  With settings : Move media report stats , Apply destination affiliate Revshare settings , Apply destination affiliate CPA Qualification",4/17/2025 11:14:03 AM,cx-akmal,Yes,35283
bullwaves-82176,82176,2287,35283,"User bullwaves-82176 was moved from affiliate 2287 to  affiliate 35283  With settings : Move media report stats , Apply destination affiliate Revshare settings , Apply destination affiliate CPA Qualification",4/17/2025 11:14:03 AM,cx-akmal,Yes,35283
bullwaves-82202,82202,2287,35283,"User bullwaves-82202 was moved from affiliate 2287 to  affiliate 35283  With settings : Move media report stats , Apply destination affiliate Revshare settings , Apply destination affiliate CPA Qualification",4/17/2025 11:14:01 AM,cx-akmal,Yes,35283
bullwaves-82452,82452,2287,35283,"User bullwaves-82452 was moved from affiliate 2287 to  affiliate 35283  With settings : Move media report stats , Apply destination affiliate Revshare settings , Apply destination affiliate CPA Qualification",4/17/2025 11:14:00 AM,cx-akmal,Yes,35283
bullwaves-82492,82492,2287,35283,"User bullwaves-82492 was moved from affiliate 2287 to  affiliate 35283  With settings : Move media report stats , Apply destination affiliate Revshare settings , Apply destination affiliate CPA Qualification",4/17/2025 11:14:00 AM,cx-akmal,Yes,35283
bullwaves-82814,82814,2287,35283,"User bullwaves-82814 was moved from affiliate 2287 to  affiliate 35283  With settings : Move media report stats , Apply destination affiliate Revshare settings , Apply destination affiliate CPA Qualification",4/17/2025 11:13:58 AM,cx-akmal,Yes,35283
bullwaves-82884,82884,2287,35283,"User bullwaves-82884 was moved from affiliate 2287 to  affiliate 35283  With settings : Move media report stats , Apply destination affiliate Revshare settings , Apply destination affiliate CPA Qualification",4/17/2025 11:13:57 AM,cx-akmal,Yes,35283
bullwaves-82910,82910,2287,35283,"User bullwaves-82910 was moved from affiliate 2287 to  affiliate 35283  With settings : Move media report stats , Apply destination affiliate Revshare settings , Apply destination affiliate CPA Qualification",4/17/2025 11:13:56 AM,cx-akmal,Yes,35283
bullwaves-82986,82986,2287,35283,"User bullwaves-82986 was moved from affiliate 2287 to  affiliate 35283  With settings : Move media report stats , Apply destination affiliate Revshare settings , Apply destination affiliate CPA Qualification",4/17/2025 11:13:55 AM,cx-akmal,Yes,35283
bullwaves-83098,83098,2287,35283,"User bullwaves-83098 was moved from affiliate 2287 to  affiliate 35283  With settings : Move media report stats , Apply destination affiliate Revshare settings , Apply destination affiliate CPA Qualification",4/17/2025 11:13:53 AM,cx-akmal,Yes,35283
bullwaves-83152,83152,2287,35283,"User bullwaves-83152 was moved from affiliate 2287 to  affiliate 35283  With settings : Move media report stats , Apply destination affiliate Revshare settings , Apply destination affiliate CPA Qualification",4/17/2025 11:13:53 AM,cx-akmal,Yes,35283
bullwaves-83238,83238,2287,35283,"User bullwaves-83238 was moved from affiliate 2287 to  affiliate 35283  With settings : Move media report stats , Apply destination affiliate Revshare settings , Apply destination affiliate CPA Qualification",4/17/2025 11:13:52 AM,cx-akmal,Yes,35283
bullwaves-83306,83306,2287,35283,"User bullwaves-83306 was moved from affiliate 2287 to  affiliate 35283  With settings : Move media report stats , Apply destination affiliate Revshare settings , Apply destination affiliate CPA Qualification",4/17/2025 11:11:35 AM,cx-akmal,Yes,35283
bullwaves-89226,89226,2287,35283,"User bullwaves-89226 was moved from affiliate 2287 to  affiliate 35283  With settings : Move media report stats , Apply destination affiliate Revshare settings , Apply destination affiliate CPA Qualification",4/17/2025 11:11:13 AM,cx-akmal,Yes,35283
bullwaves-89711,89711,2287,35283,"User bullwaves-89711 was moved from affiliate 2287 to  affiliate 35283  With settings : Move media report stats , Apply destination affiliate Revshare settings , Apply destination affiliate CPA Qualification",4/17/2025 11:11:10 AM,cx-akmal,Yes,35283
bullwaves-90355,90355,2287,35283,"User bullwaves-90355 was moved from affiliate 2287 to  affiliate 35283  With settings : Move media report stats , Apply destination affiliate Revshare settings , Apply destination affiliate CPA Qualification",4/17/2025 11:11:07 AM,cx-akmal,Yes,35283
bullwaves-90386,90386,2287,35283,"User bullwaves-90386 was moved from affiliate 2287 to  affiliate 35283  With settings : Move media report stats , Apply destination affiliate Revshare settings , Apply destination affiliate CPA Qualification",4/17/2025 11:11:06 AM,cx-akmal,Yes,35283
bullwaves-90392,90392,2287,35283,"User bullwaves-90392 was moved from affiliate 2287 to  affiliate 35283  With settings : Move media report stats , Apply destination affiliate Revshare settings , Apply destination affiliate CPA Qualification",4/17/2025 11:11:05 AM,cx-akmal,Yes,35283
bullwaves-91183,91183,2287,35283,"User bullwaves-91183 was moved from affiliate 2287 to  affiliate 35283  With settings : Move media report stats , Apply destination affiliate Revshare settings , Apply destination affiliate CPA Qualification",4/17/2025 11:11:02 AM,cx-akmal,Yes,35283
bullwaves-91183,91183,2287,35283,"User bullwaves-91183 was moved from affiliate 2287 to  affiliate 35283  With settings : Move media report stats , Apply destination affiliate Revshare settings , Apply destination affiliate CPA Qualification",4/17/2025 11:11:01 AM,cx-akmal,Yes,2287
bullwaves-198567,198567,2287,35198,"User bullwaves-198567 was moved from affiliate 2287 to  affiliate 35198  With settings : Move media report stats , Move pre calculated commissions , Apply destination affiliate Revshare settings , Apply destination affiliate CPA Qualification",4/17/2025 10:17:17 AM,SONJA,Yes,35198
bullwaves-83388,83388,2287,35283,"User bullwaves-83388 was moved from affiliate 2287 to  affiliate 35283  With settings : Move media report stats , Apply destination affiliate Revshare settings , Apply destination affiliate CPA Qualification",4/17/2025 10:03:34 AM,cx-akmal,Yes,35283
bullwaves-83435,83435,2287,35283,"User bullwaves-83435 was moved from affiliate 2287 to  affiliate 35283  With settings : Move media report stats , Apply destination affiliate Revshare settings , Apply destination affiliate CPA Qualification",4/17/2025 10:03:33 AM,cx-akmal,Yes,35283
bullwaves-83474,83474,2287,35283,"User bullwaves-83474 was moved from affiliate 2287 to  affiliate 35283  With settings : Move media report stats , Apply destination affiliate Revshare settings , Apply destination affiliate CPA Qualification",4/17/2025 10:03:33 AM,cx-akmal,Yes,35283
bullwaves-83562,83562,2287,35283,"User bullwaves-83562 was moved from affiliate 2287 to  affiliate 35283  With settings : Move media report stats , Apply destination affiliate Revshare settings , Apply destination affiliate CPA Qualification",4/17/2025 10:03:31 AM,cx-akmal,Yes,35283
bullwaves-83667,83667,2287,35283,"User bullwaves-83667 was moved from affiliate 2287 to  affiliate 35283  With settings : Move media report stats , Apply destination affiliate Revshare settings , Apply destination affiliate CPA Qualification",4/17/2025 10:03:30 AM,cx-akmal,Yes,35283
bullwaves-83688,83688,2287,35283,"User bullwaves-83688 was moved from affiliate 2287 to  affiliate 35283  With settings : Move media report stats , Apply destination affiliate Revshare settings , Apply destination affiliate CPA Qualification",4/17/2025 10:03:30 AM,cx-akmal,Yes,35283
bullwaves-83728,83728,2287,35283,"User bullwaves-83728 was moved from affiliate 2287 to  affiliate 35283  With settings : Move media report stats , Apply destination affiliate Revshare settings , Apply destination affiliate CPA Qualification",4/17/2025 10:03:28 AM,cx-akmal,Yes,35283
bullwaves-83850,83850,2287,35283,"User bullwaves-83850 was moved from affiliate 2287 to  affiliate 35283  With settings : Move media report stats , Apply destination affiliate Revshare settings , Apply destination affiliate CPA Qualification",4/17/2025 10:03:28 AM,cx-akmal,Yes,35283
bullwaves-83850,83850,2287,35283,"User bullwaves-83850 was moved from affiliate 2287 to  affiliate 35283  With settings : Move media report stats , Apply destination affiliate Revshare settings , Apply destination affiliate CPA Qualification",4/17/2025 10:03:27 AM,cx-akmal,Yes,2287
bullwaves-83876,83876,2287,35283,"User bullwaves-83876 was moved from affiliate 2287 to  affiliate 35283  With settings : Move media report stats , Apply destination affiliate Revshare settings , Apply destination affiliate CPA Qualification",4/17/2025 10:03:27 AM,cx-akmal,Yes,35283
bullwaves-84321,84321,2287,35283,"User bullwaves-84321 was moved from affiliate 2287 to  affiliate 35283  With settings : Move media report stats , Apply destination affiliate Revshare settings , Apply destination affiliate CPA Qualification",4/17/2025 10:03:25 AM,cx-akmal,Yes,35283
bullwaves-84381,84381,2287,35283,"User bullwaves-84381 was moved from affiliate 2287 to  affiliate 35283  With settings : Move media report stats , Apply destination affiliate Revshare settings , Apply destination affiliate CPA Qualification",4/17/2025 10:03:25 AM,cx-akmal,Yes,35283
bullwaves-84425,84425,2287,35283,"User bullwaves-84425 was moved from affiliate 2287 to  affiliate 35283  With settings : Move media report stats , Apply destination affiliate Revshare settings , Apply destination affiliate CPA Qualification",4/17/2025 10:03:24 AM,cx-akmal,Yes,35283
bullwaves-84497,84497,2287,35283,"User bullwaves-84497 was moved from affiliate 2287 to  affiliate 35283  With settings : Move media report stats , Apply destination affiliate Revshare settings , Apply destination affiliate CPA Qualification",4/17/2025 10:03:22 AM,cx-akmal,Yes,35283
bullwaves-84592,84592,2287,35283,"User bullwaves-84592 was moved from affiliate 2287 to  affiliate 35283  With settings : Move media report stats , Apply destination affiliate Revshare settings , Apply destination affiliate CPA Qualification",4/17/2025 10:03:22 AM,cx-akmal,Yes,35283
bullwaves-84666,84666,2287,35283,"User bullwaves-84666 was moved from affiliate 2287 to  affiliate 35283  With settings : Move media report stats , Apply destination affiliate Revshare settings , Apply destination affiliate CPA Qualification",4/17/2025 10:03:21 AM,cx-akmal,Yes,35283
bullwaves-84679,84679,2287,35283,"User bullwaves-84679 was moved from affiliate 2287 to  affiliate 35283  With settings : Move media report stats , Apply destination affiliate Revshare settings , Apply destination affiliate CPA Qualification",4/17/2025 10:03:19 AM,cx-akmal,Yes,35283
bullwaves-84827,84827,2287,35283,"User bullwaves-84827 was moved from affiliate 2287 to  affiliate 35283  With settings : Move media report stats , Apply destination affiliate Revshare settings , Apply destination affiliate CPA Qualification",4/17/2025 10:03:19 AM,cx-akmal,Yes,35283
bullwaves-84846,84846,2287,35283,"User bullwaves-84846 was moved from affiliate 2287 to  affiliate 35283  With settings : Move media report stats , Apply destination affiliate Revshare settings , Apply destination affiliate CPA Qualification",4/17/2025 10:03:18 AM,cx-akmal,Yes,35283
bullwaves-84856,84856,2287,35283,"User bullwaves-84856 was moved from affiliate 2287 to  affiliate 35283  With settings : Move media report stats , Apply destination affiliate Revshare settings , Apply destination affiliate CPA Qualification",4/17/2025 10:03:16 AM,cx-akmal,Yes,35283
bullwaves-84859,84859,2287,35283,"User bullwaves-84859 was moved from affiliate 2287 to  affiliate 35283  With settings : Move media report stats , Apply destination affiliate Revshare settings , Apply destination affiliate CPA Qualification",4/17/2025 10:03:16 AM,cx-akmal,Yes,35283
bullwaves-85051,85051,2287,35283,"User bullwaves-85051 was moved from affiliate 2287 to  affiliate 35283  With settings : Move media report stats , Apply destination affiliate Revshare settings , Apply destination affiliate CPA Qualification",4/17/2025 10:03:15 AM,cx-akmal,Yes,35283
bullwaves-85094,85094,2287,35283,"User bullwaves-85094 was moved from affiliate 2287 to  affiliate 35283  With settings : Move media report stats , Apply destination affiliate Revshare settings , Apply destination affiliate CPA Qualification",4/17/2025 10:03:13 AM,cx-akmal,Yes,35283
bullwaves-85175,85175,2287,35283,"User bullwaves-85175 was moved from affiliate 2287 to  affiliate 35283  With settings : Move media report stats , Apply destination affiliate Revshare settings , Apply destination affiliate CPA Qualification",4/17/2025 10:03:12 AM,cx-akmal,Yes,35283
bullwaves-85266,85266,2287,35283,"User bullwaves-85266 was moved from affiliate 2287 to  affiliate 35283  With settings : Move media report stats , Apply destination affiliate Revshare settings , Apply destination affiliate CPA Qualification",4/17/2025 10:03:12 AM,cx-akmal,Yes,35283
bullwaves-85872,85872,2287,35283,"User bullwaves-85872 was moved from affiliate 2287 to  affiliate 35283  With settings : Move media report stats , Apply destination affiliate Revshare settings , Apply destination affiliate CPA Qualification",4/17/2025 10:03:10 AM,cx-akmal,Yes,35283
bullwaves-85882,85882,2287,35283,"User bullwaves-85882 was moved from affiliate 2287 to  affiliate 35283  With settings : Move media report stats , Apply destination affiliate Revshare settings , Apply destination affiliate CPA Qualification",4/17/2025 10:03:09 AM,cx-akmal,Yes,35283
bullwaves-86100,86100,2287,35283,"User bullwaves-86100 was moved from affiliate 2287 to  affiliate 35283  With settings : Move media report stats , Apply destination affiliate Revshare settings , Apply destination affiliate CPA Qualification",4/17/2025 10:03:08 AM,cx-akmal,Yes,35283
bullwaves-86098,86098,2287,35283,"User bullwaves-86098 was moved from affiliate 2287 to  affiliate 35283  With settings : Move media report stats , Apply destination affiliate Revshare settings , Apply destination affiliate CPA Qualification",4/17/2025 10:03:06 AM,cx-akmal,Yes,35283
bullwaves-86177,86177,2287,35283,"User bullwaves-86177 was moved from affiliate 2287 to  affiliate 35283  With settings : Move media report stats , Apply destination affiliate Revshare settings , Apply destination affiliate CPA Qualification",4/17/2025 10:03:05 AM,cx-akmal,Yes,35283
bullwaves-86270,86270,2287,35283,"User bullwaves-86270 was moved from affiliate 2287 to  affiliate 35283  With settings : Move media report stats , Apply destination affiliate Revshare settings , Apply destination affiliate CPA Qualification",4/17/2025 10:03:03 AM,cx-akmal,Yes,35283
bullwaves-86281,86281,2287,35283,"User bullwaves-86281 was moved from affiliate 2287 to  affiliate 35283  With settings : Move media report stats , Apply destination affiliate Revshare settings , Apply destination affiliate CPA Qualification",4/17/2025 10:03:03 AM,cx-akmal,Yes,35283
bullwaves-86527,86527,2287,35283,"User bullwaves-86527 was moved from affiliate 2287 to  affiliate 35283  With settings : Move media report stats , Apply destination affiliate Revshare settings , Apply destination affiliate CPA Qualification",4/17/2025 10:03:02 AM,cx-akmal,Yes,35283
bullwaves-86587,86587,2287,35283,"User bullwaves-86587 was moved from affiliate 2287 to  affiliate 35283  With settings : Move media report stats , Apply destination affiliate Revshare settings , Apply destination affiliate CPA Qualification",4/17/2025 10:03:00 AM,cx-akmal,Yes,35283
bullwaves-86769,86769,2287,35283,"User bullwaves-86769 was moved from affiliate 2287 to  affiliate 35283  With settings : Move media report stats , Apply destination affiliate Revshare settings , Apply destination affiliate CPA Qualification",4/17/2025 10:03:00 AM,cx-akmal,Yes,35283
bullwaves-86966,86966,2287,35283,"User bullwaves-86966 was moved from affiliate 2287 to  affiliate 35283  With settings : Move media report stats , Apply destination affiliate Revshare settings , Apply destination affiliate CPA Qualification",4/17/2025 10:02:59 AM,cx-akmal,Yes,35283
bullwaves-87027,87027,2287,35283,"User bullwaves-87027 was moved from affiliate 2287 to  affiliate 35283  With settings : Move media report stats , Apply destination affiliate Revshare settings , Apply destination affiliate CPA Qualification",4/17/2025 10:02:57 AM,cx-akmal,Yes,35283
bullwaves-87038,87038,2287,35283,"User bullwaves-87038 was moved from affiliate 2287 to  affiliate 35283  With settings : Move media report stats , Apply destination affiliate Revshare settings , Apply destination affiliate CPA Qualification",4/17/2025 10:02:57 AM,cx-akmal,Yes,35283
bullwaves-87343,87343,2287,35283,"User bullwaves-87343 was moved from affiliate 2287 to  affiliate 35283  With settings : Move media report stats , Apply destination affiliate Revshare settings , Apply destination affiliate CPA Qualification",4/17/2025 10:02:56 AM,cx-akmal,Yes,35283
bullwaves-87429,87429,2287,35283,"User bullwaves-87429 was moved from affiliate 2287 to  affiliate 35283  With settings : Move media report stats , Apply destination affiliate Revshare settings , Apply destination affiliate CPA Qualification",4/17/2025 10:02:54 AM,cx-akmal,Yes,35283
bullwaves-87633,87633,2287,35283,"User bullwaves-87633 was moved from affiliate 2287 to  affiliate 35283  With settings : Move media report stats , Apply destination affiliate Revshare settings , Apply destination affiliate CPA Qualification",4/17/2025 10:02:54 AM,cx-akmal,Yes,35283
bullwaves-87709,87709,2287,35283,"User bullwaves-87709 was moved from affiliate 2287 to  affiliate 35283  With settings : Move media report stats , Apply destination affiliate Revshare settings , Apply destination affiliate CPA Qualification",4/17/2025 10:02:53 AM,cx-akmal,Yes,35283
bullwaves-87869,87869,2287,35283,"User bullwaves-87869 was moved from affiliate 2287 to  affiliate 35283  With settings : Move media report stats , Apply destination affiliate Revshare settings , Apply destination affiliate CPA Qualification",4/17/2025 10:02:51 AM,cx-akmal,Yes,35283
bullwaves-87919,87919,2287,35283,"User bullwaves-87919 was moved from affiliate 2287 to  affiliate 35283  With settings : Move media report stats , Apply destination affiliate Revshare settings , Apply destination affiliate CPA Qualification",4/17/2025 10:02:51 AM,cx-akmal,Yes,35283
bullwaves-87993,87993,2287,35283,"User bullwaves-87993 was moved from affiliate 2287 to  affiliate 35283  With settings : Move media report stats , Apply destination affiliate Revshare settings , Apply destination affiliate CPA Qualification",4/17/2025 10:02:50 AM,cx-akmal,Yes,35283
bullwaves-88135,88135,2287,35283,"User bullwaves-88135 was moved from affiliate 2287 to  affiliate 35283  With settings : Move media report stats , Apply destination affiliate Revshare settings , Apply destination affiliate CPA Qualification",4/17/2025 10:02:48 AM,cx-akmal,Yes,35283
bullwaves-88247,88247,2287,35283,"User bullwaves-88247 was moved from affiliate 2287 to  affiliate 35283  With settings : Move media report stats , Apply destination affiliate Revshare settings , Apply destination affiliate CPA Qualification",4/17/2025 10:02:48 AM,cx-akmal,Yes,35283
bullwaves-88451,88451,2287,35283,"User bullwaves-88451 was moved from affiliate 2287 to  affiliate 35283  With settings : Move media report stats , Apply destination affiliate Revshare settings , Apply destination affiliate CPA Qualification",4/17/2025 10:02:47 AM,cx-akmal,Yes,35283
bullwaves-88614,88614,2287,35283,"User bullwaves-88614 was moved from affiliate 2287 to  affiliate 35283  With settings : Move media report stats , Apply destination affiliate Revshare settings , Apply destination affiliate CPA Qualification",4/17/2025 10:02:45 AM,cx-akmal,Yes,35283
bullwaves-88867,88867,2287,35283,"User bullwaves-88867 was moved from affiliate 2287 to  affiliate 35283  With settings : Move media report stats , Apply destination affiliate Revshare settings , Apply destination affiliate CPA Qualification",4/17/2025 10:02:45 AM,cx-akmal,Yes,35283
bullwaves-88895,88895,2287,35283,"User bullwaves-88895 was moved from affiliate 2287 to  affiliate 35283  With settings : Move media report stats , Apply destination affiliate Revshare settings , Apply destination affiliate CPA Qualification",4/17/2025 10:02:44 AM,cx-akmal,Yes,35283
bullwaves-88905,88905,2287,35283,"User bullwaves-88905 was moved from affiliate 2287 to  affiliate 35283  With settings : Move media report stats , Apply destination affiliate Revshare settings , Apply destination affiliate CPA Qualification",4/17/2025 10:02:42 AM,cx-akmal,Yes,35283
bullwaves-88964,88964,2287,35283,"User bullwaves-88964 was moved from affiliate 2287 to  affiliate 35283  With settings : Move media report stats , Apply destination affiliate Revshare settings , Apply destination affiliate CPA Qualification",4/17/2025 10:02:42 AM,cx-akmal,Yes,35283
bullwaves-89081,89081,2287,35283,"User bullwaves-89081 was moved from affiliate 2287 to  affiliate 35283  With settings : Move media report stats , Apply destination affiliate Revshare settings , Apply destination affiliate CPA Qualification",4/17/2025 10:02:40 AM,cx-akmal,Yes,35283
bullwaves-89093,89093,2287,35283,"User bullwaves-89093 was moved from affiliate 2287 to  affiliate 35283  With settings : Move media report stats , Apply destination affiliate Revshare settings , Apply destination affiliate CPA Qualification",4/17/2025 10:02:39 AM,cx-akmal,Yes,35283
bullwaves-89187,89187,2287,35283,"User bullwaves-89187 was moved from affiliate 2287 to  affiliate 35283  With settings : Move media report stats , Apply destination affiliate Revshare settings , Apply destination affiliate CPA Qualification",4/17/2025 10:02:39 AM,cx-akmal,Yes,35283
bullwaves-89466,89466,2287,35283,"User bullwaves-89466 was moved from affiliate 2287 to  affiliate 35283  With settings : Move media report stats , Apply destination affiliate Revshare settings , Apply destination affiliate CPA Qualification",4/17/2025 10:02:38 AM,cx-akmal,Yes,35283
bullwaves-89498,89498,2287,35283,"User bullwaves-89498 was moved from affiliate 2287 to  affiliate 35283  With settings : Move media report stats , Apply destination affiliate Revshare settings , Apply destination affiliate CPA Qualification",4/17/2025 10:02:37 AM,cx-akmal,Yes,35283
bullwaves-89550,89550,2287,35283,"User bullwaves-89550 was moved from affiliate 2287 to  affiliate 35283  With settings : Move media report stats , Apply destination affiliate Revshare settings , Apply destination affiliate CPA Qualification",4/17/2025 10:02:35 AM,cx-akmal,Yes,35283
bullwaves-89655,89655,2287,35283,"User bullwaves-89655 was moved from affiliate 2287 to  affiliate 35283  With settings : Move media report stats , Apply destination affiliate Revshare settings , Apply destination affiliate CPA Qualification",4/17/2025 10:02:35 AM,cx-akmal,Yes,35283
bullwaves-90070,90070,2287,35283,"User bullwaves-90070 was moved from affiliate 2287 to  affiliate 35283  With settings : Move media report stats , Apply destination affiliate Revshare settings , Apply destination affiliate CPA Qualification",4/17/2025 10:02:33 AM,cx-akmal,Yes,35283
bullwaves-90147,90147,2287,35283,"User bullwaves-90147 was moved from affiliate 2287 to  affiliate 35283  With settings : Move media report stats , Apply destination affiliate Revshare settings , Apply destination affiliate CPA Qualification",4/17/2025 10:02:32 AM,cx-akmal,Yes,35283
bullwaves-90213,90213,2287,35283,"User bullwaves-90213 was moved from affiliate 2287 to  affiliate 35283  With settings : Move media report stats , Apply destination affiliate Revshare settings , Apply destination affiliate CPA Qualification",4/17/2025 10:02:31 AM,cx-akmal,Yes,35283
bullwaves-90389,90389,2287,35283,"User bullwaves-90389 was moved from affiliate 2287 to  affiliate 35283  With settings : Move media report stats , Apply destination affiliate Revshare settings , Apply destination affiliate CPA Qualification",4/17/2025 10:02:30 AM,cx-akmal,Yes,35283
bullwaves-90910,90910,2287,35283,"User bullwaves-90910 was moved from affiliate 2287 to  affiliate 35283  With settings : Move media report stats , Apply destination affiliate Revshare settings , Apply destination affiliate CPA Qualification",4/17/2025 10:02:29 AM,cx-akmal,Yes,35283
bullwaves-90898,90898,2287,35283,"User bullwaves-90898 was moved from affiliate 2287 to  affiliate 35283  With settings : Move media report stats , Apply destination affiliate Revshare settings , Apply destination affiliate CPA Qualification",4/17/2025 10:02:28 AM,cx-akmal,Yes,35283
bullwaves-90942,90942,2287,35283,"User bullwaves-90942 was moved from affiliate 2287 to  affiliate 35283  With settings : Move media report stats , Apply destination affiliate Revshare settings , Apply destination affiliate CPA Qualification",4/17/2025 10:02:27 AM,cx-akmal,Yes,35283
bullwaves-90984,90984,2287,35283,"User bullwaves-90984 was moved from affiliate 2287 to  affiliate 35283  With settings : Move media report stats , Apply destination affiliate Revshare settings , Apply destination affiliate CPA Qualification",4/17/2025 10:02:26 AM,cx-akmal,Yes,35283
bullwaves-91066,91066,2287,35283,"User bullwaves-91066 was moved from affiliate 2287 to  affiliate 35283  With settings : Move media report stats , Apply destination affiliate Revshare settings , Apply destination affiliate CPA Qualification",4/17/2025 10:02:25 AM,cx-akmal,Yes,35283
bullwaves-91249,91249,2287,35283,"User bullwaves-91249 was moved from affiliate 2287 to  affiliate 35283  With settings : Move media report stats , Apply destination affiliate Revshare settings , Apply destination affiliate CPA Qualification",4/17/2025 10:02:24 AM,cx-akmal,Yes,35283
bullwaves-91350,91350,2287,35283,"User bullwaves-91350 was moved from affiliate 2287 to  affiliate 35283  With settings : Move media report stats , Apply destination affiliate Revshare settings , Apply destination affiliate CPA Qualification",4/17/2025 10:02:23 AM,cx-akmal,Yes,35283
bullwaves-91551,91551,2287,35283,"User bullwaves-91551 was moved from affiliate 2287 to  affiliate 35283  With settings : Move media report stats , Apply destination affiliate Revshare settings , Apply destination affiliate CPA Qualification",4/17/2025 10:02:22 AM,cx-akmal,Yes,35283
bullwaves-91547,91547,2287,35283,"User bullwaves-91547 was moved from affiliate 2287 to  affiliate 35283  With settings : Move media report stats , Apply destination affiliate Revshare settings , Apply destination affiliate CPA Qualification",4/17/2025 10:02:21 AM,cx-akmal,Yes,35283
bullwaves-91561,91561,2287,35283,"User bullwaves-91561 was moved from affiliate 2287 to  affiliate 35283  With settings : Move media report stats , Apply destination affiliate Revshare settings , Apply destination affiliate CPA Qualification",4/17/2025 10:02:20 AM,cx-akmal,Yes,35283
bullwaves-91568,91568,2287,35283,"User bullwaves-91568 was moved from affiliate 2287 to  affiliate 35283  With settings : Move media report stats , Apply destination affiliate Revshare settings , Apply destination affiliate CPA Qualification",4/17/2025 10:02:18 AM,cx-akmal,Yes,35283
bullwaves-91985,91985,2287,35283,"User bullwaves-91985 was moved from affiliate 2287 to  affiliate 35283  With settings : Move media report stats , Apply destination affiliate Revshare settings , Apply destination affiliate CPA Qualification",4/17/2025 10:02:16 AM,cx-akmal,Yes,35283
bullwaves-92008,92008,2287,35283,"User bullwaves-92008 was moved from affiliate 2287 to  affiliate 35283  With settings : Move media report stats , Apply destination affiliate Revshare settings , Apply destination affiliate CPA Qualification",4/17/2025 10:02:15 AM,cx-akmal,Yes,35283
bullwaves-92014,92014,2287,35283,"User bullwaves-92014 was moved from affiliate 2287 to  affiliate 35283  With settings : Move media report stats , Apply destination affiliate Revshare settings , Apply destination affiliate CPA Qualification",4/17/2025 10:02:15 AM,cx-akmal,Yes,35283
bullwaves-92172,92172,2287,35283,"User bullwaves-92172 was moved from affiliate 2287 to  affiliate 35283  With settings : Move media report stats , Apply destination affiliate Revshare settings , Apply destination affiliate CPA Qualification",4/17/2025 10:02:13 AM,cx-akmal,Yes,35283
bullwaves-92342,92342,2287,35283,"User bullwaves-92342 was moved from affiliate 2287 to  affiliate 35283  With settings : Move media report stats , Apply destination affiliate Revshare settings , Apply destination affiliate CPA Qualification",4/17/2025 10:02:12 AM,cx-akmal,Yes,35283
bullwaves-92703,92703,2287,35283,"User bullwaves-92703 was moved from affiliate 2287 to  affiliate 35283  With settings : Move media report stats , Apply destination affiliate Revshare settings , Apply destination affiliate CPA Qualification",4/17/2025 10:02:12 AM,cx-akmal,Yes,35283
bullwaves-93000,93000,2287,35283,"User bullwaves-93000 was moved from affiliate 2287 to  affiliate 35283  With settings : Move media report stats , Apply destination affiliate Revshare settings , Apply destination affiliate CPA Qualification",4/17/2025 10:02:11 AM,cx-akmal,Yes,35283
bullwaves-93075,93075,2287,35283,"User bullwaves-93075 was moved from affiliate 2287 to  affiliate 35283  With settings : Move media report stats , Apply destination affiliate Revshare settings , Apply destination affiliate CPA Qualification",4/17/2025 10:02:09 AM,cx-akmal,Yes,35283
bullwaves-93078,93078,2287,35283,"User bullwaves-93078 was moved from affiliate 2287 to  affiliate 35283  With settings : Move media report stats , Apply destination affiliate Revshare settings , Apply destination affiliate CPA Qualification",4/17/2025 10:02:08 AM,cx-akmal,Yes,35283
bullwaves-93174,93174,2287,35283,"User bullwaves-93174 was moved from affiliate 2287 to  affiliate 35283  With settings : Move media report stats , Apply destination affiliate Revshare settings , Apply destination affiliate CPA Qualification",4/17/2025 10:02:08 AM,cx-akmal,Yes,35283
bullwaves-93431,93431,2287,35283,"User bullwaves-93431 was moved from affiliate 2287 to  affiliate 35283  With settings : Move media report stats , Apply destination affiliate Revshare settings , Apply destination affiliate CPA Qualification",4/17/2025 10:02:06 AM,cx-akmal,Yes,35283
bullwaves-93454,93454,2287,35283,"User bullwaves-93454 was moved from affiliate 2287 to  affiliate 35283  With settings : Move media report stats , Apply destination affiliate Revshare settings , Apply destination affiliate CPA Qualification",4/17/2025 10:02:05 AM,cx-akmal,Yes,35283
bullwaves-93471,93471,2287,35283,"User bullwaves-93471 was moved from affiliate 2287 to  affiliate 35283  With settings : Move media report stats , Apply destination affiliate Revshare settings , Apply destination affiliate CPA Qualification",4/17/2025 10:02:05 AM,cx-akmal,Yes,35283
bullwaves-93488,93488,2287,35283,"User bullwaves-93488 was moved from affiliate 2287 to  affiliate 35283  With settings : Move media report stats , Apply destination affiliate Revshare settings , Apply destination affiliate CPA Qualification",4/17/2025 10:02:03 AM,cx-akmal,Yes,35283
bullwaves-93693,93693,2287,35283,"User bullwaves-93693 was moved from affiliate 2287 to  affiliate 35283  With settings : Move media report stats , Apply destination affiliate Revshare settings , Apply destination affiliate CPA Qualification",4/17/2025 10:02:02 AM,cx-akmal,Yes,35283
bullwaves-93718,93718,2287,35283,"User bullwaves-93718 was moved from affiliate 2287 to  affiliate 35283  With settings : Move media report stats , Apply destination affiliate Revshare settings , Apply destination affiliate CPA Qualification",4/17/2025 10:02:00 AM,cx-akmal,Yes,35283
bullwaves-93960,93960,2287,35283,"User bullwaves-93960 was moved from affiliate 2287 to  affiliate 35283  With settings : Move media report stats , Apply destination affiliate Revshare settings , Apply destination affiliate CPA Qualification",4/17/2025 10:02:00 AM,cx-akmal,Yes,35283
bullwaves-94081,94081,2287,35283,"User bullwaves-94081 was moved from affiliate 2287 to  affiliate 35283  With settings : Move media report stats , Apply destination affiliate Revshare settings , Apply destination affiliate CPA Qualification",4/17/2025 10:01:59 AM,cx-akmal,Yes,35283
bullwaves-94335,94335,2287,35283,"User bullwaves-94335 was moved from affiliate 2287 to  affiliate 35283  With settings : Move media report stats , Apply destination affiliate Revshare settings , Apply destination affiliate CPA Qualification",4/17/2025 10:01:57 AM,cx-akmal,Yes,35283
bullwaves-94375,94375,2287,35283,"User bullwaves-94375 was moved from affiliate 2287 to  affiliate 35283  With settings : Move media report stats , Apply destination affiliate Revshare settings , Apply destination affiliate CPA Qualification",4/17/2025 10:01:57 AM,cx-akmal,Yes,35283
bullwaves-94377,94377,2287,35283,"User bullwaves-94377 was moved from affiliate 2287 to  affiliate 35283  With settings : Move media report stats , Apply destination affiliate Revshare settings , Apply destination affiliate CPA Qualification",4/17/2025 10:01:56 AM,cx-akmal,Yes,35283
bullwaves-94537,94537,2287,35283,"User bullwaves-94537 was moved from affiliate 2287 to  affiliate 35283  With settings : Move media report stats , Apply destination affiliate Revshare settings , Apply destination affiliate CPA Qualification",4/17/2025 10:01:54 AM,cx-akmal,Yes,35283
bullwaves-94682,94682,2287,35283,"User bullwaves-94682 was moved from affiliate 2287 to  affiliate 35283  With settings : Move media report stats , Apply destination affiliate Revshare settings , Apply destination affiliate CPA Qualification",4/17/2025 10:01:54 AM,cx-akmal,Yes,35283
bullwaves-94804,94804,2287,35283,"User bullwaves-94804 was moved from affiliate 2287 to  affiliate 35283  With settings : Move media report stats , Apply destination affiliate Revshare settings , Apply destination affiliate CPA Qualification",4/17/2025 10:01:53 AM,cx-akmal,Yes,35283
bullwaves-94949,94949,2287,35283,"User bullwaves-94949 was moved from affiliate 2287 to  affiliate 35283  With settings : Move media report stats , Apply destination affiliate Revshare settings , Apply destination affiliate CPA Qualification",4/17/2025 10:01:51 AM,cx-akmal,Yes,35283
bullwaves-95141,95141,2287,35283,"User bullwaves-95141 was moved from affiliate 2287 to  affiliate 35283  With settings : Move media report stats , Apply destination affiliate Revshare settings , Apply destination affiliate CPA Qualification",4/17/2025 10:01:51 AM,cx-akmal,Yes,35283
bullwaves-95576,95576,2287,35283,"User bullwaves-95576 was moved from affiliate 2287 to  affiliate 35283  With settings : Move media report stats , Apply destination affiliate Revshare settings , Apply destination affiliate CPA Qualification",4/17/2025 10:01:50 AM,cx-akmal,Yes,35283
bullwaves-96159,96159,2287,35283,"User bullwaves-96159 was moved from affiliate 2287 to  affiliate 35283  With settings : Move media report stats , Apply destination affiliate Revshare settings , Apply destination affiliate CPA Qualification",4/17/2025 10:01:48 AM,cx-akmal,Yes,35283
bullwaves-96191,96191,2287,35283,"User bullwaves-96191 was moved from affiliate 2287 to  affiliate 35283  With settings : Move media report stats , Apply destination affiliate Revshare settings , Apply destination affiliate CPA Qualification",4/17/2025 10:01:47 AM,cx-akmal,Yes,35283
bullwaves-96507,96507,2287,35283,"User bullwaves-96507 was moved from affiliate 2287 to  affiliate 35283  With settings : Move media report stats , Apply destination affiliate Revshare settings , Apply destination affiliate CPA Qualification",4/17/2025 10:01:47 AM,cx-akmal,Yes,35283
bullwaves-96845,96845,2287,35283,"User bullwaves-96845 was moved from affiliate 2287 to  affiliate 35283  With settings : Move media report stats , Apply destination affiliate Revshare settings , Apply destination affiliate CPA Qualification",4/17/2025 10:01:45 AM,cx-akmal,Yes,35283
bullwaves-96910,96910,2287,35283,"User bullwaves-96910 was moved from affiliate 2287 to  affiliate 35283  With settings : Move media report stats , Apply destination affiliate Revshare settings , Apply destination affiliate CPA Qualification",4/17/2025 10:01:44 AM,cx-akmal,Yes,35283
bullwaves-97024,97024,2287,35283,"User bullwaves-97024 was moved from affiliate 2287 to  affiliate 35283  With settings : Move media report stats , Apply destination affiliate Revshare settings , Apply destination affiliate CPA Qualification",4/17/2025 10:01:44 AM,cx-akmal,Yes,35283
bullwaves-97168,97168,2287,35283,"User bullwaves-97168 was moved from affiliate 2287 to  affiliate 35283  With settings : Move media report stats , Apply destination affiliate Revshare settings , Apply destination affiliate CPA Qualification",4/17/2025 10:01:42 AM,cx-akmal,Yes,35283
bullwaves-97489,97489,2287,35283,"User bullwaves-97489 was moved from affiliate 2287 to  affiliate 35283  With settings : Move media report stats , Apply destination affiliate Revshare settings , Apply destination affiliate CPA Qualification",4/17/2025 10:01:41 AM,cx-akmal,Yes,35283
bullwaves-97659,97659,2287,35283,"User bullwaves-97659 was moved from affiliate 2287 to  affiliate 35283  With settings : Move media report stats , Apply destination affiliate Revshare settings , Apply destination affiliate CPA Qualification",4/17/2025 10:01:41 AM,cx-akmal,Yes,35283
bullwaves-97722,97722,2287,35283,"User bullwaves-97722 was moved from affiliate 2287 to  affiliate 35283  With settings : Move media report stats , Apply destination affiliate Revshare settings , Apply destination affiliate CPA Qualification",4/17/2025 10:01:39 AM,cx-akmal,Yes,35283
bullwaves-97789,97789,2287,35283,"User bullwaves-97789 was moved from affiliate 2287 to  affiliate 35283  With settings : Move media report stats , Apply destination affiliate Revshare settings , Apply destination affiliate CPA Qualification",4/17/2025 10:01:38 AM,cx-akmal,Yes,35283
bullwaves-97802,97802,2287,35283,"User bullwaves-97802 was moved from affiliate 2287 to  affiliate 35283  With settings : Move media report stats , Apply destination affiliate Revshare settings , Apply destination affiliate CPA Qualification",4/17/2025 10:01:36 AM,cx-akmal,Yes,35283
bullwaves-97853,97853,2287,35283,"User bullwaves-97853 was moved from affiliate 2287 to  affiliate 35283  With settings : Move media report stats , Apply destination affiliate Revshare settings , Apply destination affiliate CPA Qualification",4/17/2025 10:01:36 AM,cx-akmal,Yes,35283
bullwaves-97872,97872,2287,35283,"User bullwaves-97872 was moved from affiliate 2287 to  affiliate 35283  With settings : Move media report stats , Apply destination affiliate Revshare settings , Apply destination affiliate CPA Qualification",4/17/2025 10:01:35 AM,cx-akmal,Yes,35283
bullwaves-97892,97892,2287,35283,"User bullwaves-97892 was moved from affiliate 2287 to  affiliate 35283  With settings : Move media report stats , Apply destination affiliate Revshare settings , Apply destination affiliate CPA Qualification",4/17/2025 10:01:33 AM,cx-akmal,Yes,35283
bullwaves-98042,98042,2287,35283,"User bullwaves-98042 was moved from affiliate 2287 to  affiliate 35283  With settings : Move media report stats , Apply destination affiliate Revshare settings , Apply destination affiliate CPA Qualification",4/17/2025 10:01:33 AM,cx-akmal,Yes,35283
bullwaves-98069,98069,2287,35283,"User bullwaves-98069 was moved from affiliate 2287 to  affiliate 35283  With settings : Move media report stats , Apply destination affiliate Revshare settings , Apply destination affiliate CPA Qualification",4/17/2025 10:01:32 AM,cx-akmal,Yes,35283
bullwaves-98139,98139,2287,35283,"User bullwaves-98139 was moved from affiliate 2287 to  affiliate 35283  With settings : Move media report stats , Apply destination affiliate Revshare settings , Apply destination affiliate CPA Qualification",4/17/2025 10:01:30 AM,cx-akmal,Yes,35283
bullwaves-98192,98192,2287,35283,"User bullwaves-98192 was moved from affiliate 2287 to  affiliate 35283  With settings : Move media report stats , Apply destination affiliate Revshare settings , Apply destination affiliate CPA Qualification",4/17/2025 10:01:29 AM,cx-akmal,Yes,35283
bullwaves-98244,98244,2287,35283,"User bullwaves-98244 was moved from affiliate 2287 to  affiliate 35283  With settings : Move media report stats , Apply destination affiliate Revshare settings , Apply destination affiliate CPA Qualification",4/17/2025 10:01:29 AM,cx-akmal,Yes,35283
bullwaves-98325,98325,2287,35283,"User bullwaves-98325 was moved from affiliate 2287 to  affiliate 35283  With settings : Move media report stats , Apply destination affiliate Revshare settings , Apply destination affiliate CPA Qualification",4/17/2025 10:01:27 AM,cx-akmal,Yes,35283
bullwaves-98336,98336,2287,35283,"User bullwaves-98336 was moved from affiliate 2287 to  affiliate 35283  With settings : Move media report stats , Apply destination affiliate Revshare settings , Apply destination affiliate CPA Qualification",4/17/2025 10:01:26 AM,cx-akmal,Yes,35283
bullwaves-98587,98587,2287,35283,"User bullwaves-98587 was moved from affiliate 2287 to  affiliate 35283  With settings : Move media report stats , Apply destination affiliate Revshare settings , Apply destination affiliate CPA Qualification",4/17/2025 10:01:26 AM,cx-akmal,Yes,35283
bullwaves-98624,98624,2287,35283,"User bullwaves-98624 was moved from affiliate 2287 to  affiliate 35283  With settings : Move media report stats , Apply destination affiliate Revshare settings , Apply destination affiliate CPA Qualification",4/17/2025 10:01:22 AM,cx-akmal,Yes,35283
bullwaves-98639,98639,2287,35283,"User bullwaves-98639 was moved from affiliate 2287 to  affiliate 35283  With settings : Move media report stats , Apply destination affiliate Revshare settings , Apply destination affiliate CPA Qualification",4/17/2025 10:01:22 AM,cx-akmal,Yes,35283
bullwaves-98661,98661,2287,35283,"User bullwaves-98661 was moved from affiliate 2287 to  affiliate 35283  With settings : Move media report stats , Apply destination affiliate Revshare settings , Apply destination affiliate CPA Qualification",4/17/2025 10:01:21 AM,cx-akmal,Yes,35283
bullwaves-98818,98818,2287,35283,"User bullwaves-98818 was moved from affiliate 2287 to  affiliate 35283  With settings : Move media report stats , Apply destination affiliate Revshare settings , Apply destination affiliate CPA Qualification",4/17/2025 10:01:19 AM,cx-akmal,Yes,35283
bullwaves-98862,98862,2287,35283,"User bullwaves-98862 was moved from affiliate 2287 to  affiliate 35283  With settings : Move media report stats , Apply destination affiliate Revshare settings , Apply destination affiliate CPA Qualification",4/17/2025 10:01:19 AM,cx-akmal,Yes,35283
bullwaves-99037,99037,2287,35283,"User bullwaves-99037 was moved from affiliate 2287 to  affiliate 35283  With settings : Move media report stats , Apply destination affiliate Revshare settings , Apply destination affiliate CPA Qualification",4/17/2025 10:01:18 AM,cx-akmal,Yes,35283
bullwaves-99237,99237,2287,35283,"User bullwaves-99237 was moved from affiliate 2287 to  affiliate 35283  With settings : Move media report stats , Apply destination affiliate Revshare settings , Apply destination affiliate CPA Qualification",4/17/2025 10:01:16 AM,cx-akmal,Yes,35283
bullwaves-99636,99636,2287,35283,"User bullwaves-99636 was moved from affiliate 2287 to  affiliate 35283  With settings : Move media report stats , Apply destination affiliate Revshare settings , Apply destination affiliate CPA Qualification",4/17/2025 10:01:16 AM,cx-akmal,Yes,35283
bullwaves-99887,99887,2287,35283,"User bullwaves-99887 was moved from affiliate 2287 to  affiliate 35283  With settings : Move media report stats , Apply destination affiliate Revshare settings , Apply destination affiliate CPA Qualification",4/17/2025 10:01:15 AM,cx-akmal,Yes,35283
bullwaves-99986,99986,2287,35283,"User bullwaves-99986 was moved from affiliate 2287 to  affiliate 35283  With settings : Move media report stats , Apply destination affiliate Revshare settings , Apply destination affiliate CPA Qualification",4/17/2025 10:01:15 AM,cx-akmal,Yes,35283
bullwaves-99978,99978,2287,35283,"User bullwaves-99978 was moved from affiliate 2287 to  affiliate 35283  With settings : Move media report stats , Apply destination affiliate Revshare settings , Apply destination affiliate CPA Qualification",4/17/2025 10:01:13 AM,cx-akmal,Yes,35283
bullwaves-100053,100053,2287,35283,"User bullwaves-100053 was moved from affiliate 2287 to  affiliate 35283  With settings : Move media report stats , Apply destination affiliate Revshare settings , Apply destination affiliate CPA Qualification",4/17/2025 10:01:12 AM,cx-akmal,Yes,35283
bullwaves-100299,100299,2287,35283,"User bullwaves-100299 was moved from affiliate 2287 to  affiliate 35283  With settings : Move media report stats , Apply destination affiliate Revshare settings , Apply destination affiliate CPA Qualification",4/17/2025 10:01:12 AM,cx-akmal,Yes,35283
bullwaves-100410,100410,2287,35283,"User bullwaves-100410 was moved from affiliate 2287 to  affiliate 35283  With settings : Move media report stats , Apply destination affiliate Revshare settings , Apply destination affiliate CPA Qualification",4/17/2025 10:01:10 AM,cx-akmal,Yes,35283
bullwaves-100496,100496,2287,35283,"User bullwaves-100496 was moved from affiliate 2287 to  affiliate 35283  With settings : Move media report stats , Apply destination affiliate Revshare settings , Apply destination affiliate CPA Qualification",4/17/2025 10:01:09 AM,cx-akmal,Yes,35283
bullwaves-100523,100523,2287,35283,"User bullwaves-100523 was moved from affiliate 2287 to  affiliate 35283  With settings : Move media report stats , Apply destination affiliate Revshare settings , Apply destination affiliate CPA Qualification",4/17/2025 10:01:08 AM,cx-akmal,Yes,35283
bullwaves-100696,100696,2287,35283,"User bullwaves-100696 was moved from affiliate 2287 to  affiliate 35283  With settings : Move media report stats , Apply destination affiliate Revshare settings , Apply destination affiliate CPA Qualification",4/17/2025 10:01:07 AM,cx-akmal,Yes,35283
bullwaves-100907,100907,2287,35283,"User bullwaves-100907 was moved from affiliate 2287 to  affiliate 35283  With settings : Move media report stats , Apply destination affiliate Revshare settings , Apply destination affiliate CPA Qualification",4/17/2025 10:01:06 AM,cx-akmal,Yes,35283
bullwaves-101042,101042,2287,35283,"User bullwaves-101042 was moved from affiliate 2287 to  affiliate 35283  With settings : Move media report stats , Apply destination affiliate Revshare settings , Apply destination affiliate CPA Qualification",4/17/2025 10:01:05 AM,cx-akmal,Yes,35283
bullwaves-101147,101147,2287,35283,"User bullwaves-101147 was moved from affiliate 2287 to  affiliate 35283  With settings : Move media report stats , Apply destination affiliate Revshare settings , Apply destination affiliate CPA Qualification",4/17/2025 10:01:03 AM,cx-akmal,Yes,35283
bullwaves-101189,101189,2287,35283,"User bullwaves-101189 was moved from affiliate 2287 to  affiliate 35283  With settings : Move media report stats , Apply destination affiliate Revshare settings , Apply destination affiliate CPA Qualification",4/17/2025 10:01:02 AM,cx-akmal,Yes,35283
bullwaves-101205,101205,2287,35283,"User bullwaves-101205 was moved from affiliate 2287 to  affiliate 35283  With settings : Move media report stats , Apply destination affiliate Revshare settings , Apply destination affiliate CPA Qualification",4/17/2025 10:01:02 AM,cx-akmal,Yes,35283
bullwaves-101535,101535,2287,35283,"User bullwaves-101535 was moved from affiliate 2287 to  affiliate 35283  With settings : Move media report stats , Apply destination affiliate Revshare settings , Apply destination affiliate CPA Qualification",4/17/2025 10:01:00 AM,cx-akmal,Yes,35283
bullwaves-102006,102006,2287,35283,"User bullwaves-102006 was moved from affiliate 2287 to  affiliate 35283  With settings : Move media report stats , Apply destination affiliate Revshare settings , Apply destination affiliate CPA Qualification",4/17/2025 10:00:59 AM,cx-akmal,Yes,35283
bullwaves-102012,102012,2287,35283,"User bullwaves-102012 was moved from affiliate 2287 to  affiliate 35283  With settings : Move media report stats , Apply destination affiliate Revshare settings , Apply destination affiliate CPA Qualification",4/17/2025 10:00:59 AM,cx-akmal,Yes,35283
bullwaves-102183,102183,2287,35283,"User bullwaves-102183 was moved from affiliate 2287 to  affiliate 35283  With settings : Move media report stats , Apply destination affiliate Revshare settings , Apply destination affiliate CPA Qualification",4/17/2025 10:00:57 AM,cx-akmal,Yes,35283
bullwaves-102397,102397,2287,35283,"User bullwaves-102397 was moved from affiliate 2287 to  affiliate 35283  With settings : Move media report stats , Apply destination affiliate Revshare settings , Apply destination affiliate CPA Qualification",4/17/2025 10:00:56 AM,cx-akmal,Yes,35283
bullwaves-102418,102418,2287,35283,"User bullwaves-102418 was moved from affiliate 2287 to  affiliate 35283  With settings : Move media report stats , Apply destination affiliate Revshare settings , Apply destination affiliate CPA Qualification",4/17/2025 10:00:56 AM,cx-akmal,Yes,35283
bullwaves-102421,102421,2287,35283,"User bullwaves-102421 was moved from affiliate 2287 to  affiliate 35283  With settings : Move media report stats , Apply destination affiliate Revshare settings , Apply destination affiliate CPA Qualification",4/17/2025 10:00:54 AM,cx-akmal,Yes,35283
bullwaves-102429,102429,2287,35283,"User bullwaves-102429 was moved from affiliate 2287 to  affiliate 35283  With settings : Move media report stats , Apply destination affiliate Revshare settings , Apply destination affiliate CPA Qualification",4/17/2025 10:00:53 AM,cx-akmal,Yes,35283
bullwaves-102479,102479,2287,35283,"User bullwaves-102479 was moved from affiliate 2287 to  affiliate 35283  With settings : Move media report stats , Apply destination affiliate Revshare settings , Apply destination affiliate CPA Qualification",4/17/2025 10:00:52 AM,cx-akmal,Yes,35283
bullwaves-102523,102523,2287,35283,"User bullwaves-102523 was moved from affiliate 2287 to  affiliate 35283  With settings : Move media report stats , Apply destination affiliate Revshare settings , Apply destination affiliate CPA Qualification",4/17/2025 10:00:51 AM,cx-akmal,Yes,35283
bullwaves-102655,102655,2287,35283,"User bullwaves-102655 was moved from affiliate 2287 to  affiliate 35283  With settings : Move media report stats , Apply destination affiliate Revshare settings , Apply destination affiliate CPA Qualification",4/17/2025 10:00:50 AM,cx-akmal,Yes,35283
bullwaves-102658,102658,2287,35283,"User bullwaves-102658 was moved from affiliate 2287 to  affiliate 35283  With settings : Move media report stats , Apply destination affiliate Revshare settings , Apply destination affiliate CPA Qualification",4/17/2025 10:00:48 AM,cx-akmal,Yes,35283
bullwaves-102670,102670,2287,35283,"User bullwaves-102670 was moved from affiliate 2287 to  affiliate 35283  With settings : Move media report stats , Apply destination affiliate Revshare settings , Apply destination affiliate CPA Qualification",4/17/2025 10:00:48 AM,cx-akmal,Yes,35283
bullwaves-102775,102775,2287,35283,"User bullwaves-102775 was moved from affiliate 2287 to  affiliate 35283  With settings : Move media report stats , Apply destination affiliate Revshare settings , Apply destination affiliate CPA Qualification",4/17/2025 10:00:47 AM,cx-akmal,Yes,35283
bullwaves-102817,102817,2287,35283,"User bullwaves-102817 was moved from affiliate 2287 to  affiliate 35283  With settings : Move media report stats , Apply destination affiliate Revshare settings , Apply destination affiliate CPA Qualification",4/17/2025 10:00:45 AM,cx-akmal,Yes,35283
bullwaves-102925,102925,2287,35283,"User bullwaves-102925 was moved from affiliate 2287 to  affiliate 35283  With settings : Move media report stats , Apply destination affiliate Revshare settings , Apply destination affiliate CPA Qualification",4/17/2025 10:00:45 AM,cx-akmal,Yes,35283
bullwaves-102951,102951,2287,35283,"User bullwaves-102951 was moved from affiliate 2287 to  affiliate 35283  With settings : Move media report stats , Apply destination affiliate Revshare settings , Apply destination affiliate CPA Qualification",4/17/2025 10:00:44 AM,cx-akmal,Yes,35283
bullwaves-103097,103097,2287,35283,"User bullwaves-103097 was moved from affiliate 2287 to  affiliate 35283  With settings : Move media report stats , Apply destination affiliate Revshare settings , Apply destination affiliate CPA Qualification",4/17/2025 10:00:42 AM,cx-akmal,Yes,35283
bullwaves-103235,103235,2287,35283,"User bullwaves-103235 was moved from affiliate 2287 to  affiliate 35283  With settings : Move media report stats , Apply destination affiliate Revshare settings , Apply destination affiliate CPA Qualification",4/17/2025 10:00:42 AM,cx-akmal,Yes,35283
bullwaves-103389,103389,2287,35283,"User bullwaves-103389 was moved from affiliate 2287 to  affiliate 35283  With settings : Move media report stats , Apply destination affiliate Revshare settings , Apply destination affiliate CPA Qualification",4/17/2025 10:00:41 AM,cx-akmal,Yes,35283
bullwaves-103399,103399,2287,35283,"User bullwaves-103399 was moved from affiliate 2287 to  affiliate 35283  With settings : Move media report stats , Apply destination affiliate Revshare settings , Apply destination affiliate CPA Qualification",4/17/2025 10:00:39 AM,cx-akmal,Yes,35283
bullwaves-103677,103677,2287,35283,"User bullwaves-103677 was moved from affiliate 2287 to  affiliate 35283  With settings : Move media report stats , Apply destination affiliate Revshare settings , Apply destination affiliate CPA Qualification",4/17/2025 10:00:39 AM,cx-akmal,Yes,35283
bullwaves-103693,103693,2287,35283,"User bullwaves-103693 was moved from affiliate 2287 to  affiliate 35283  With settings : Move media report stats , Apply destination affiliate Revshare settings , Apply destination affiliate CPA Qualification",4/17/2025 10:00:38 AM,cx-akmal,Yes,35283
bullwaves-103734,103734,2287,35283,"User bullwaves-103734 was moved from affiliate 2287 to  affiliate 35283  With settings : Move media report stats , Apply destination affiliate Revshare settings , Apply destination affiliate CPA Qualification",4/17/2025 10:00:37 AM,cx-akmal,Yes,35283
bullwaves-103768,103768,2287,35283,"User bullwaves-103768 was moved from affiliate 2287 to  affiliate 35283  With settings : Move media report stats , Apply destination affiliate Revshare settings , Apply destination affiliate CPA Qualification",4/17/2025 10:00:36 AM,cx-akmal,Yes,35283
bullwaves-103838,103838,2287,35283,"User bullwaves-103838 was moved from affiliate 2287 to  affiliate 35283  With settings : Move media report stats , Apply destination affiliate Revshare settings , Apply destination affiliate CPA Qualification",4/17/2025 10:00:35 AM,cx-akmal,Yes,35283
bullwaves-103848,103848,2287,35283,"User bullwaves-103848 was moved from affiliate 2287 to  affiliate 35283  With settings : Move media report stats , Apply destination affiliate Revshare settings , Apply destination affiliate CPA Qualification",4/17/2025 10:00:34 AM,cx-akmal,Yes,35283
bullwaves-103883,103883,2287,35283,"User bullwaves-103883 was moved from affiliate 2287 to  affiliate 35283  With settings : Move media report stats , Apply destination affiliate Revshare settings , Apply destination affiliate CPA Qualification",4/17/2025 10:00:33 AM,cx-akmal,Yes,35283
bullwaves-103996,103996,2287,35283,"User bullwaves-103996 was moved from affiliate 2287 to  affiliate 35283  With settings : Move media report stats , Apply destination affiliate Revshare settings , Apply destination affiliate CPA Qualification",4/17/2025 10:00:32 AM,cx-akmal,Yes,35283
bullwaves-104061,104061,2287,35283,"User bullwaves-104061 was moved from affiliate 2287 to  affiliate 35283  With settings : Move media report stats , Apply destination affiliate Revshare settings , Apply destination affiliate CPA Qualification",4/17/2025 10:00:31 AM,cx-akmal,Yes,35283
bullwaves-104086,104086,2287,35283,"User bullwaves-104086 was moved from affiliate 2287 to  affiliate 35283  With settings : Move media report stats , Apply destination affiliate Revshare settings , Apply destination affiliate CPA Qualification",4/17/2025 10:00:30 AM,cx-akmal,Yes,35283
bullwaves-104115,104115,2287,35283,"User bullwaves-104115 was moved from affiliate 2287 to  affiliate 35283  With settings : Move media report stats , Apply destination affiliate Revshare settings , Apply destination affiliate CPA Qualification",4/17/2025 10:00:30 AM,cx-akmal,Yes,35283
bullwaves-104112,104112,2287,35283,"User bullwaves-104112 was moved from affiliate 2287 to  affiliate 35283  With settings : Move media report stats , Apply destination affiliate Revshare settings , Apply destination affiliate CPA Qualification",4/17/2025 10:00:28 AM,cx-akmal,Yes,35283
bullwaves-104199,104199,2287,35283,"User bullwaves-104199 was moved from affiliate 2287 to  affiliate 35283  With settings : Move media report stats , Apply destination affiliate Revshare settings , Apply destination affiliate CPA Qualification",4/17/2025 10:00:27 AM,cx-akmal,Yes,35283
bullwaves-104239,104239,2287,35283,"User bullwaves-104239 was moved from affiliate 2287 to  affiliate 35283  With settings : Move media report stats , Apply destination affiliate Revshare settings , Apply destination affiliate CPA Qualification",4/17/2025 10:00:27 AM,cx-akmal,Yes,35283
bullwaves-104245,104245,2287,35283,"User bullwaves-104245 was moved from affiliate 2287 to  affiliate 35283  With settings : Move media report stats , Apply destination affiliate Revshare settings , Apply destination affiliate CPA Qualification",4/17/2025 10:00:25 AM,cx-akmal,Yes,35283
bullwaves-104472,104472,2287,35283,"User bullwaves-104472 was moved from affiliate 2287 to  affiliate 35283  With settings : Move media report stats , Apply destination affiliate Revshare settings , Apply destination affiliate CPA Qualification",4/17/2025 10:00:24 AM,cx-akmal,Yes,35283
bullwaves-104475,104475,2287,35283,"User bullwaves-104475 was moved from affiliate 2287 to  affiliate 35283  With settings : Move media report stats , Apply destination affiliate Revshare settings , Apply destination affiliate CPA Qualification",4/17/2025 10:00:24 AM,cx-akmal,Yes,35283
bullwaves-104531,104531,2287,35283,"User bullwaves-104531 was moved from affiliate 2287 to  affiliate 35283  With settings : Move media report stats , Apply destination affiliate Revshare settings , Apply destination affiliate CPA Qualification",4/17/2025 10:00:22 AM,cx-akmal,Yes,35283
bullwaves-104603,104603,2287,35283,"User bullwaves-104603 was moved from affiliate 2287 to  affiliate 35283  With settings : Move media report stats , Apply destination affiliate Revshare settings , Apply destination affiliate CPA Qualification",4/17/2025 10:00:21 AM,cx-akmal,Yes,35283
bullwaves-104677,104677,2287,35283,"User bullwaves-104677 was moved from affiliate 2287 to  affiliate 35283  With settings : Move media report stats , Apply destination affiliate Revshare settings , Apply destination affiliate CPA Qualification",4/17/2025 10:00:20 AM,cx-akmal,Yes,35283
bullwaves-104717,104717,2287,35283,"User bullwaves-104717 was moved from affiliate 2287 to  affiliate 35283  With settings : Move media report stats , Apply destination affiliate Revshare settings , Apply destination affiliate CPA Qualification",4/17/2025 10:00:19 AM,cx-akmal,Yes,35283
bullwaves-104962,104962,2287,35283,"User bullwaves-104962 was moved from affiliate 2287 to  affiliate 35283  With settings : Move media report stats , Apply destination affiliate Revshare settings , Apply destination affiliate CPA Qualification",4/17/2025 10:00:18 AM,cx-akmal,Yes,35283
bullwaves-105091,105091,2287,35283,"User bullwaves-105091 was moved from affiliate 2287 to  affiliate 35283  With settings : Move media report stats , Apply destination affiliate Revshare settings , Apply destination affiliate CPA Qualification",4/17/2025 10:00:17 AM,cx-akmal,Yes,35283
bullwaves-105164,105164,2287,35283,"User bullwaves-105164 was moved from affiliate 2287 to  affiliate 35283  With settings : Move media report stats , Apply destination affiliate Revshare settings , Apply destination affiliate CPA Qualification",4/17/2025 10:00:16 AM,cx-akmal,Yes,35283
bullwaves-105180,105180,2287,35283,"User bullwaves-105180 was moved from affiliate 2287 to  affiliate 35283  With settings : Move media report stats , Apply destination affiliate Revshare settings , Apply destination affiliate CPA Qualification",4/17/2025 10:00:15 AM,cx-akmal,Yes,35283
bullwaves-105281,105281,2287,35283,"User bullwaves-105281 was moved from affiliate 2287 to  affiliate 35283  With settings : Move media report stats , Apply destination affiliate Revshare settings , Apply destination affiliate CPA Qualification",4/17/2025 10:00:14 AM,cx-akmal,Yes,35283
bullwaves-105424,105424,2287,35283,"User bullwaves-105424 was moved from affiliate 2287 to  affiliate 35283  With settings : Move media report stats , Apply destination affiliate Revshare settings , Apply destination affiliate CPA Qualification",4/17/2025 10:00:12 AM,cx-akmal,Yes,35283
bullwaves-105453,105453,2287,35283,"User bullwaves-105453 was moved from affiliate 2287 to  affiliate 35283  With settings : Move media report stats , Apply destination affiliate Revshare settings , Apply destination affiliate CPA Qualification",4/17/2025 10:00:11 AM,cx-akmal,Yes,35283
bullwaves-105461,105461,2287,35283,"User bullwaves-105461 was moved from affiliate 2287 to  affiliate 35283  With settings : Move media report stats , Apply destination affiliate Revshare settings , Apply destination affiliate CPA Qualification",4/17/2025 10:00:10 AM,cx-akmal,Yes,35283
bullwaves-105471,105471,2287,35283,"User bullwaves-105471 was moved from affiliate 2287 to  affiliate 35283  With settings : Move media report stats , Apply destination affiliate Revshare settings , Apply destination affiliate CPA Qualification",4/17/2025 10:00:10 AM,cx-akmal,Yes,35283
bullwaves-105788,105788,2287,35283,"User bullwaves-105788 was moved from affiliate 2287 to  affiliate 35283  With settings : Move media report stats , Apply destination affiliate Revshare settings , Apply destination affiliate CPA Qualification",4/17/2025 10:00:08 AM,cx-akmal,Yes,35283
bullwaves-105790,105790,2287,35283,"User bullwaves-105790 was moved from affiliate 2287 to  affiliate 35283  With settings : Move media report stats , Apply destination affiliate Revshare settings , Apply destination affiliate CPA Qualification",4/17/2025 10:00:07 AM,cx-akmal,Yes,35283
bullwaves-6870,6870,2287,35283,"User bullwaves-6870 was moved from affiliate 2287 to  affiliate 35283  With settings : Move media report stats , Apply destination affiliate Revshare settings , Apply destination affiliate CPA Qualification",4/17/2025 10:00:06 AM,cx-akmal,Yes,35283
bullwaves-3786,3786,2287,35283,"User bullwaves-3786 was moved from affiliate 2287 to  affiliate 35283  With settings : Move media report stats , Apply destination affiliate Revshare settings , Apply destination affiliate CPA Qualification",4/17/2025 10:00:05 AM,cx-akmal,Yes,35283
bullwaves-6336,6336,2287,35283,"User bullwaves-6336 was moved from affiliate 2287 to  affiliate 35283  With settings : Move media report stats , Apply destination affiliate Revshare settings , Apply destination affiliate CPA Qualification",4/17/2025 10:00:03 AM,cx-akmal,Yes,35283
bullwaves-2878,2878,2287,35283,"User bullwaves-2878 was moved from affiliate 2287 to  affiliate 35283  With settings : Move media report stats , Apply destination affiliate Revshare settings , Apply destination affiliate CPA Qualification",4/17/2025 10:00:03 AM,cx-akmal,Yes,35283
bullwaves-3935,3935,2287,35283,"User bullwaves-3935 was moved from affiliate 2287 to  affiliate 35283  With settings : Move media report stats , Apply destination affiliate Revshare settings , Apply destination affiliate CPA Qualification",4/17/2025 10:00:01 AM,cx-akmal,Yes,35283
bullwaves-2189,2189,2287,35283,"User bullwaves-2189 was moved from affiliate 2287 to  affiliate 35283  With settings : Move media report stats , Apply destination affiliate Revshare settings , Apply destination affiliate CPA Qualification",4/17/2025 10:00:00 AM,cx-akmal,Yes,35283
bullwaves-1064,1064,2287,35283,"User bullwaves-1064 was moved from affiliate 2287 to  affiliate 35283  With settings : Move media report stats , Apply destination affiliate Revshare settings , Apply destination affiliate CPA Qualification",4/17/2025 10:00:00 AM,cx-akmal,Yes,35283
bullwaves-1064,1064,2287,35283,"User bullwaves-1064 was moved from affiliate 2287 to  affiliate 35283  With settings : Move media report stats , Apply destination affiliate Revshare settings , Apply destination affiliate CPA Qualification",4/17/2025 9:59:59 AM,cx-akmal,Yes,2287
bullwaves-2255,2255,2287,35283,"User bullwaves-2255 was moved from affiliate 2287 to  affiliate 35283  With settings : Move media report stats , Apply destination affiliate Revshare settings , Apply destination affiliate CPA Qualification",4/17/2025 9:59:58 AM,cx-akmal,Yes,35283
bullwaves-1573,1573,2287,35283,"User bullwaves-1573 was moved from affiliate 2287 to  affiliate 35283  With settings : Move media report stats , Apply destination affiliate Revshare settings , Apply destination affiliate CPA Qualification",4/17/2025 9:59:57 AM,cx-akmal,Yes,35283
bullwaves-2282,2282,2287,35283,"User bullwaves-2282 was moved from affiliate 2287 to  affiliate 35283  With settings : Move media report stats , Apply destination affiliate Revshare settings , Apply destination affiliate CPA Qualification",4/17/2025 9:59:57 AM,cx-akmal,Yes,35283
bullwaves-106181,106181,2287,35283,"User bullwaves-106181 was moved from affiliate 2287 to  affiliate 35283  With settings : Move media report stats , Apply destination affiliate Revshare settings , Apply destination affiliate CPA Qualification",4/17/2025 9:59:55 AM,cx-akmal,Yes,35283
bullwaves-106256,106256,2287,35283,"User bullwaves-106256 was moved from affiliate 2287 to  affiliate 35283  With settings : Move media report stats , Apply destination affiliate Revshare settings , Apply destination affiliate CPA Qualification",4/17/2025 9:59:54 AM,cx-akmal,Yes,35283
bullwaves-106273,106273,2287,35283,"User bullwaves-106273 was moved from affiliate 2287 to  affiliate 35283  With settings : Move media report stats , Apply destination affiliate Revshare settings , Apply destination affiliate CPA Qualification",4/17/2025 9:59:54 AM,cx-akmal,Yes,35283
bullwaves-106309,106309,2287,35283,"User bullwaves-106309 was moved from affiliate 2287 to  affiliate 35283  With settings : Move media report stats , Apply destination affiliate Revshare settings , Apply destination affiliate CPA Qualification",4/17/2025 9:59:52 AM,cx-akmal,Yes,35283
bullwaves-106401,106401,2287,35283,"User bullwaves-106401 was moved from affiliate 2287 to  affiliate 35283  With settings : Move media report stats , Apply destination affiliate Revshare settings , Apply destination affiliate CPA Qualification",4/17/2025 9:59:51 AM,cx-akmal,Yes,35283
bullwaves-106423,106423,2287,35283,"User bullwaves-106423 was moved from affiliate 2287 to  affiliate 35283  With settings : Move media report stats , Apply destination affiliate Revshare settings , Apply destination affiliate CPA Qualification",4/17/2025 9:59:51 AM,cx-akmal,Yes,35283
bullwaves-106447,106447,2287,35283,"User bullwaves-106447 was moved from affiliate 2287 to  affiliate 35283  With settings : Move media report stats , Apply destination affiliate Revshare settings , Apply destination affiliate CPA Qualification",4/17/2025 9:59:49 AM,cx-akmal,Yes,35283
bullwaves-106467,106467,2287,35283,"User bullwaves-106467 was moved from affiliate 2287 to  affiliate 35283  With settings : Move media report stats , Apply destination affiliate Revshare settings , Apply destination affiliate CPA Qualification",4/17/2025 9:59:48 AM,cx-akmal,Yes,35283
bullwaves-106604,106604,2287,35283,"User bullwaves-106604 was moved from affiliate 2287 to  affiliate 35283  With settings : Move media report stats , Apply destination affiliate Revshare settings , Apply destination affiliate CPA Qualification",4/17/2025 9:59:48 AM,cx-akmal,Yes,35283
bullwaves-106616,106616,2287,35283,"User bullwaves-106616 was moved from affiliate 2287 to  affiliate 35283  With settings : Move media report stats , Apply destination affiliate Revshare settings , Apply destination affiliate CPA Qualification",4/17/2025 9:59:47 AM,cx-akmal,Yes,35283
bullwaves-106619,106619,2287,35283,"User bullwaves-106619 was moved from affiliate 2287 to  affiliate 35283  With settings : Move media report stats , Apply destination affiliate Revshare settings , Apply destination affiliate CPA Qualification",4/17/2025 9:59:45 AM,cx-akmal,Yes,35283
bullwaves-106683,106683,2287,35283,"User bullwaves-106683 was moved from affiliate 2287 to  affiliate 35283  With settings : Move media report stats , Apply destination affiliate Revshare settings , Apply destination affiliate CPA Qualification",4/17/2025 9:59:45 AM,cx-akmal,Yes,35283
bullwaves-106878,106878,2287,35283,"User bullwaves-106878 was moved from affiliate 2287 to  affiliate 35283  With settings : Move media report stats , Apply destination affiliate Revshare settings , Apply destination affiliate CPA Qualification",4/17/2025 9:59:43 AM,cx-akmal,Yes,35283
bullwaves-106883,106883,2287,35283,"User bullwaves-106883 was moved from affiliate 2287 to  affiliate 35283  With settings : Move media report stats , Apply destination affiliate Revshare settings , Apply destination affiliate CPA Qualification",4/17/2025 9:59:42 AM,cx-akmal,Yes,35283
bullwaves-106903,106903,2287,35283,"User bullwaves-106903 was moved from affiliate 2287 to  affiliate 35283  With settings : Move media report stats , Apply destination affiliate Revshare settings , Apply destination affiliate CPA Qualification",4/17/2025 9:59:42 AM,cx-akmal,Yes,35283
bullwaves-106971,106971,2287,35283,"User bullwaves-106971 was moved from affiliate 2287 to  affiliate 35283  With settings : Move media report stats , Apply destination affiliate Revshare settings , Apply destination affiliate CPA Qualification",4/17/2025 9:59:40 AM,cx-akmal,Yes,35283
bullwaves-106979,106979,2287,35283,"User bullwaves-106979 was moved from affiliate 2287 to  affiliate 35283  With settings : Move media report stats , Apply destination affiliate Revshare settings , Apply destination affiliate CPA Qualification",4/17/2025 9:59:39 AM,cx-akmal,Yes,35283
bullwaves-107007,107007,2287,35283,"User bullwaves-107007 was moved from affiliate 2287 to  affiliate 35283  With settings : Move media report stats , Apply destination affiliate Revshare settings , Apply destination affiliate CPA Qualification",4/17/2025 9:59:37 AM,cx-akmal,Yes,35283
bullwaves-107085,107085,2287,35283,"User bullwaves-107085 was moved from affiliate 2287 to  affiliate 35283  With settings : Move media report stats , Apply destination affiliate Revshare settings , Apply destination affiliate CPA Qualification",4/17/2025 9:59:37 AM,cx-akmal,Yes,35283
bullwaves-107111,107111,2287,35283,"User bullwaves-107111 was moved from affiliate 2287 to  affiliate 35283  With settings : Move media report stats , Apply destination affiliate Revshare settings , Apply destination affiliate CPA Qualification",4/17/2025 9:59:36 AM,cx-akmal,Yes,35283
bullwaves-107145,107145,2287,35283,"User bullwaves-107145 was moved from affiliate 2287 to  affiliate 35283  With settings : Move media report stats , Apply destination affiliate Revshare settings , Apply destination affiliate CPA Qualification",4/17/2025 9:59:34 AM,cx-akmal,Yes,35283
bullwaves-107185,107185,2287,35283,"User bullwaves-107185 was moved from affiliate 2287 to  affiliate 35283  With settings : Move media report stats , Apply destination affiliate Revshare settings , Apply destination affiliate CPA Qualification",4/17/2025 9:59:34 AM,cx-akmal,Yes,35283
bullwaves-107370,107370,2287,35283,"User bullwaves-107370 was moved from affiliate 2287 to  affiliate 35283  With settings : Move media report stats , Apply destination affiliate Revshare settings , Apply destination affiliate CPA Qualification",4/17/2025 9:59:33 AM,cx-akmal,Yes,35283
bullwaves-107413,107413,2287,35283,"User bullwaves-107413 was moved from affiliate 2287 to  affiliate 35283  With settings : Move media report stats , Apply destination affiliate Revshare settings , Apply destination affiliate CPA Qualification",4/17/2025 9:59:31 AM,cx-akmal,Yes,35283
bullwaves-107518,107518,2287,35283,"User bullwaves-107518 was moved from affiliate 2287 to  affiliate 35283  With settings : Move media report stats , Apply destination affiliate Revshare settings , Apply destination affiliate CPA Qualification",4/17/2025 9:59:30 AM,cx-akmal,Yes,35283
bullwaves-107847,107847,2287,35283,"User bullwaves-107847 was moved from affiliate 2287 to  affiliate 35283  With settings : Move media report stats , Apply destination affiliate Revshare settings , Apply destination affiliate CPA Qualification",4/17/2025 9:59:30 AM,cx-akmal,Yes,35283
bullwaves-107950,107950,2287,35283,"User bullwaves-107950 was moved from affiliate 2287 to  affiliate 35283  With settings : Move media report stats , Apply destination affiliate Revshare settings , Apply destination affiliate CPA Qualification",4/17/2025 9:56:34 AM,cx-akmal,Yes,35283
bullwaves-107942,107942,2287,35283,"User bullwaves-107942 was moved from affiliate 2287 to  affiliate 35283  With settings : Move media report stats , Apply destination affiliate Revshare settings , Apply destination affiliate CPA Qualification",4/17/2025 9:56:33 AM,cx-akmal,Yes,35283
bullwaves-108147,108147,2287,35283,"User bullwaves-108147 was moved from affiliate 2287 to  affiliate 35283  With settings : Move media report stats , Apply destination affiliate Revshare settings , Apply destination affiliate CPA Qualification",4/17/2025 9:56:32 AM,cx-akmal,Yes,35283
bullwaves-108182,108182,2287,35283,"User bullwaves-108182 was moved from affiliate 2287 to  affiliate 35283  With settings : Move media report stats , Apply destination affiliate Revshare settings , Apply destination affiliate CPA Qualification",4/17/2025 9:56:31 AM,cx-akmal,Yes,35283
bullwaves-108230,108230,2287,35283,"User bullwaves-108230 was moved from affiliate 2287 to  affiliate 35283  With settings : Move media report stats , Apply destination affiliate Revshare settings , Apply destination affiliate CPA Qualification",4/17/2025 9:56:30 AM,cx-akmal,Yes,35283
bullwaves-108242,108242,2287,35283,"User bullwaves-108242 was moved from affiliate 2287 to  affiliate 35283  With settings : Move media report stats , Apply destination affiliate Revshare settings , Apply destination affiliate CPA Qualification",4/17/2025 9:56:29 AM,cx-akmal,Yes,35283
bullwaves-108251,108251,2287,35283,"User bullwaves-108251 was moved from affiliate 2287 to  affiliate 35283  With settings : Move media report stats , Apply destination affiliate Revshare settings , Apply destination affiliate CPA Qualification",4/17/2025 9:56:27 AM,cx-akmal,Yes,35283
bullwaves-108254,108254,2287,35283,"User bullwaves-108254 was moved from affiliate 2287 to  affiliate 35283  With settings : Move media report stats , Apply destination affiliate Revshare settings , Apply destination affiliate CPA Qualification",4/17/2025 9:56:27 AM,cx-akmal,Yes,35283
bullwaves-108296,108296,2287,35283,"User bullwaves-108296 was moved from affiliate 2287 to  affiliate 35283  With settings : Move media report stats , Apply destination affiliate Revshare settings , Apply destination affiliate CPA Qualification",4/17/2025 9:56:26 AM,cx-akmal,Yes,35283
bullwaves-108449,108449,2287,35283,"User bullwaves-108449 was moved from affiliate 2287 to  affiliate 35283  With settings : Move media report stats , Apply destination affiliate Revshare settings , Apply destination affiliate CPA Qualification",4/17/2025 9:56:25 AM,cx-akmal,Yes,35283
bullwaves-108521,108521,2287,35283,"User bullwaves-108521 was moved from affiliate 2287 to  affiliate 35283  With settings : Move media report stats , Apply destination affiliate Revshare settings , Apply destination affiliate CPA Qualification",4/17/2025 9:56:24 AM,cx-akmal,Yes,35283
bullwaves-108521,108521,2287,35283,"User bullwaves-108521 was moved from affiliate 2287 to  affiliate 35283  With settings : Move media report stats , Apply destination affiliate Revshare settings , Apply destination affiliate CPA Qualification",4/17/2025 9:56:23 AM,cx-akmal,Yes,2287
bullwaves-108685,108685,2287,35283,"User bullwaves-108685 was moved from affiliate 2287 to  affiliate 35283  With settings : Move media report stats , Apply destination affiliate Revshare settings , Apply destination affiliate CPA Qualification",4/17/2025 9:56:23 AM,cx-akmal,Yes,35283
bullwaves-108735,108735,2287,35283,"User bullwaves-108735 was moved from affiliate 2287 to  affiliate 35283  With settings : Move media report stats , Apply destination affiliate Revshare settings , Apply destination affiliate CPA Qualification",4/17/2025 9:56:22 AM,cx-akmal,Yes,35283
bullwaves-109064,109064,2287,35283,"User bullwaves-109064 was moved from affiliate 2287 to  affiliate 35283  With settings : Move media report stats , Apply destination affiliate Revshare settings , Apply destination affiliate CPA Qualification",4/17/2025 9:56:21 AM,cx-akmal,Yes,35283
bullwaves-109083,109083,2287,35283,"User bullwaves-109083 was moved from affiliate 2287 to  affiliate 35283  With settings : Move media report stats , Apply destination affiliate Revshare settings , Apply destination affiliate CPA Qualification",4/17/2025 9:56:20 AM,cx-akmal,Yes,35283
bullwaves-109140,109140,2287,35283,"User bullwaves-109140 was moved from affiliate 2287 to  affiliate 35283  With settings : Move media report stats , Apply destination affiliate Revshare settings , Apply destination affiliate CPA Qualification",4/17/2025 9:56:19 AM,cx-akmal,Yes,35283
bullwaves-109143,109143,2287,35283,"User bullwaves-109143 was moved from affiliate 2287 to  affiliate 35283  With settings : Move media report stats , Apply destination affiliate Revshare settings , Apply destination affiliate CPA Qualification",4/17/2025 9:56:17 AM,cx-akmal,Yes,35283
bullwaves-109233,109233,2287,35283,"User bullwaves-109233 was moved from affiliate 2287 to  affiliate 35283  With settings : Move media report stats , Apply destination affiliate Revshare settings , Apply destination affiliate CPA Qualification",4/17/2025 9:56:17 AM,cx-akmal,Yes,35283
bullwaves-109249,109249,2287,35283,"User bullwaves-109249 was moved from affiliate 2287 to  affiliate 35283  With settings : Move media report stats , Apply destination affiliate Revshare settings , Apply destination affiliate CPA Qualification",4/17/2025 9:56:16 AM,cx-akmal,Yes,35283
bullwaves-109283,109283,2287,35283,"User bullwaves-109283 was moved from affiliate 2287 to  affiliate 35283  With settings : Move media report stats , Apply destination affiliate Revshare settings , Apply destination affiliate CPA Qualification",4/17/2025 9:56:14 AM,cx-akmal,Yes,35283
bullwaves-109329,109329,2287,35283,"User bullwaves-109329 was moved from affiliate 2287 to  affiliate 35283  With settings : Move media report stats , Apply destination affiliate Revshare settings , Apply destination affiliate CPA Qualification",4/17/2025 9:56:14 AM,cx-akmal,Yes,35283
bullwaves-109336,109336,2287,35283,"User bullwaves-109336 was moved from affiliate 2287 to  affiliate 35283  With settings : Move media report stats , Apply destination affiliate Revshare settings , Apply destination affiliate CPA Qualification",4/17/2025 9:56:13 AM,cx-akmal,Yes,35283
bullwaves-109557,109557,2287,35283,"User bullwaves-109557 was moved from affiliate 2287 to  affiliate 35283  With settings : Move media report stats , Apply destination affiliate Revshare settings , Apply destination affiliate CPA Qualification",4/17/2025 9:56:11 AM,cx-akmal,Yes,35283
bullwaves-110076,110076,2287,35283,"User bullwaves-110076 was moved from affiliate 2287 to  affiliate 35283  With settings : Move media report stats , Apply destination affiliate Revshare settings , Apply destination affiliate CPA Qualification",4/17/2025 9:56:11 AM,cx-akmal,Yes,35283
bullwaves-110092,110092,2287,35283,"User bullwaves-110092 was moved from affiliate 2287 to  affiliate 35283  With settings : Move media report stats , Apply destination affiliate Revshare settings , Apply destination affiliate CPA Qualification",4/17/2025 9:56:10 AM,cx-akmal,Yes,35283
bullwaves-110280,110280,2287,35283,"User bullwaves-110280 was moved from affiliate 2287 to  affiliate 35283  With settings : Move media report stats , Apply destination affiliate Revshare settings , Apply destination affiliate CPA Qualification",4/17/2025 9:56:09 AM,cx-akmal,Yes,35283
bullwaves-110283,110283,2287,35283,"User bullwaves-110283 was moved from affiliate 2287 to  affiliate 35283  With settings : Move media report stats , Apply destination affiliate Revshare settings , Apply destination affiliate CPA Qualification",4/17/2025 9:56:07 AM,cx-akmal,Yes,35283
bullwaves-110943,110943,2287,35283,"User bullwaves-110943 was moved from affiliate 2287 to  affiliate 35283  With settings : Move media report stats , Apply destination affiliate Revshare settings , Apply destination affiliate CPA Qualification",4/17/2025 9:56:07 AM,cx-akmal,Yes,35283
bullwaves-111020,111020,2287,35283,"User bullwaves-111020 was moved from affiliate 2287 to  affiliate 35283  With settings : Move media report stats , Apply destination affiliate Revshare settings , Apply destination affiliate CPA Qualification",4/17/2025 9:56:06 AM,cx-akmal,Yes,35283
bullwaves-111147,111147,2287,35283,"User bullwaves-111147 was moved from affiliate 2287 to  affiliate 35283  With settings : Move media report stats , Apply destination affiliate Revshare settings , Apply destination affiliate CPA Qualification",4/17/2025 9:56:04 AM,cx-akmal,Yes,35283
bullwaves-111217,111217,2287,35283,"User bullwaves-111217 was moved from affiliate 2287 to  affiliate 35283  With settings : Move media report stats , Apply destination affiliate Revshare settings , Apply destination affiliate CPA Qualification",4/17/2025 9:56:03 AM,cx-akmal,Yes,35283
bullwaves-111376,111376,2287,35283,"User bullwaves-111376 was moved from affiliate 2287 to  affiliate 35283  With settings : Move media report stats , Apply destination affiliate Revshare settings , Apply destination affiliate CPA Qualification",4/17/2025 9:56:02 AM,cx-akmal,Yes,35283
bullwaves-111388,111388,2287,35283,"User bullwaves-111388 was moved from affiliate 2287 to  affiliate 35283  With settings : Move media report stats , Apply destination affiliate Revshare settings , Apply destination affiliate CPA Qualification",4/17/2025 9:56:01 AM,cx-akmal,Yes,35283
bullwaves-111444,111444,2287,35283,"User bullwaves-111444 was moved from affiliate 2287 to  affiliate 35283  With settings : Move media report stats , Apply destination affiliate Revshare settings , Apply destination affiliate CPA Qualification",4/17/2025 9:56:00 AM,cx-akmal,Yes,35283
bullwaves-112251,112251,2287,35283,"User bullwaves-112251 was moved from affiliate 2287 to  affiliate 35283  With settings : Move media report stats , Apply destination affiliate Revshare settings , Apply destination affiliate CPA Qualification",4/17/2025 9:55:59 AM,cx-akmal,Yes,35283
bullwaves-112314,112314,2287,35283,"User bullwaves-112314 was moved from affiliate 2287 to  affiliate 35283  With settings : Move media report stats , Apply destination affiliate Revshare settings , Apply destination affiliate CPA Qualification",4/17/2025 9:55:58 AM,cx-akmal,Yes,35283
bullwaves-112314,112314,2287,35283,"User bullwaves-112314 was moved from affiliate 2287 to  affiliate 35283  With settings : Move media report stats , Apply destination affiliate Revshare settings , Apply destination affiliate CPA Qualification",4/17/2025 9:55:57 AM,cx-akmal,Yes,2287
bullwaves-112935,112935,2287,35283,"User bullwaves-112935 was moved from affiliate 2287 to  affiliate 35283  With settings : Move media report stats , Apply destination affiliate Revshare settings , Apply destination affiliate CPA Qualification",4/17/2025 9:55:57 AM,cx-akmal,Yes,35283
bullwaves-112949,112949,2287,35283,"User bullwaves-112949 was moved from affiliate 2287 to  affiliate 35283  With settings : Move media report stats , Apply destination affiliate Revshare settings , Apply destination affiliate CPA Qualification",4/17/2025 9:55:56 AM,cx-akmal,Yes,35283
bullwaves-112983,112983,2287,35283,"User bullwaves-112983 was moved from affiliate 2287 to  affiliate 35283  With settings : Move media report stats , Apply destination affiliate Revshare settings , Apply destination affiliate CPA Qualification",4/17/2025 9:55:55 AM,cx-akmal,Yes,35283
bullwaves-113011,113011,2287,35283,"User bullwaves-113011 was moved from affiliate 2287 to  affiliate 35283  With settings : Move media report stats , Apply destination affiliate Revshare settings , Apply destination affiliate CPA Qualification",4/17/2025 9:55:54 AM,cx-akmal,Yes,35283
bullwaves-113099,113099,2287,35283,"User bullwaves-113099 was moved from affiliate 2287 to  affiliate 35283  With settings : Move media report stats , Apply destination affiliate Revshare settings , Apply destination affiliate CPA Qualification",4/17/2025 9:55:53 AM,cx-akmal,Yes,35283
bullwaves-113107,113107,2287,35283,"User bullwaves-113107 was moved from affiliate 2287 to  affiliate 35283  With settings : Move media report stats , Apply destination affiliate Revshare settings , Apply destination affiliate CPA Qualification",4/17/2025 9:55:51 AM,cx-akmal,Yes,35283
bullwaves-113127,113127,2287,35283,"User bullwaves-113127 was moved from affiliate 2287 to  affiliate 35283  With settings : Move media report stats , Apply destination affiliate Revshare settings , Apply destination affiliate CPA Qualification",4/17/2025 9:55:51 AM,cx-akmal,Yes,35283
bullwaves-113234,113234,2287,35283,"User bullwaves-113234 was moved from affiliate 2287 to  affiliate 35283  With settings : Move media report stats , Apply destination affiliate Revshare settings , Apply destination affiliate CPA Qualification",4/17/2025 9:55:50 AM,cx-akmal,Yes,35283
bullwaves-113356,113356,2287,35283,"User bullwaves-113356 was moved from affiliate 2287 to  affiliate 35283  With settings : Move media report stats , Apply destination affiliate Revshare settings , Apply destination affiliate CPA Qualification",4/17/2025 9:55:48 AM,cx-akmal,Yes,35283
bullwaves-113464,113464,2287,35283,"User bullwaves-113464 was moved from affiliate 2287 to  affiliate 35283  With settings : Move media report stats , Apply destination affiliate Revshare settings , Apply destination affiliate CPA Qualification",4/17/2025 9:55:48 AM,cx-akmal,Yes,35283
bullwaves-113546,113546,2287,35283,"User bullwaves-113546 was moved from affiliate 2287 to  affiliate 35283  With settings : Move media report stats , Apply destination affiliate Revshare settings , Apply destination affiliate CPA Qualification",4/17/2025 9:55:47 AM,cx-akmal,Yes,35283
bullwaves-113780,113780,2287,35283,"User bullwaves-113780 was moved from affiliate 2287 to  affiliate 35283  With settings : Move media report stats , Apply destination affiliate Revshare settings , Apply destination affiliate CPA Qualification",4/17/2025 9:55:45 AM,cx-akmal,Yes,35283
bullwaves-113825,113825,2287,35283,"User bullwaves-113825 was moved from affiliate 2287 to  affiliate 35283  With settings : Move media report stats , Apply destination affiliate Revshare settings , Apply destination affiliate CPA Qualification",4/17/2025 9:55:45 AM,cx-akmal,Yes,35283
bullwaves-113839,113839,2287,35283,"User bullwaves-113839 was moved from affiliate 2287 to  affiliate 35283  With settings : Move media report stats , Apply destination affiliate Revshare settings , Apply destination affiliate CPA Qualification",4/17/2025 9:55:43 AM,cx-akmal,Yes,35283
bullwaves-113909,113909,2287,35283,"User bullwaves-113909 was moved from affiliate 2287 to  affiliate 35283  With settings : Move media report stats , Apply destination affiliate Revshare settings , Apply destination affiliate CPA Qualification",4/17/2025 9:55:42 AM,cx-akmal,Yes,35283
bullwaves-113941,113941,2287,35283,"User bullwaves-113941 was moved from affiliate 2287 to  affiliate 35283  With settings : Move media report stats , Apply destination affiliate Revshare settings , Apply destination affiliate CPA Qualification",4/17/2025 9:55:41 AM,cx-akmal,Yes,35283
bullwaves-114014,114014,2287,35283,"User bullwaves-114014 was moved from affiliate 2287 to  affiliate 35283  With settings : Move media report stats , Apply destination affiliate Revshare settings , Apply destination affiliate CPA Qualification",4/17/2025 9:55:39 AM,cx-akmal,Yes,35283
bullwaves-114109,114109,2287,35283,"User bullwaves-114109 was moved from affiliate 2287 to  affiliate 35283  With settings : Move media report stats , Apply destination affiliate Revshare settings , Apply destination affiliate CPA Qualification",4/17/2025 9:55:39 AM,cx-akmal,Yes,35283
bullwaves-114209,114209,2287,35283,"User bullwaves-114209 was moved from affiliate 2287 to  affiliate 35283  With settings : Move media report stats , Apply destination affiliate Revshare settings , Apply destination affiliate CPA Qualification",4/17/2025 9:55:37 AM,cx-akmal,Yes,35283
bullwaves-114265,114265,2287,35283,"User bullwaves-114265 was moved from affiliate 2287 to  affiliate 35283  With settings : Move media report stats , Apply destination affiliate Revshare settings , Apply destination affiliate CPA Qualification",4/17/2025 9:55:37 AM,cx-akmal,Yes,35283
bullwaves-114285,114285,2287,35283,"User bullwaves-114285 was moved from affiliate 2287 to  affiliate 35283  With settings : Move media report stats , Apply destination affiliate Revshare settings , Apply destination affiliate CPA Qualification",4/17/2025 9:55:36 AM,cx-akmal,Yes,35283
bullwaves-114280,114280,2287,35283,"User bullwaves-114280 was moved from affiliate 2287 to  affiliate 35283  With settings : Move media report stats , Apply destination affiliate Revshare settings , Apply destination affiliate CPA Qualification",4/17/2025 9:55:35 AM,cx-akmal,Yes,35283
bullwaves-114298,114298,2287,35283,"User bullwaves-114298 was moved from affiliate 2287 to  affiliate 35283  With settings : Move media report stats , Apply destination affiliate Revshare settings , Apply destination affiliate CPA Qualification",4/17/2025 9:55:33 AM,cx-akmal,Yes,35283
bullwaves-114309,114309,2287,35283,"User bullwaves-114309 was moved from affiliate 2287 to  affiliate 35283  With settings : Move media report stats , Apply destination affiliate Revshare settings , Apply destination affiliate CPA Qualification",4/17/2025 9:55:33 AM,cx-akmal,Yes,35283
bullwaves-114452,114452,2287,35283,"User bullwaves-114452 was moved from affiliate 2287 to  affiliate 35283  With settings : Move media report stats , Apply destination affiliate Revshare settings , Apply destination affiliate CPA Qualification",4/17/2025 9:55:32 AM,cx-akmal,Yes,35283
bullwaves-114459,114459,2287,35283,"User bullwaves-114459 was moved from affiliate 2287 to  affiliate 35283  With settings : Move media report stats , Apply destination affiliate Revshare settings , Apply destination affiliate CPA Qualification",4/17/2025 9:55:30 AM,cx-akmal,Yes,35283
bullwaves-114668,114668,2287,35283,"User bullwaves-114668 was moved from affiliate 2287 to  affiliate 35283  With settings : Move media report stats , Apply destination affiliate Revshare settings , Apply destination affiliate CPA Qualification",4/17/2025 9:55:30 AM,cx-akmal,Yes,35283
bullwaves-114705,114705,2287,35283,"User bullwaves-114705 was moved from affiliate 2287 to  affiliate 35283  With settings : Move media report stats , Apply destination affiliate Revshare settings , Apply destination affiliate CPA Qualification",4/17/2025 9:55:29 AM,cx-akmal,Yes,35283
bullwaves-114972,114972,2287,35283,"User bullwaves-114972 was moved from affiliate 2287 to  affiliate 35283  With settings : Move media report stats , Apply destination affiliate Revshare settings , Apply destination affiliate CPA Qualification",4/17/2025 9:55:27 AM,cx-akmal,Yes,35283
bullwaves-115095,115095,2287,35283,"User bullwaves-115095 was moved from affiliate 2287 to  affiliate 35283  With settings : Move media report stats , Apply destination affiliate Revshare settings , Apply destination affiliate CPA Qualification",4/17/2025 9:55:26 AM,cx-akmal,Yes,35283
bullwaves-115145,115145,2287,35283,"User bullwaves-115145 was moved from affiliate 2287 to  affiliate 35283  With settings : Move media report stats , Apply destination affiliate Revshare settings , Apply destination affiliate CPA Qualification",4/17/2025 9:55:26 AM,cx-akmal,Yes,35283
bullwaves-115199,115199,2287,35283,"User bullwaves-115199 was moved from affiliate 2287 to  affiliate 35283  With settings : Move media report stats , Apply destination affiliate Revshare settings , Apply destination affiliate CPA Qualification",4/17/2025 9:55:25 AM,cx-akmal,Yes,35283
bullwaves-115267,115267,2287,35283,"User bullwaves-115267 was moved from affiliate 2287 to  affiliate 35283  With settings : Move media report stats , Apply destination affiliate Revshare settings , Apply destination affiliate CPA Qualification",4/17/2025 9:55:23 AM,cx-akmal,Yes,35283
bullwaves-115316,115316,2287,35283,"User bullwaves-115316 was moved from affiliate 2287 to  affiliate 35283  With settings : Move media report stats , Apply destination affiliate Revshare settings , Apply destination affiliate CPA Qualification",4/17/2025 9:55:23 AM,cx-akmal,Yes,35283
bullwaves-115328,115328,2287,35283,"User bullwaves-115328 was moved from affiliate 2287 to  affiliate 35283  With settings : Move media report stats , Apply destination affiliate Revshare settings , Apply destination affiliate CPA Qualification",4/17/2025 9:55:22 AM,cx-akmal,Yes,35283
bullwaves-115354,115354,2287,35283,"User bullwaves-115354 was moved from affiliate 2287 to  affiliate 35283  With settings : Move media report stats , Apply destination affiliate Revshare settings , Apply destination affiliate CPA Qualification",4/17/2025 9:55:20 AM,cx-akmal,Yes,35283
bullwaves-115455,115455,2287,35283,"User bullwaves-115455 was moved from affiliate 2287 to  affiliate 35283  With settings : Move media report stats , Apply destination affiliate Revshare settings , Apply destination affiliate CPA Qualification",4/17/2025 9:55:20 AM,cx-akmal,Yes,35283
bullwaves-115670,115670,2287,35283,"User bullwaves-115670 was moved from affiliate 2287 to  affiliate 35283  With settings : Move media report stats , Apply destination affiliate Revshare settings , Apply destination affiliate CPA Qualification",4/17/2025 9:55:19 AM,cx-akmal,Yes,35283
bullwaves-115658,115658,2287,35283,"User bullwaves-115658 was moved from affiliate 2287 to  affiliate 35283  With settings : Move media report stats , Apply destination affiliate Revshare settings , Apply destination affiliate CPA Qualification",4/17/2025 9:55:17 AM,cx-akmal,Yes,35283
bullwaves-115949,115949,2287,35283,"User bullwaves-115949 was moved from affiliate 2287 to  affiliate 35283  With settings : Move media report stats , Apply destination affiliate Revshare settings , Apply destination affiliate CPA Qualification",4/17/2025 9:55:17 AM,cx-akmal,Yes,35283
bullwaves-116044,116044,2287,35283,"User bullwaves-116044 was moved from affiliate 2287 to  affiliate 35283  With settings : Move media report stats , Apply destination affiliate Revshare settings , Apply destination affiliate CPA Qualification",4/17/2025 9:55:16 AM,cx-akmal,Yes,35283
bullwaves-116063,116063,2287,35283,"User bullwaves-116063 was moved from affiliate 2287 to  affiliate 35283  With settings : Move media report stats , Apply destination affiliate Revshare settings , Apply destination affiliate CPA Qualification",4/17/2025 9:55:14 AM,cx-akmal,Yes,35283
bullwaves-116077,116077,2287,35283,"User bullwaves-116077 was moved from affiliate 2287 to  affiliate 35283  With settings : Move media report stats , Apply destination affiliate Revshare settings , Apply destination affiliate CPA Qualification",4/17/2025 9:55:14 AM,cx-akmal,Yes,35283
bullwaves-116106,116106,2287,35283,"User bullwaves-116106 was moved from affiliate 2287 to  affiliate 35283  With settings : Move media report stats , Apply destination affiliate Revshare settings , Apply destination affiliate CPA Qualification",4/17/2025 9:55:13 AM,cx-akmal,Yes,35283
bullwaves-116133,116133,2287,35283,"User bullwaves-116133 was moved from affiliate 2287 to  affiliate 35283  With settings : Move media report stats , Apply destination affiliate Revshare settings , Apply destination affiliate CPA Qualification",4/17/2025 9:55:11 AM,cx-akmal,Yes,35283
bullwaves-116137,116137,2287,35283,"User bullwaves-116137 was moved from affiliate 2287 to  affiliate 35283  With settings : Move media report stats , Apply destination affiliate Revshare settings , Apply destination affiliate CPA Qualification",4/17/2025 9:55:10 AM,cx-akmal,Yes,35283
bullwaves-116225,116225,2287,35283,"User bullwaves-116225 was moved from affiliate 2287 to  affiliate 35283  With settings : Move media report stats , Apply destination affiliate Revshare settings , Apply destination affiliate CPA Qualification",4/17/2025 9:55:08 AM,cx-akmal,Yes,35283
bullwaves-116318,116318,2287,35283,"User bullwaves-116318 was moved from affiliate 2287 to  affiliate 35283  With settings : Move media report stats , Apply destination affiliate Revshare settings , Apply destination affiliate CPA Qualification",4/17/2025 9:55:08 AM,cx-akmal,Yes,35283
bullwaves-116345,116345,2287,35283,"User bullwaves-116345 was moved from affiliate 2287 to  affiliate 35283  With settings : Move media report stats , Apply destination affiliate Revshare settings , Apply destination affiliate CPA Qualification",4/17/2025 9:55:07 AM,cx-akmal,Yes,35283
bullwaves-116393,116393,2287,35283,"User bullwaves-116393 was moved from affiliate 2287 to  affiliate 35283  With settings : Move media report stats , Apply destination affiliate Revshare settings , Apply destination affiliate CPA Qualification",4/17/2025 9:55:05 AM,cx-akmal,Yes,35283
bullwaves-116455,116455,2287,35283,"User bullwaves-116455 was moved from affiliate 2287 to  affiliate 35283  With settings : Move media report stats , Apply destination affiliate Revshare settings , Apply destination affiliate CPA Qualification",4/17/2025 9:55:04 AM,cx-akmal,Yes,35283
bullwaves-116497,116497,2287,35283,"User bullwaves-116497 was moved from affiliate 2287 to  affiliate 35283  With settings : Move media report stats , Apply destination affiliate Revshare settings , Apply destination affiliate CPA Qualification",4/17/2025 9:55:04 AM,cx-akmal,Yes,35283
bullwaves-116509,116509,2287,35283,"User bullwaves-116509 was moved from affiliate 2287 to  affiliate 35283  With settings : Move media report stats , Apply destination affiliate Revshare settings , Apply destination affiliate CPA Qualification",4/17/2025 9:55:02 AM,cx-akmal,Yes,35283
bullwaves-116781,116781,2287,35283,"User bullwaves-116781 was moved from affiliate 2287 to  affiliate 35283  With settings : Move media report stats , Apply destination affiliate Revshare settings , Apply destination affiliate CPA Qualification",4/17/2025 9:55:01 AM,cx-akmal,Yes,35283
bullwaves-116853,116853,2287,35283,"User bullwaves-116853 was moved from affiliate 2287 to  affiliate 35283  With settings : Move media report stats , Apply destination affiliate Revshare settings , Apply destination affiliate CPA Qualification",4/17/2025 9:55:01 AM,cx-akmal,Yes,35283
bullwaves-116910,116910,2287,35283,"User bullwaves-116910 was moved from affiliate 2287 to  affiliate 35283  With settings : Move media report stats , Apply destination affiliate Revshare settings , Apply destination affiliate CPA Qualification",4/17/2025 9:54:59 AM,cx-akmal,Yes,35283
bullwaves-117035,117035,2287,35283,"User bullwaves-117035 was moved from affiliate 2287 to  affiliate 35283  With settings : Move media report stats , Apply destination affiliate Revshare settings , Apply destination affiliate CPA Qualification",4/17/2025 9:54:58 AM,cx-akmal,Yes,35283
bullwaves-117249,117249,2287,35283,"User bullwaves-117249 was moved from affiliate 2287 to  affiliate 35283  With settings : Move media report stats , Apply destination affiliate Revshare settings , Apply destination affiliate CPA Qualification",4/17/2025 9:54:57 AM,cx-akmal,Yes,35283
bullwaves-117319,117319,2287,35283,"User bullwaves-117319 was moved from affiliate 2287 to  affiliate 35283  With settings : Move media report stats , Apply destination affiliate Revshare settings , Apply destination affiliate CPA Qualification",4/17/2025 9:54:56 AM,cx-akmal,Yes,35283
bullwaves-117323,117323,2287,35283,"User bullwaves-117323 was moved from affiliate 2287 to  affiliate 35283  With settings : Move media report stats , Apply destination affiliate Revshare settings , Apply destination affiliate CPA Qualification",4/17/2025 9:54:55 AM,cx-akmal,Yes,35283
bullwaves-117461,117461,2287,35283,"User bullwaves-117461 was moved from affiliate 2287 to  affiliate 35283  With settings : Move media report stats , Apply destination affiliate Revshare settings , Apply destination affiliate CPA Qualification",4/17/2025 9:54:54 AM,cx-akmal,Yes,35283
bullwaves-117726,117726,2287,35283,"User bullwaves-117726 was moved from affiliate 2287 to  affiliate 35283  With settings : Move media report stats , Apply destination affiliate Revshare settings , Apply destination affiliate CPA Qualification",4/17/2025 9:54:53 AM,cx-akmal,Yes,35283
bullwaves-117920,117920,2287,35283,"User bullwaves-117920 was moved from affiliate 2287 to  affiliate 35283  With settings : Move media report stats , Apply destination affiliate Revshare settings , Apply destination affiliate CPA Qualification",4/17/2025 9:54:52 AM,cx-akmal,Yes,35283
bullwaves-118072,118072,2287,35283,"User bullwaves-118072 was moved from affiliate 2287 to  affiliate 35283  With settings : Move media report stats , Apply destination affiliate Revshare settings , Apply destination affiliate CPA Qualification",4/17/2025 9:54:51 AM,cx-akmal,Yes,35283
bullwaves-118190,118190,2287,35283,"User bullwaves-118190 was moved from affiliate 2287 to  affiliate 35283  With settings : Move media report stats , Apply destination affiliate Revshare settings , Apply destination affiliate CPA Qualification",4/17/2025 9:54:50 AM,cx-akmal,Yes,35283
bullwaves-118242,118242,2287,35283,"User bullwaves-118242 was moved from affiliate 2287 to  affiliate 35283  With settings : Move media report stats , Apply destination affiliate Revshare settings , Apply destination affiliate CPA Qualification",4/17/2025 9:54:49 AM,cx-akmal,Yes,35283
bullwaves-118291,118291,2287,35283,"User bullwaves-118291 was moved from affiliate 2287 to  affiliate 35283  With settings : Move media report stats , Apply destination affiliate Revshare settings , Apply destination affiliate CPA Qualification",4/17/2025 9:54:48 AM,cx-akmal,Yes,35283
bullwaves-118480,118480,2287,35283,"User bullwaves-118480 was moved from affiliate 2287 to  affiliate 35283  With settings : Move media report stats , Apply destination affiliate Revshare settings , Apply destination affiliate CPA Qualification",4/17/2025 9:54:46 AM,cx-akmal,Yes,35283
bullwaves-118515,118515,2287,35283,"User bullwaves-118515 was moved from affiliate 2287 to  affiliate 35283  With settings : Move media report stats , Apply destination affiliate Revshare settings , Apply destination affiliate CPA Qualification",4/17/2025 9:54:46 AM,cx-akmal,Yes,35283
bullwaves-118599,118599,2287,35283,"User bullwaves-118599 was moved from affiliate 2287 to  affiliate 35283  With settings : Move media report stats , Apply destination affiliate Revshare settings , Apply destination affiliate CPA Qualification",4/17/2025 9:54:45 AM,cx-akmal,Yes,35283
bullwaves-118612,118612,2287,35283,"User bullwaves-118612 was moved from affiliate 2287 to  affiliate 35283  With settings : Move media report stats , Apply destination affiliate Revshare settings , Apply destination affiliate CPA Qualification",4/17/2025 9:54:43 AM,cx-akmal,Yes,35283
bullwaves-118620,118620,2287,35283,"User bullwaves-118620 was moved from affiliate 2287 to  affiliate 35283  With settings : Move media report stats , Apply destination affiliate Revshare settings , Apply destination affiliate CPA Qualification",4/17/2025 9:54:42 AM,cx-akmal,Yes,35283
bullwaves-118642,118642,2287,35283,"User bullwaves-118642 was moved from affiliate 2287 to  affiliate 35283  With settings : Move media report stats , Apply destination affiliate Revshare settings , Apply destination affiliate CPA Qualification",4/17/2025 9:54:42 AM,cx-akmal,Yes,35283
bullwaves-118808,118808,2287,35283,"User bullwaves-118808 was moved from affiliate 2287 to  affiliate 35283  With settings : Move media report stats , Apply destination affiliate Revshare settings , Apply destination affiliate CPA Qualification",4/17/2025 9:54:40 AM,cx-akmal,Yes,35283
bullwaves-119004,119004,2287,35283,"User bullwaves-119004 was moved from affiliate 2287 to  affiliate 35283  With settings : Move media report stats , Apply destination affiliate Revshare settings , Apply destination affiliate CPA Qualification",4/17/2025 9:54:39 AM,cx-akmal,Yes,35283
bullwaves-119187,119187,2287,35283,"User bullwaves-119187 was moved from affiliate 2287 to  affiliate 35283  With settings : Move media report stats , Apply destination affiliate Revshare settings , Apply destination affiliate CPA Qualification",4/17/2025 9:54:39 AM,cx-akmal,Yes,35283
bullwaves-119451,119451,2287,35283,"User bullwaves-119451 was moved from affiliate 2287 to  affiliate 35283  With settings : Move media report stats , Apply destination affiliate Revshare settings , Apply destination affiliate CPA Qualification",4/17/2025 9:54:37 AM,cx-akmal,Yes,35283
bullwaves-119640,119640,2287,35283,"User bullwaves-119640 was moved from affiliate 2287 to  affiliate 35283  With settings : Move media report stats , Apply destination affiliate Revshare settings , Apply destination affiliate CPA Qualification",4/17/2025 9:54:36 AM,cx-akmal,Yes,35283
bullwaves-119656,119656,2287,35283,"User bullwaves-119656 was moved from affiliate 2287 to  affiliate 35283  With settings : Move media report stats , Apply destination affiliate Revshare settings , Apply destination affiliate CPA Qualification",4/17/2025 9:54:36 AM,cx-akmal,Yes,35283
bullwaves-119674,119674,2287,35283,"User bullwaves-119674 was moved from affiliate 2287 to  affiliate 35283  With settings : Move media report stats , Apply destination affiliate Revshare settings , Apply destination affiliate CPA Qualification",4/17/2025 9:54:34 AM,cx-akmal,Yes,35283
bullwaves-119756,119756,2287,35283,"User bullwaves-119756 was moved from affiliate 2287 to  affiliate 35283  With settings : Move media report stats , Apply destination affiliate Revshare settings , Apply destination affiliate CPA Qualification",4/17/2025 9:54:33 AM,cx-akmal,Yes,35283
bullwaves-119781,119781,2287,35283,"User bullwaves-119781 was moved from affiliate 2287 to  affiliate 35283  With settings : Move media report stats , Apply destination affiliate Revshare settings , Apply destination affiliate CPA Qualification",4/17/2025 9:54:33 AM,cx-akmal,Yes,35283
bullwaves-119887,119887,2287,35283,"User bullwaves-119887 was moved from affiliate 2287 to  affiliate 35283  With settings : Move media report stats , Apply destination affiliate Revshare settings , Apply destination affiliate CPA Qualification",4/17/2025 9:54:31 AM,cx-akmal,Yes,35283
bullwaves-119928,119928,2287,35283,"User bullwaves-119928 was moved from affiliate 2287 to  affiliate 35283  With settings : Move media report stats , Apply destination affiliate Revshare settings , Apply destination affiliate CPA Qualification",4/17/2025 9:54:30 AM,cx-akmal,Yes,35283
bullwaves-119934,119934,2287,35283,"User bullwaves-119934 was moved from affiliate 2287 to  affiliate 35283  With settings : Move media report stats , Apply destination affiliate Revshare settings , Apply destination affiliate CPA Qualification",4/17/2025 9:54:30 AM,cx-akmal,Yes,35283
bullwaves-119961,119961,2287,35283,"User bullwaves-119961 was moved from affiliate 2287 to  affiliate 35283  With settings : Move media report stats , Apply destination affiliate Revshare settings , Apply destination affiliate CPA Qualification",4/17/2025 9:54:28 AM,cx-akmal,Yes,35283
bullwaves-120042,120042,2287,35283,"User bullwaves-120042 was moved from affiliate 2287 to  affiliate 35283  With settings : Move media report stats , Apply destination affiliate Revshare settings , Apply destination affiliate CPA Qualification",4/17/2025 9:54:27 AM,cx-akmal,Yes,35283
bullwaves-120205,120205,2287,35283,"User bullwaves-120205 was moved from affiliate 2287 to  affiliate 35283  With settings : Move media report stats , Apply destination affiliate Revshare settings , Apply destination affiliate CPA Qualification",4/17/2025 9:54:27 AM,cx-akmal,Yes,35283
bullwaves-120311,120311,2287,35283,"User bullwaves-120311 was moved from affiliate 2287 to  affiliate 35283  With settings : Move media report stats , Apply destination affiliate Revshare settings , Apply destination affiliate CPA Qualification",4/17/2025 9:54:25 AM,cx-akmal,Yes,35283
bullwaves-120410,120410,2287,35283,"User bullwaves-120410 was moved from affiliate 2287 to  affiliate 35283  With settings : Move media report stats , Apply destination affiliate Revshare settings , Apply destination affiliate CPA Qualification",4/17/2025 9:54:24 AM,cx-akmal,Yes,35283
bullwaves-120471,120471,2287,35283,"User bullwaves-120471 was moved from affiliate 2287 to  affiliate 35283  With settings : Move media report stats , Apply destination affiliate Revshare settings , Apply destination affiliate CPA Qualification",4/17/2025 9:54:24 AM,cx-akmal,Yes,35283
bullwaves-120526,120526,2287,35283,"User bullwaves-120526 was moved from affiliate 2287 to  affiliate 35283  With settings : Move media report stats , Apply destination affiliate Revshare settings , Apply destination affiliate CPA Qualification",4/17/2025 9:54:22 AM,cx-akmal,Yes,35283
bullwaves-120666,120666,2287,35283,"User bullwaves-120666 was moved from affiliate 2287 to  affiliate 35283  With settings : Move media report stats , Apply destination affiliate Revshare settings , Apply destination affiliate CPA Qualification",4/17/2025 9:54:21 AM,cx-akmal,Yes,35283
bullwaves-120968,120968,2287,35283,"User bullwaves-120968 was moved from affiliate 2287 to  affiliate 35283  With settings : Move media report stats , Apply destination affiliate Revshare settings , Apply destination affiliate CPA Qualification",4/17/2025 9:54:21 AM,cx-akmal,Yes,35283
bullwaves-121022,121022,2287,35283,"User bullwaves-121022 was moved from affiliate 2287 to  affiliate 35283  With settings : Move media report stats , Apply destination affiliate Revshare settings , Apply destination affiliate CPA Qualification",4/17/2025 9:54:19 AM,cx-akmal,Yes,35283
bullwaves-121081,121081,2287,35283,"User bullwaves-121081 was moved from affiliate 2287 to  affiliate 35283  With settings : Move media report stats , Apply destination affiliate Revshare settings , Apply destination affiliate CPA Qualification",4/17/2025 9:54:18 AM,cx-akmal,Yes,35283
bullwaves-121118,121118,2287,35283,"User bullwaves-121118 was moved from affiliate 2287 to  affiliate 35283  With settings : Move media report stats , Apply destination affiliate Revshare settings , Apply destination affiliate CPA Qualification",4/17/2025 9:54:17 AM,cx-akmal,Yes,35283
bullwaves-121131,121131,2287,35283,"User bullwaves-121131 was moved from affiliate 2287 to  affiliate 35283  With settings : Move media report stats , Apply destination affiliate Revshare settings , Apply destination affiliate CPA Qualification",4/17/2025 9:54:15 AM,cx-akmal,Yes,35283
bullwaves-121142,121142,2287,35283,"User bullwaves-121142 was moved from affiliate 2287 to  affiliate 35283  With settings : Move media report stats , Apply destination affiliate Revshare settings , Apply destination affiliate CPA Qualification",4/17/2025 9:54:15 AM,cx-akmal,Yes,35283
bullwaves-121219,121219,2287,35283,"User bullwaves-121219 was moved from affiliate 2287 to  affiliate 35283  With settings : Move media report stats , Apply destination affiliate Revshare settings , Apply destination affiliate CPA Qualification",4/17/2025 9:54:13 AM,cx-akmal,Yes,35283
bullwaves-121323,121323,2287,35283,"User bullwaves-121323 was moved from affiliate 2287 to  affiliate 35283  With settings : Move media report stats , Apply destination affiliate Revshare settings , Apply destination affiliate CPA Qualification",4/17/2025 9:54:12 AM,cx-akmal,Yes,35283
bullwaves-121437,121437,2287,35283,"User bullwaves-121437 was moved from affiliate 2287 to  affiliate 35283  With settings : Move media report stats , Apply destination affiliate Revshare settings , Apply destination affiliate CPA Qualification",4/17/2025 9:54:12 AM,cx-akmal,Yes,35283
bullwaves-121516,121516,2287,35283,"User bullwaves-121516 was moved from affiliate 2287 to  affiliate 35283  With settings : Move media report stats , Apply destination affiliate Revshare settings , Apply destination affiliate CPA Qualification",4/17/2025 9:54:10 AM,cx-akmal,Yes,35283
bullwaves-121729,121729,2287,35283,"User bullwaves-121729 was moved from affiliate 2287 to  affiliate 35283  With settings : Move media report stats , Apply destination affiliate Revshare settings , Apply destination affiliate CPA Qualification",4/17/2025 9:54:09 AM,cx-akmal,Yes,35283
bullwaves-121733,121733,2287,35283,"User bullwaves-121733 was moved from affiliate 2287 to  affiliate 35283  With settings : Move media report stats , Apply destination affiliate Revshare settings , Apply destination affiliate CPA Qualification",4/17/2025 9:54:09 AM,cx-akmal,Yes,35283
bullwaves-121733,121733,2287,35283,"User bullwaves-121733 was moved from affiliate 2287 to  affiliate 35283  With settings : Move media report stats , Apply destination affiliate Revshare settings , Apply destination affiliate CPA Qualification",4/17/2025 9:54:08 AM,cx-akmal,Yes,2287
bullwaves-121834,121834,2287,35283,"User bullwaves-121834 was moved from affiliate 2287 to  affiliate 35283  With settings : Move media report stats , Apply destination affiliate Revshare settings , Apply destination affiliate CPA Qualification",4/17/2025 9:54:07 AM,cx-akmal,Yes,35283
bullwaves-121892,121892,2287,35283,"User bullwaves-121892 was moved from affiliate 2287 to  affiliate 35283  With settings : Move media report stats , Apply destination affiliate Revshare settings , Apply destination affiliate CPA Qualification",4/17/2025 9:54:06 AM,cx-akmal,Yes,35283
bullwaves-121925,121925,2287,35283,"User bullwaves-121925 was moved from affiliate 2287 to  affiliate 35283  With settings : Move media report stats , Apply destination affiliate Revshare settings , Apply destination affiliate CPA Qualification",4/17/2025 9:54:05 AM,cx-akmal,Yes,35283
bullwaves-121970,121970,2287,35283,"User bullwaves-121970 was moved from affiliate 2287 to  affiliate 35283  With settings : Move media report stats , Apply destination affiliate Revshare settings , Apply destination affiliate CPA Qualification",4/17/2025 9:54:03 AM,cx-akmal,Yes,35283
bullwaves-121981,121981,2287,35283,"User bullwaves-121981 was moved from affiliate 2287 to  affiliate 35283  With settings : Move media report stats , Apply destination affiliate Revshare settings , Apply destination affiliate CPA Qualification",4/17/2025 9:54:03 AM,cx-akmal,Yes,35283
bullwaves-121988,121988,2287,35283,"User bullwaves-121988 was moved from affiliate 2287 to  affiliate 35283  With settings : Move media report stats , Apply destination affiliate Revshare settings , Apply destination affiliate CPA Qualification",4/17/2025 9:54:02 AM,cx-akmal,Yes,35283
bullwaves-121991,121991,2287,35283,"User bullwaves-121991 was moved from affiliate 2287 to  affiliate 35283  With settings : Move media report stats , Apply destination affiliate Revshare settings , Apply destination affiliate CPA Qualification",4/17/2025 9:54:01 AM,cx-akmal,Yes,35283
bullwaves-122017,122017,2287,35283,"User bullwaves-122017 was moved from affiliate 2287 to  affiliate 35283  With settings : Move media report stats , Apply destination affiliate Revshare settings , Apply destination affiliate CPA Qualification",4/17/2025 9:53:59 AM,cx-akmal,Yes,35283
bullwaves-122042,122042,2287,35283,"User bullwaves-122042 was moved from affiliate 2287 to  affiliate 35283  With settings : Move media report stats , Apply destination affiliate Revshare settings , Apply destination affiliate CPA Qualification",4/17/2025 9:53:59 AM,cx-akmal,Yes,35283
bullwaves-122781,122781,2287,35283,"User bullwaves-122781 was moved from affiliate 2287 to  affiliate 35283  With settings : Move media report stats , Apply destination affiliate Revshare settings , Apply destination affiliate CPA Qualification",4/17/2025 9:53:58 AM,cx-akmal,Yes,35283
bullwaves-122877,122877,2287,35283,"User bullwaves-122877 was moved from affiliate 2287 to  affiliate 35283  With settings : Move media report stats , Apply destination affiliate Revshare settings , Apply destination affiliate CPA Qualification",4/17/2025 9:53:56 AM,cx-akmal,Yes,35283
bullwaves-123108,123108,2287,35283,"User bullwaves-123108 was moved from affiliate 2287 to  affiliate 35283  With settings : Move media report stats , Apply destination affiliate Revshare settings , Apply destination affiliate CPA Qualification",4/17/2025 9:53:55 AM,cx-akmal,Yes,35283
bullwaves-123126,123126,2287,35283,"User bullwaves-123126 was moved from affiliate 2287 to  affiliate 35283  With settings : Move media report stats , Apply destination affiliate Revshare settings , Apply destination affiliate CPA Qualification",4/17/2025 9:53:53 AM,cx-akmal,Yes,35283
bullwaves-123314,123314,2287,35283,"User bullwaves-123314 was moved from affiliate 2287 to  affiliate 35283  With settings : Move media report stats , Apply destination affiliate Revshare settings , Apply destination affiliate CPA Qualification",4/17/2025 9:53:53 AM,cx-akmal,Yes,35283
bullwaves-123311,123311,2287,35283,"User bullwaves-123311 was moved from affiliate 2287 to  affiliate 35283  With settings : Move media report stats , Apply destination affiliate Revshare settings , Apply destination affiliate CPA Qualification",4/17/2025 9:53:52 AM,cx-akmal,Yes,35283
bullwaves-123336,123336,2287,35283,"User bullwaves-123336 was moved from affiliate 2287 to  affiliate 35283  With settings : Move media report stats , Apply destination affiliate Revshare settings , Apply destination affiliate CPA Qualification",4/17/2025 9:53:51 AM,cx-akmal,Yes,35283
bullwaves-123473,123473,2287,35283,"User bullwaves-123473 was moved from affiliate 2287 to  affiliate 35283  With settings : Move media report stats , Apply destination affiliate Revshare settings , Apply destination affiliate CPA Qualification",4/17/2025 9:53:50 AM,cx-akmal,Yes,35283
bullwaves-123536,123536,2287,35283,"User bullwaves-123536 was moved from affiliate 2287 to  affiliate 35283  With settings : Move media report stats , Apply destination affiliate Revshare settings , Apply destination affiliate CPA Qualification",4/17/2025 9:53:49 AM,cx-akmal,Yes,35283
bullwaves-123876,123876,2287,35283,"User bullwaves-123876 was moved from affiliate 2287 to  affiliate 35283  With settings : Move media report stats , Apply destination affiliate Revshare settings , Apply destination affiliate CPA Qualification",4/17/2025 9:53:48 AM,cx-akmal,Yes,35283
bullwaves-124062,124062,2287,35283,"User bullwaves-124062 was moved from affiliate 2287 to  affiliate 35283  With settings : Move media report stats , Apply destination affiliate Revshare settings , Apply destination affiliate CPA Qualification",4/17/2025 9:53:47 AM,cx-akmal,Yes,35283
bullwaves-124191,124191,2287,35283,"User bullwaves-124191 was moved from affiliate 2287 to  affiliate 35283  With settings : Move media report stats , Apply destination affiliate Revshare settings , Apply destination affiliate CPA Qualification",4/17/2025 9:53:46 AM,cx-akmal,Yes,35283
bullwaves-124406,124406,2287,35283,"User bullwaves-124406 was moved from affiliate 2287 to  affiliate 35283  With settings : Move media report stats , Apply destination affiliate Revshare settings , Apply destination affiliate CPA Qualification",4/17/2025 9:53:45 AM,cx-akmal,Yes,35283
bullwaves-124494,124494,2287,35283,"User bullwaves-124494 was moved from affiliate 2287 to  affiliate 35283  With settings : Move media report stats , Apply destination affiliate Revshare settings , Apply destination affiliate CPA Qualification",4/17/2025 9:53:44 AM,cx-akmal,Yes,35283
bullwaves-124519,124519,2287,35283,"User bullwaves-124519 was moved from affiliate 2287 to  affiliate 35283  With settings : Move media report stats , Apply destination affiliate Revshare settings , Apply destination affiliate CPA Qualification",4/17/2025 9:53:43 AM,cx-akmal,Yes,35283
bullwaves-124561,124561,2287,35283,"User bullwaves-124561 was moved from affiliate 2287 to  affiliate 35283  With settings : Move media report stats , Apply destination affiliate Revshare settings , Apply destination affiliate CPA Qualification",4/17/2025 9:53:42 AM,cx-akmal,Yes,35283
bullwaves-124643,124643,2287,35283,"User bullwaves-124643 was moved from affiliate 2287 to  affiliate 35283  With settings : Move media report stats , Apply destination affiliate Revshare settings , Apply destination affiliate CPA Qualification",4/17/2025 9:53:41 AM,cx-akmal,Yes,35283
bullwaves-124815,124815,2287,35283,"User bullwaves-124815 was moved from affiliate 2287 to  affiliate 35283  With settings : Move media report stats , Apply destination affiliate Revshare settings , Apply destination affiliate CPA Qualification",4/17/2025 9:53:40 AM,cx-akmal,Yes,35283
bullwaves-124812,124812,2287,35283,"User bullwaves-124812 was moved from affiliate 2287 to  affiliate 35283  With settings : Move media report stats , Apply destination affiliate Revshare settings , Apply destination affiliate CPA Qualification",4/17/2025 9:53:39 AM,cx-akmal,Yes,35283
bullwaves-124862,124862,2287,35283,"User bullwaves-124862 was moved from affiliate 2287 to  affiliate 35283  With settings : Move media report stats , Apply destination affiliate Revshare settings , Apply destination affiliate CPA Qualification",4/17/2025 9:53:38 AM,cx-akmal,Yes,35283
bullwaves-124890,124890,2287,35283,"User bullwaves-124890 was moved from affiliate 2287 to  affiliate 35283  With settings : Move media report stats , Apply destination affiliate Revshare settings , Apply destination affiliate CPA Qualification",4/17/2025 9:53:37 AM,cx-akmal,Yes,35283
bullwaves-124912,124912,2287,35283,"User bullwaves-124912 was moved from affiliate 2287 to  affiliate 35283  With settings : Move media report stats , Apply destination affiliate Revshare settings , Apply destination affiliate CPA Qualification",4/17/2025 9:53:36 AM,cx-akmal,Yes,35283
bullwaves-124932,124932,2287,35283,"User bullwaves-124932 was moved from affiliate 2287 to  affiliate 35283  With settings : Move media report stats , Apply destination affiliate Revshare settings , Apply destination affiliate CPA Qualification",4/17/2025 9:53:35 AM,cx-akmal,Yes,35283
bullwaves-124928,124928,2287,35283,"User bullwaves-124928 was moved from affiliate 2287 to  affiliate 35283  With settings : Move media report stats , Apply destination affiliate Revshare settings , Apply destination affiliate CPA Qualification",4/17/2025 9:53:34 AM,cx-akmal,Yes,35283
bullwaves-124965,124965,2287,35283,"User bullwaves-124965 was moved from affiliate 2287 to  affiliate 35283  With settings : Move media report stats , Apply destination affiliate Revshare settings , Apply destination affiliate CPA Qualification",4/17/2025 9:53:33 AM,cx-akmal,Yes,35283
bullwaves-125071,125071,2287,35283,"User bullwaves-125071 was moved from affiliate 2287 to  affiliate 35283  With settings : Move media report stats , Apply destination affiliate Revshare settings , Apply destination affiliate CPA Qualification",4/17/2025 9:53:32 AM,cx-akmal,Yes,35283
bullwaves-125447,125447,2287,35283,"User bullwaves-125447 was moved from affiliate 2287 to  affiliate 35283  With settings : Move media report stats , Apply destination affiliate Revshare settings , Apply destination affiliate CPA Qualification",4/17/2025 9:53:31 AM,cx-akmal,Yes,35283
bullwaves-125622,125622,2287,35283,"User bullwaves-125622 was moved from affiliate 2287 to  affiliate 35283  With settings : Move media report stats , Apply destination affiliate Revshare settings , Apply destination affiliate CPA Qualification",4/17/2025 9:53:31 AM,cx-akmal,Yes,35283
bullwaves-125646,125646,2287,35283,"User bullwaves-125646 was moved from affiliate 2287 to  affiliate 35283  With settings : Move media report stats , Apply destination affiliate Revshare settings , Apply destination affiliate CPA Qualification",4/17/2025 9:53:29 AM,cx-akmal,Yes,35283
bullwaves-125798,125798,2287,35283,"User bullwaves-125798 was moved from affiliate 2287 to  affiliate 35283  With settings : Move media report stats , Apply destination affiliate Revshare settings , Apply destination affiliate CPA Qualification",4/17/2025 9:53:28 AM,cx-akmal,Yes,35283
bullwaves-125918,125918,2287,35283,"User bullwaves-125918 was moved from affiliate 2287 to  affiliate 35283  With settings : Move media report stats , Apply destination affiliate Revshare settings , Apply destination affiliate CPA Qualification",4/17/2025 9:53:28 AM,cx-akmal,Yes,35283
bullwaves-125944,125944,2287,35283,"User bullwaves-125944 was moved from affiliate 2287 to  affiliate 35283  With settings : Move media report stats , Apply destination affiliate Revshare settings , Apply destination affiliate CPA Qualification",4/17/2025 9:53:26 AM,cx-akmal,Yes,35283
bullwaves-126038,126038,2287,35283,"User bullwaves-126038 was moved from affiliate 2287 to  affiliate 35283  With settings : Move media report stats , Apply destination affiliate Revshare settings , Apply destination affiliate CPA Qualification",4/17/2025 9:53:25 AM,cx-akmal,Yes,35283
bullwaves-126050,126050,2287,35283,"User bullwaves-126050 was moved from affiliate 2287 to  affiliate 35283  With settings : Move media report stats , Apply destination affiliate Revshare settings , Apply destination affiliate CPA Qualification",4/17/2025 9:53:25 AM,cx-akmal,Yes,35283
bullwaves-126230,126230,2287,35283,"User bullwaves-126230 was moved from affiliate 2287 to  affiliate 35283  With settings : Move media report stats , Apply destination affiliate Revshare settings , Apply destination affiliate CPA Qualification",4/17/2025 9:53:23 AM,cx-akmal,Yes,35283
bullwaves-126346,126346,2287,35283,"User bullwaves-126346 was moved from affiliate 2287 to  affiliate 35283  With settings : Move media report stats , Apply destination affiliate Revshare settings , Apply destination affiliate CPA Qualification",4/17/2025 9:53:22 AM,cx-akmal,Yes,35283
bullwaves-126442,126442,2287,35283,"User bullwaves-126442 was moved from affiliate 2287 to  affiliate 35283  With settings : Move media report stats , Apply destination affiliate Revshare settings , Apply destination affiliate CPA Qualification",4/17/2025 9:53:21 AM,cx-akmal,Yes,35283
bullwaves-126554,126554,2287,35283,"User bullwaves-126554 was moved from affiliate 2287 to  affiliate 35283  With settings : Move media report stats , Apply destination affiliate Revshare settings , Apply destination affiliate CPA Qualification",4/17/2025 9:53:19 AM,cx-akmal,Yes,35283
bullwaves-126557,126557,2287,35283,"User bullwaves-126557 was moved from affiliate 2287 to  affiliate 35283  With settings : Move media report stats , Apply destination affiliate Revshare settings , Apply destination affiliate CPA Qualification",4/17/2025 9:53:18 AM,cx-akmal,Yes,35283
bullwaves-126740,126740,2287,35283,"User bullwaves-126740 was moved from affiliate 2287 to  affiliate 35283  With settings : Move media report stats , Apply destination affiliate Revshare settings , Apply destination affiliate CPA Qualification",4/17/2025 9:53:17 AM,cx-akmal,Yes,35283
bullwaves-126808,126808,2287,35283,"User bullwaves-126808 was moved from affiliate 2287 to  affiliate 35283  With settings : Move media report stats , Apply destination affiliate Revshare settings , Apply destination affiliate CPA Qualification",4/17/2025 9:53:16 AM,cx-akmal,Yes,35283
bullwaves-127238,127238,2287,35283,"User bullwaves-127238 was moved from affiliate 2287 to  affiliate 35283  With settings : Move media report stats , Apply destination affiliate Revshare settings , Apply destination affiliate CPA Qualification",4/17/2025 9:53:15 AM,cx-akmal,Yes,35283
bullwaves-127292,127292,2287,35283,"User bullwaves-127292 was moved from affiliate 2287 to  affiliate 35283  With settings : Move media report stats , Apply destination affiliate Revshare settings , Apply destination affiliate CPA Qualification",4/17/2025 9:53:14 AM,cx-akmal,Yes,35283
bullwaves-127305,127305,2287,35283,"User bullwaves-127305 was moved from affiliate 2287 to  affiliate 35283  With settings : Move media report stats , Apply destination affiliate Revshare settings , Apply destination affiliate CPA Qualification",4/17/2025 9:53:13 AM,cx-akmal,Yes,35283
bullwaves-127382,127382,2287,35283,"User bullwaves-127382 was moved from affiliate 2287 to  affiliate 35283  With settings : Move media report stats , Apply destination affiliate Revshare settings , Apply destination affiliate CPA Qualification",4/17/2025 9:53:11 AM,cx-akmal,Yes,35283
bullwaves-127378,127378,2287,35283,"User bullwaves-127378 was moved from affiliate 2287 to  affiliate 35283  With settings : Move media report stats , Apply destination affiliate Revshare settings , Apply destination affiliate CPA Qualification",4/17/2025 9:53:11 AM,cx-akmal,Yes,35283
bullwaves-127407,127407,2287,35283,"User bullwaves-127407 was moved from affiliate 2287 to  affiliate 35283  With settings : Move media report stats , Apply destination affiliate Revshare settings , Apply destination affiliate CPA Qualification",4/17/2025 9:53:09 AM,cx-akmal,Yes,35283
bullwaves-127474,127474,2287,35283,"User bullwaves-127474 was moved from affiliate 2287 to  affiliate 35283  With settings : Move media report stats , Apply destination affiliate Revshare settings , Apply destination affiliate CPA Qualification",4/17/2025 9:53:08 AM,cx-akmal,Yes,35283
bullwaves-127523,127523,2287,35283,"User bullwaves-127523 was moved from affiliate 2287 to  affiliate 35283  With settings : Move media report stats , Apply destination affiliate Revshare settings , Apply destination affiliate CPA Qualification",4/17/2025 9:53:07 AM,cx-akmal,Yes,35283
bullwaves-127614,127614,2287,35283,"User bullwaves-127614 was moved from affiliate 2287 to  affiliate 35283  With settings : Move media report stats , Apply destination affiliate Revshare settings , Apply destination affiliate CPA Qualification",4/17/2025 9:53:04 AM,cx-akmal,Yes,35283
bullwaves-127618,127618,2287,35283,"User bullwaves-127618 was moved from affiliate 2287 to  affiliate 35283  With settings : Move media report stats , Apply destination affiliate Revshare settings , Apply destination affiliate CPA Qualification",4/17/2025 9:53:04 AM,cx-akmal,Yes,35283
bullwaves-127666,127666,2287,35283,"User bullwaves-127666 was moved from affiliate 2287 to  affiliate 35283  With settings : Move media report stats , Apply destination affiliate Revshare settings , Apply destination affiliate CPA Qualification",4/17/2025 9:53:03 AM,cx-akmal,Yes,35283
bullwaves-127727,127727,2287,35283,"User bullwaves-127727 was moved from affiliate 2287 to  affiliate 35283  With settings : Move media report stats , Apply destination affiliate Revshare settings , Apply destination affiliate CPA Qualification",4/17/2025 9:53:03 AM,cx-akmal,Yes,35283
bullwaves-127743,127743,2287,35283,"User bullwaves-127743 was moved from affiliate 2287 to  affiliate 35283  With settings : Move media report stats , Apply destination affiliate Revshare settings , Apply destination affiliate CPA Qualification",4/17/2025 9:53:01 AM,cx-akmal,Yes,35283
bullwaves-127899,127899,2287,35283,"User bullwaves-127899 was moved from affiliate 2287 to  affiliate 35283  With settings : Move media report stats , Apply destination affiliate Revshare settings , Apply destination affiliate CPA Qualification",4/17/2025 9:53:00 AM,cx-akmal,Yes,35283
bullwaves-127905,127905,2287,35283,"User bullwaves-127905 was moved from affiliate 2287 to  affiliate 35283  With settings : Move media report stats , Apply destination affiliate Revshare settings , Apply destination affiliate CPA Qualification",4/17/2025 9:53:00 AM,cx-akmal,Yes,35283
bullwaves-127957,127957,2287,35283,"User bullwaves-127957 was moved from affiliate 2287 to  affiliate 35283  With settings : Move media report stats , Apply destination affiliate Revshare settings , Apply destination affiliate CPA Qualification",4/17/2025 9:52:58 AM,cx-akmal,Yes,35283
bullwaves-128091,128091,2287,35283,"User bullwaves-128091 was moved from affiliate 2287 to  affiliate 35283  With settings : Move media report stats , Apply destination affiliate Revshare settings , Apply destination affiliate CPA Qualification",4/17/2025 9:52:57 AM,cx-akmal,Yes,35283
bullwaves-128109,128109,2287,35283,"User bullwaves-128109 was moved from affiliate 2287 to  affiliate 35283  With settings : Move media report stats , Apply destination affiliate Revshare settings , Apply destination affiliate CPA Qualification",4/17/2025 9:52:57 AM,cx-akmal,Yes,35283
bullwaves-128131,128131,2287,35283,"User bullwaves-128131 was moved from affiliate 2287 to  affiliate 35283  With settings : Move media report stats , Apply destination affiliate Revshare settings , Apply destination affiliate CPA Qualification",4/17/2025 9:52:55 AM,cx-akmal,Yes,35283
bullwaves-128156,128156,2287,35283,"User bullwaves-128156 was moved from affiliate 2287 to  affiliate 35283  With settings : Move media report stats , Apply destination affiliate Revshare settings , Apply destination affiliate CPA Qualification",4/17/2025 9:52:54 AM,cx-akmal,Yes,35283
bullwaves-128167,128167,2287,35283,"User bullwaves-128167 was moved from affiliate 2287 to  affiliate 35283  With settings : Move media report stats , Apply destination affiliate Revshare settings , Apply destination affiliate CPA Qualification",4/17/2025 9:52:54 AM,cx-akmal,Yes,35283
bullwaves-128291,128291,2287,35283,"User bullwaves-128291 was moved from affiliate 2287 to  affiliate 35283  With settings : Move media report stats , Apply destination affiliate Revshare settings , Apply destination affiliate CPA Qualification",4/17/2025 9:52:52 AM,cx-akmal,Yes,35283
bullwaves-128303,128303,2287,35283,"User bullwaves-128303 was moved from affiliate 2287 to  affiliate 35283  With settings : Move media report stats , Apply destination affiliate Revshare settings , Apply destination affiliate CPA Qualification",4/17/2025 9:52:51 AM,cx-akmal,Yes,35283
bullwaves-128440,128440,2287,35283,"User bullwaves-128440 was moved from affiliate 2287 to  affiliate 35283  With settings : Move media report stats , Apply destination affiliate Revshare settings , Apply destination affiliate CPA Qualification",4/17/2025 9:52:51 AM,cx-akmal,Yes,35283
bullwaves-128456,128456,2287,35283,"User bullwaves-128456 was moved from affiliate 2287 to  affiliate 35283  With settings : Move media report stats , Apply destination affiliate Revshare settings , Apply destination affiliate CPA Qualification",4/17/2025 9:52:49 AM,cx-akmal,Yes,35283
bullwaves-128448,128448,2287,35283,"User bullwaves-128448 was moved from affiliate 2287 to  affiliate 35283  With settings : Move media report stats , Apply destination affiliate Revshare settings , Apply destination affiliate CPA Qualification",4/17/2025 9:52:48 AM,cx-akmal,Yes,35283
bullwaves-128525,128525,2287,35283,"User bullwaves-128525 was moved from affiliate 2287 to  affiliate 35283  With settings : Move media report stats , Apply destination affiliate Revshare settings , Apply destination affiliate CPA Qualification",4/17/2025 9:52:48 AM,cx-akmal,Yes,35283
bullwaves-128617,128617,2287,35283,"User bullwaves-128617 was moved from affiliate 2287 to  affiliate 35283  With settings : Move media report stats , Apply destination affiliate Revshare settings , Apply destination affiliate CPA Qualification",4/17/2025 9:52:46 AM,cx-akmal,Yes,35283
bullwaves-128644,128644,2287,35283,"User bullwaves-128644 was moved from affiliate 2287 to  affiliate 35283  With settings : Move media report stats , Apply destination affiliate Revshare settings , Apply destination affiliate CPA Qualification",4/17/2025 9:52:45 AM,cx-akmal,Yes,35283
bullwaves-128678,128678,2287,35283,"User bullwaves-128678 was moved from affiliate 2287 to  affiliate 35283  With settings : Move media report stats , Apply destination affiliate Revshare settings , Apply destination affiliate CPA Qualification",4/17/2025 9:52:45 AM,cx-akmal,Yes,35283
bullwaves-128803,128803,2287,35283,"User bullwaves-128803 was moved from affiliate 2287 to  affiliate 35283  With settings : Move media report stats , Apply destination affiliate Revshare settings , Apply destination affiliate CPA Qualification",4/17/2025 9:52:43 AM,cx-akmal,Yes,35283
bullwaves-128838,128838,2287,35283,"User bullwaves-128838 was moved from affiliate 2287 to  affiliate 35283  With settings : Move media report stats , Apply destination affiliate Revshare settings , Apply destination affiliate CPA Qualification",4/17/2025 9:52:42 AM,cx-akmal,Yes,35283
bullwaves-128928,128928,2287,35283,"User bullwaves-128928 was moved from affiliate 2287 to  affiliate 35283  With settings : Move media report stats , Apply destination affiliate Revshare settings , Apply destination affiliate CPA Qualification",4/17/2025 9:52:41 AM,cx-akmal,Yes,35283
bullwaves-129071,129071,2287,35283,"User bullwaves-129071 was moved from affiliate 2287 to  affiliate 35283  With settings : Move media report stats , Apply destination affiliate Revshare settings , Apply destination affiliate CPA Qualification",4/17/2025 9:52:40 AM,cx-akmal,Yes,35283
bullwaves-129118,129118,2287,35283,"User bullwaves-129118 was moved from affiliate 2287 to  affiliate 35283  With settings : Move media report stats , Apply destination affiliate Revshare settings , Apply destination affiliate CPA Qualification",4/17/2025 9:52:39 AM,cx-akmal,Yes,35283
bullwaves-129121,129121,2287,35283,"User bullwaves-129121 was moved from affiliate 2287 to  affiliate 35283  With settings : Move media report stats , Apply destination affiliate Revshare settings , Apply destination affiliate CPA Qualification",4/17/2025 9:52:38 AM,cx-akmal,Yes,35283
bullwaves-129222,129222,2287,35283,"User bullwaves-129222 was moved from affiliate 2287 to  affiliate 35283  With settings : Move media report stats , Apply destination affiliate Revshare settings , Apply destination affiliate CPA Qualification",4/17/2025 9:52:37 AM,cx-akmal,Yes,35283
bullwaves-129399,129399,2287,35283,"User bullwaves-129399 was moved from affiliate 2287 to  affiliate 35283  With settings : Move media report stats , Apply destination affiliate Revshare settings , Apply destination affiliate CPA Qualification",4/17/2025 9:52:36 AM,cx-akmal,Yes,35283
bullwaves-129402,129402,2287,35283,"User bullwaves-129402 was moved from affiliate 2287 to  affiliate 35283  With settings : Move media report stats , Apply destination affiliate Revshare settings , Apply destination affiliate CPA Qualification",4/17/2025 9:52:35 AM,cx-akmal,Yes,35283
bullwaves-129951,129951,2287,35283,"User bullwaves-129951 was moved from affiliate 2287 to  affiliate 35283  With settings : Move media report stats , Apply destination affiliate Revshare settings , Apply destination affiliate CPA Qualification",4/17/2025 9:52:33 AM,cx-akmal,Yes,35283
bullwaves-129962,129962,2287,35283,"User bullwaves-129962 was moved from affiliate 2287 to  affiliate 35283  With settings : Move media report stats , Apply destination affiliate Revshare settings , Apply destination affiliate CPA Qualification",4/17/2025 9:52:33 AM,cx-akmal,Yes,35283
bullwaves-130105,130105,2287,35283,"User bullwaves-130105 was moved from affiliate 2287 to  affiliate 35283  With settings : Move media report stats , Apply destination affiliate Revshare settings , Apply destination affiliate CPA Qualification",4/17/2025 9:52:32 AM,cx-akmal,Yes,35283
bullwaves-130162,130162,2287,35283,"User bullwaves-130162 was moved from affiliate 2287 to  affiliate 35283  With settings : Move media report stats , Apply destination affiliate Revshare settings , Apply destination affiliate CPA Qualification",4/17/2025 9:52:30 AM,cx-akmal,Yes,35283
bullwaves-130184,130184,2287,35283,"User bullwaves-130184 was moved from affiliate 2287 to  affiliate 35283  With settings : Move media report stats , Apply destination affiliate Revshare settings , Apply destination affiliate CPA Qualification",4/17/2025 9:52:29 AM,cx-akmal,Yes,35283
bullwaves-130174,130174,2287,35283,"User bullwaves-130174 was moved from affiliate 2287 to  affiliate 35283  With settings : Move media report stats , Apply destination affiliate Revshare settings , Apply destination affiliate CPA Qualification",4/17/2025 9:52:29 AM,cx-akmal,Yes,35283
bullwaves-130239,130239,2287,35283,"User bullwaves-130239 was moved from affiliate 2287 to  affiliate 35283  With settings : Move media report stats , Apply destination affiliate Revshare settings , Apply destination affiliate CPA Qualification",4/17/2025 9:42:24 AM,cx-akmal,Yes,35283
bullwaves-130722,130722,2287,35283,"User bullwaves-130722 was moved from affiliate 2287 to  affiliate 35283  With settings : Move media report stats , Apply destination affiliate Revshare settings , Apply destination affiliate CPA Qualification",4/17/2025 9:42:23 AM,cx-akmal,Yes,35283
bullwaves-130961,130961,2287,35283,"User bullwaves-130961 was moved from affiliate 2287 to  affiliate 35283  With settings : Move media report stats , Apply destination affiliate Revshare settings , Apply destination affiliate CPA Qualification",4/17/2025 9:42:23 AM,cx-akmal,Yes,35283
bullwaves-131009,131009,2287,35283,"User bullwaves-131009 was moved from affiliate 2287 to  affiliate 35283  With settings : Move media report stats , Apply destination affiliate Revshare settings , Apply destination affiliate CPA Qualification",4/17/2025 9:42:22 AM,cx-akmal,Yes,35283
bullwaves-131028,131028,2287,35283,"User bullwaves-131028 was moved from affiliate 2287 to  affiliate 35283  With settings : Move media report stats , Apply destination affiliate Revshare settings , Apply destination affiliate CPA Qualification",4/17/2025 9:42:21 AM,cx-akmal,Yes,35283
bullwaves-131063,131063,2287,35283,"User bullwaves-131063 was moved from affiliate 2287 to  affiliate 35283  With settings : Move media report stats , Apply destination affiliate Revshare settings , Apply destination affiliate CPA Qualification",4/17/2025 9:42:21 AM,cx-akmal,Yes,35283
bullwaves-131120,131120,2287,35283,"User bullwaves-131120 was moved from affiliate 2287 to  affiliate 35283  With settings : Move media report stats , Apply destination affiliate Revshare settings , Apply destination affiliate CPA Qualification",4/17/2025 9:42:20 AM,cx-akmal,Yes,35283
bullwaves-131265,131265,2287,35283,"User bullwaves-131265 was moved from affiliate 2287 to  affiliate 35283  With settings : Move media report stats , Apply destination affiliate Revshare settings , Apply destination affiliate CPA Qualification",4/17/2025 9:42:19 AM,cx-akmal,Yes,35283
bullwaves-131342,131342,2287,35283,"User bullwaves-131342 was moved from affiliate 2287 to  affiliate 35283  With settings : Move media report stats , Apply destination affiliate Revshare settings , Apply destination affiliate CPA Qualification",4/17/2025 9:42:19 AM,cx-akmal,Yes,35283
bullwaves-131578,131578,2287,35283,"User bullwaves-131578 was moved from affiliate 2287 to  affiliate 35283  With settings : Move media report stats , Apply destination affiliate Revshare settings , Apply destination affiliate CPA Qualification",4/17/2025 9:42:17 AM,cx-akmal,Yes,35283
bullwaves-131610,131610,2287,35283,"User bullwaves-131610 was moved from affiliate 2287 to  affiliate 35283  With settings : Move media report stats , Apply destination affiliate Revshare settings , Apply destination affiliate CPA Qualification",4/17/2025 9:42:16 AM,cx-akmal,Yes,35283
bullwaves-131649,131649,2287,35283,"User bullwaves-131649 was moved from affiliate 2287 to  affiliate 35283  With settings : Move media report stats , Apply destination affiliate Revshare settings , Apply destination affiliate CPA Qualification",4/17/2025 9:42:15 AM,cx-akmal,Yes,35283
bullwaves-131665,131665,2287,35283,"User bullwaves-131665 was moved from affiliate 2287 to  affiliate 35283  With settings : Move media report stats , Apply destination affiliate Revshare settings , Apply destination affiliate CPA Qualification",4/17/2025 9:42:13 AM,cx-akmal,Yes,35283
bullwaves-131810,131810,2287,35283,"User bullwaves-131810 was moved from affiliate 2287 to  affiliate 35283  With settings : Move media report stats , Apply destination affiliate Revshare settings , Apply destination affiliate CPA Qualification",4/17/2025 9:42:13 AM,cx-akmal,Yes,35283
bullwaves-132002,132002,2287,35283,"User bullwaves-132002 was moved from affiliate 2287 to  affiliate 35283  With settings : Move media report stats , Apply destination affiliate Revshare settings , Apply destination affiliate CPA Qualification",4/17/2025 9:42:12 AM,cx-akmal,Yes,35283
bullwaves-132139,132139,2287,35283,"User bullwaves-132139 was moved from affiliate 2287 to  affiliate 35283  With settings : Move media report stats , Apply destination affiliate Revshare settings , Apply destination affiliate CPA Qualification",4/17/2025 9:42:10 AM,cx-akmal,Yes,35283
bullwaves-132166,132166,2287,35283,"User bullwaves-132166 was moved from affiliate 2287 to  affiliate 35283  With settings : Move media report stats , Apply destination affiliate Revshare settings , Apply destination affiliate CPA Qualification",4/17/2025 9:42:09 AM,cx-akmal,Yes,35283
bullwaves-132169,132169,2287,35283,"User bullwaves-132169 was moved from affiliate 2287 to  affiliate 35283  With settings : Move media report stats , Apply destination affiliate Revshare settings , Apply destination affiliate CPA Qualification",4/17/2025 9:42:07 AM,cx-akmal,Yes,35283
bullwaves-132188,132188,2287,35283,"User bullwaves-132188 was moved from affiliate 2287 to  affiliate 35283  With settings : Move media report stats , Apply destination affiliate Revshare settings , Apply destination affiliate CPA Qualification",4/17/2025 9:42:07 AM,cx-akmal,Yes,35283
bullwaves-132849,132849,2287,35283,"User bullwaves-132849 was moved from affiliate 2287 to  affiliate 35283  With settings : Move media report stats , Apply destination affiliate Revshare settings , Apply destination affiliate CPA Qualification",4/17/2025 9:42:05 AM,cx-akmal,Yes,35283
bullwaves-132930,132930,2287,35283,"User bullwaves-132930 was moved from affiliate 2287 to  affiliate 35283  With settings : Move media report stats , Apply destination affiliate Revshare settings , Apply destination affiliate CPA Qualification",4/17/2025 9:42:05 AM,cx-akmal,Yes,35283
bullwaves-132961,132961,2287,35283,"User bullwaves-132961 was moved from affiliate 2287 to  affiliate 35283  With settings : Move media report stats , Apply destination affiliate Revshare settings , Apply destination affiliate CPA Qualification",4/17/2025 9:42:04 AM,cx-akmal,Yes,35283
bullwaves-132956,132956,2287,35283,"User bullwaves-132956 was moved from affiliate 2287 to  affiliate 35283  With settings : Move media report stats , Apply destination affiliate Revshare settings , Apply destination affiliate CPA Qualification",4/17/2025 9:42:03 AM,cx-akmal,Yes,35283
bullwaves-133016,133016,2287,35283,"User bullwaves-133016 was moved from affiliate 2287 to  affiliate 35283  With settings : Move media report stats , Apply destination affiliate Revshare settings , Apply destination affiliate CPA Qualification",4/17/2025 9:42:03 AM,cx-akmal,Yes,35283
bullwaves-133125,133125,2287,35283,"User bullwaves-133125 was moved from affiliate 2287 to  affiliate 35283  With settings : Move media report stats , Apply destination affiliate Revshare settings , Apply destination affiliate CPA Qualification",4/17/2025 9:42:01 AM,cx-akmal,Yes,35283
bullwaves-133136,133136,2287,35283,"User bullwaves-133136 was moved from affiliate 2287 to  affiliate 35283  With settings : Move media report stats , Apply destination affiliate Revshare settings , Apply destination affiliate CPA Qualification",4/17/2025 9:42:00 AM,cx-akmal,Yes,35283
bullwaves-133179,133179,2287,35283,"User bullwaves-133179 was moved from affiliate 2287 to  affiliate 35283  With settings : Move media report stats , Apply destination affiliate Revshare settings , Apply destination affiliate CPA Qualification",4/17/2025 9:42:00 AM,cx-akmal,Yes,35283
bullwaves-133247,133247,2287,35283,"User bullwaves-133247 was moved from affiliate 2287 to  affiliate 35283  With settings : Move media report stats , Apply destination affiliate Revshare settings , Apply destination affiliate CPA Qualification",4/17/2025 9:41:58 AM,cx-akmal,Yes,35283
bullwaves-133299,133299,2287,35283,"User bullwaves-133299 was moved from affiliate 2287 to  affiliate 35283  With settings : Move media report stats , Apply destination affiliate Revshare settings , Apply destination affiliate CPA Qualification",4/17/2025 9:41:57 AM,cx-akmal,Yes,35283
bullwaves-133307,133307,2287,35283,"User bullwaves-133307 was moved from affiliate 2287 to  affiliate 35283  With settings : Move media report stats , Apply destination affiliate Revshare settings , Apply destination affiliate CPA Qualification",4/17/2025 9:41:57 AM,cx-akmal,Yes,35283
bullwaves-133316,133316,2287,35283,"User bullwaves-133316 was moved from affiliate 2287 to  affiliate 35283  With settings : Move media report stats , Apply destination affiliate Revshare settings , Apply destination affiliate CPA Qualification",4/17/2025 9:41:55 AM,cx-akmal,Yes,35283
bullwaves-133423,133423,2287,35283,"User bullwaves-133423 was moved from affiliate 2287 to  affiliate 35283  With settings : Move media report stats , Apply destination affiliate Revshare settings , Apply destination affiliate CPA Qualification",4/17/2025 9:41:54 AM,cx-akmal,Yes,35283
bullwaves-133516,133516,2287,35283,"User bullwaves-133516 was moved from affiliate 2287 to  affiliate 35283  With settings : Move media report stats , Apply destination affiliate Revshare settings , Apply destination affiliate CPA Qualification",4/17/2025 9:41:54 AM,cx-akmal,Yes,35283
bullwaves-133524,133524,2287,35283,"User bullwaves-133524 was moved from affiliate 2287 to  affiliate 35283  With settings : Move media report stats , Apply destination affiliate Revshare settings , Apply destination affiliate CPA Qualification",4/17/2025 9:41:53 AM,cx-akmal,Yes,35283
bullwaves-133584,133584,2287,35283,"User bullwaves-133584 was moved from affiliate 2287 to  affiliate 35283  With settings : Move media report stats , Apply destination affiliate Revshare settings , Apply destination affiliate CPA Qualification",4/17/2025 9:41:51 AM,cx-akmal,Yes,35283
bullwaves-133841,133841,2287,35283,"User bullwaves-133841 was moved from affiliate 2287 to  affiliate 35283  With settings : Move media report stats , Apply destination affiliate Revshare settings , Apply destination affiliate CPA Qualification",4/17/2025 9:41:50 AM,cx-akmal,Yes,35283
bullwaves-134068,134068,2287,35283,"User bullwaves-134068 was moved from affiliate 2287 to  affiliate 35283  With settings : Move media report stats , Apply destination affiliate Revshare settings , Apply destination affiliate CPA Qualification",4/17/2025 9:41:50 AM,cx-akmal,Yes,35283
bullwaves-134193,134193,2287,35283,"User bullwaves-134193 was moved from affiliate 2287 to  affiliate 35283  With settings : Move media report stats , Apply destination affiliate Revshare settings , Apply destination affiliate CPA Qualification",4/17/2025 9:41:48 AM,cx-akmal,Yes,35283
bullwaves-134262,134262,2287,35283,"User bullwaves-134262 was moved from affiliate 2287 to  affiliate 35283  With settings : Move media report stats , Apply destination affiliate Revshare settings , Apply destination affiliate CPA Qualification",4/17/2025 9:41:47 AM,cx-akmal,Yes,35283
bullwaves-134361,134361,2287,35283,"User bullwaves-134361 was moved from affiliate 2287 to  affiliate 35283  With settings : Move media report stats , Apply destination affiliate Revshare settings , Apply destination affiliate CPA Qualification",4/17/2025 9:41:47 AM,cx-akmal,Yes,35283
bullwaves-134358,134358,2287,35283,"User bullwaves-134358 was moved from affiliate 2287 to  affiliate 35283  With settings : Move media report stats , Apply destination affiliate Revshare settings , Apply destination affiliate CPA Qualification",4/17/2025 9:41:45 AM,cx-akmal,Yes,35283
bullwaves-134381,134381,2287,35283,"User bullwaves-134381 was moved from affiliate 2287 to  affiliate 35283  With settings : Move media report stats , Apply destination affiliate Revshare settings , Apply destination affiliate CPA Qualification",4/17/2025 9:41:44 AM,cx-akmal,Yes,35283
bullwaves-134485,134485,2287,35283,"User bullwaves-134485 was moved from affiliate 2287 to  affiliate 35283  With settings : Move media report stats , Apply destination affiliate Revshare settings , Apply destination affiliate CPA Qualification",4/17/2025 9:41:44 AM,cx-akmal,Yes,35283
bullwaves-134489,134489,2287,35283,"User bullwaves-134489 was moved from affiliate 2287 to  affiliate 35283  With settings : Move media report stats , Apply destination affiliate Revshare settings , Apply destination affiliate CPA Qualification",4/17/2025 9:41:42 AM,cx-akmal,Yes,35283
bullwaves-134509,134509,2287,35283,"User bullwaves-134509 was moved from affiliate 2287 to  affiliate 35283  With settings : Move media report stats , Apply destination affiliate Revshare settings , Apply destination affiliate CPA Qualification",4/17/2025 9:41:41 AM,cx-akmal,Yes,35283
bullwaves-134625,134625,2287,35283,"User bullwaves-134625 was moved from affiliate 2287 to  affiliate 35283  With settings : Move media report stats , Apply destination affiliate Revshare settings , Apply destination affiliate CPA Qualification",4/17/2025 9:41:41 AM,cx-akmal,Yes,35283
bullwaves-134631,134631,2287,35283,"User bullwaves-134631 was moved from affiliate 2287 to  affiliate 35283  With settings : Move media report stats , Apply destination affiliate Revshare settings , Apply destination affiliate CPA Qualification",4/17/2025 9:41:39 AM,cx-akmal,Yes,35283
bullwaves-134675,134675,2287,35283,"User bullwaves-134675 was moved from affiliate 2287 to  affiliate 35283  With settings : Move media report stats , Apply destination affiliate Revshare settings , Apply destination affiliate CPA Qualification",4/17/2025 9:41:38 AM,cx-akmal,Yes,35283
bullwaves-134811,134811,2287,35283,"User bullwaves-134811 was moved from affiliate 2287 to  affiliate 35283  With settings : Move media report stats , Apply destination affiliate Revshare settings , Apply destination affiliate CPA Qualification",4/17/2025 9:41:36 AM,cx-akmal,Yes,35283
bullwaves-134872,134872,2287,35283,"User bullwaves-134872 was moved from affiliate 2287 to  affiliate 35283  With settings : Move media report stats , Apply destination affiliate Revshare settings , Apply destination affiliate CPA Qualification",4/17/2025 9:41:36 AM,cx-akmal,Yes,35283
bullwaves-134888,134888,2287,35283,"User bullwaves-134888 was moved from affiliate 2287 to  affiliate 35283  With settings : Move media report stats , Apply destination affiliate Revshare settings , Apply destination affiliate CPA Qualification",4/17/2025 9:41:35 AM,cx-akmal,Yes,35283
bullwaves-134936,134936,2287,35283,"User bullwaves-134936 was moved from affiliate 2287 to  affiliate 35283  With settings : Move media report stats , Apply destination affiliate Revshare settings , Apply destination affiliate CPA Qualification",4/17/2025 9:41:33 AM,cx-akmal,Yes,35283
bullwaves-135084,135084,2287,35283,"User bullwaves-135084 was moved from affiliate 2287 to  affiliate 35283  With settings : Move media report stats , Apply destination affiliate Revshare settings , Apply destination affiliate CPA Qualification",4/17/2025 9:41:33 AM,cx-akmal,Yes,35283
bullwaves-135137,135137,2287,35283,"User bullwaves-135137 was moved from affiliate 2287 to  affiliate 35283  With settings : Move media report stats , Apply destination affiliate Revshare settings , Apply destination affiliate CPA Qualification",4/17/2025 9:41:32 AM,cx-akmal,Yes,35283
bullwaves-135163,135163,2287,35283,"User bullwaves-135163 was moved from affiliate 2287 to  affiliate 35283  With settings : Move media report stats , Apply destination affiliate Revshare settings , Apply destination affiliate CPA Qualification",4/17/2025 9:41:30 AM,cx-akmal,Yes,35283
bullwaves-135182,135182,2287,35283,"User bullwaves-135182 was moved from affiliate 2287 to  affiliate 35283  With settings : Move media report stats , Apply destination affiliate Revshare settings , Apply destination affiliate CPA Qualification",4/17/2025 9:41:30 AM,cx-akmal,Yes,35283
bullwaves-135236,135236,2287,35283,"User bullwaves-135236 was moved from affiliate 2287 to  affiliate 35283  With settings : Move media report stats , Apply destination affiliate Revshare settings , Apply destination affiliate CPA Qualification",4/17/2025 9:41:29 AM,cx-akmal,Yes,35283
bullwaves-135340,135340,2287,35283,"User bullwaves-135340 was moved from affiliate 2287 to  affiliate 35283  With settings : Move media report stats , Apply destination affiliate Revshare settings , Apply destination affiliate CPA Qualification",4/17/2025 9:41:27 AM,cx-akmal,Yes,35283
bullwaves-135597,135597,2287,35283,"User bullwaves-135597 was moved from affiliate 2287 to  affiliate 35283  With settings : Move media report stats , Apply destination affiliate Revshare settings , Apply destination affiliate CPA Qualification",4/17/2025 9:41:26 AM,cx-akmal,Yes,35283
bullwaves-135616,135616,2287,35283,"User bullwaves-135616 was moved from affiliate 2287 to  affiliate 35283  With settings : Move media report stats , Apply destination affiliate Revshare settings , Apply destination affiliate CPA Qualification",4/17/2025 9:41:26 AM,cx-akmal,Yes,35283
bullwaves-135906,135906,2287,35283,"User bullwaves-135906 was moved from affiliate 2287 to  affiliate 35283  With settings : Move media report stats , Apply destination affiliate Revshare settings , Apply destination affiliate CPA Qualification",4/17/2025 9:41:24 AM,cx-akmal,Yes,35283
bullwaves-136055,136055,2287,35283,"User bullwaves-136055 was moved from affiliate 2287 to  affiliate 35283  With settings : Move media report stats , Apply destination affiliate Revshare settings , Apply destination affiliate CPA Qualification",4/17/2025 9:41:23 AM,cx-akmal,Yes,35283
bullwaves-136059,136059,2287,35283,"User bullwaves-136059 was moved from affiliate 2287 to  affiliate 35283  With settings : Move media report stats , Apply destination affiliate Revshare settings , Apply destination affiliate CPA Qualification",4/17/2025 9:41:21 AM,cx-akmal,Yes,35283
bullwaves-136222,136222,2287,35283,"User bullwaves-136222 was moved from affiliate 2287 to  affiliate 35283  With settings : Move media report stats , Apply destination affiliate Revshare settings , Apply destination affiliate CPA Qualification",4/17/2025 9:41:21 AM,cx-akmal,Yes,35283
bullwaves-136348,136348,2287,35283,"User bullwaves-136348 was moved from affiliate 2287 to  affiliate 35283  With settings : Move media report stats , Apply destination affiliate Revshare settings , Apply destination affiliate CPA Qualification",4/17/2025 9:41:20 AM,cx-akmal,Yes,35283
bullwaves-136441,136441,2287,35283,"User bullwaves-136441 was moved from affiliate 2287 to  affiliate 35283  With settings : Move media report stats , Apply destination affiliate Revshare settings , Apply destination affiliate CPA Qualification",4/17/2025 9:41:18 AM,cx-akmal,Yes,35283
bullwaves-136476,136476,2287,35283,"User bullwaves-136476 was moved from affiliate 2287 to  affiliate 35283  With settings : Move media report stats , Apply destination affiliate Revshare settings , Apply destination affiliate CPA Qualification",4/17/2025 9:41:18 AM,cx-akmal,Yes,35283
bullwaves-136510,136510,2287,35283,"User bullwaves-136510 was moved from affiliate 2287 to  affiliate 35283  With settings : Move media report stats , Apply destination affiliate Revshare settings , Apply destination affiliate CPA Qualification",4/17/2025 9:41:17 AM,cx-akmal,Yes,35283
bullwaves-136513,136513,2287,35283,"User bullwaves-136513 was moved from affiliate 2287 to  affiliate 35283  With settings : Move media report stats , Apply destination affiliate Revshare settings , Apply destination affiliate CPA Qualification",4/17/2025 9:41:15 AM,cx-akmal,Yes,35283
bullwaves-136671,136671,2287,35283,"User bullwaves-136671 was moved from affiliate 2287 to  affiliate 35283  With settings : Move media report stats , Apply destination affiliate Revshare settings , Apply destination affiliate CPA Qualification",4/17/2025 9:41:14 AM,cx-akmal,Yes,35283
bullwaves-136713,136713,2287,35283,"User bullwaves-136713 was moved from affiliate 2287 to  affiliate 35283  With settings : Move media report stats , Apply destination affiliate Revshare settings , Apply destination affiliate CPA Qualification",4/17/2025 9:41:14 AM,cx-akmal,Yes,35283
bullwaves-136753,136753,2287,35283,"User bullwaves-136753 was moved from affiliate 2287 to  affiliate 35283  With settings : Move media report stats , Apply destination affiliate Revshare settings , Apply destination affiliate CPA Qualification",4/17/2025 9:41:12 AM,cx-akmal,Yes,35283
bullwaves-136753,136753,2287,35283,"User bullwaves-136753 was moved from affiliate 2287 to  affiliate 35283  With settings : Move media report stats , Apply destination affiliate Revshare settings , Apply destination affiliate CPA Qualification",4/17/2025 9:41:11 AM,cx-akmal,Yes,2287
bullwaves-136790,136790,2287,35283,"User bullwaves-136790 was moved from affiliate 2287 to  affiliate 35283  With settings : Move media report stats , Apply destination affiliate Revshare settings , Apply destination affiliate CPA Qualification",4/17/2025 9:41:11 AM,cx-akmal,Yes,35283
bullwaves-136824,136824,2287,35283,"User bullwaves-136824 was moved from affiliate 2287 to  affiliate 35283  With settings : Move media report stats , Apply destination affiliate Revshare settings , Apply destination affiliate CPA Qualification",4/17/2025 9:41:10 AM,cx-akmal,Yes,35283
bullwaves-137065,137065,2287,35283,"User bullwaves-137065 was moved from affiliate 2287 to  affiliate 35283  With settings : Move media report stats , Apply destination affiliate Revshare settings , Apply destination affiliate CPA Qualification",4/17/2025 9:41:08 AM,cx-akmal,Yes,35283
bullwaves-137110,137110,2287,35283,"User bullwaves-137110 was moved from affiliate 2287 to  affiliate 35283  With settings : Move media report stats , Apply destination affiliate Revshare settings , Apply destination affiliate CPA Qualification",4/17/2025 9:41:07 AM,cx-akmal,Yes,35283
bullwaves-137130,137130,2287,35283,"User bullwaves-137130 was moved from affiliate 2287 to  affiliate 35283  With settings : Move media report stats , Apply destination affiliate Revshare settings , Apply destination affiliate CPA Qualification",4/17/2025 9:41:05 AM,cx-akmal,Yes,35283
bullwaves-137126,137126,2287,35283,"User bullwaves-137126 was moved from affiliate 2287 to  affiliate 35283  With settings : Move media report stats , Apply destination affiliate Revshare settings , Apply destination affiliate CPA Qualification",4/17/2025 9:41:04 AM,cx-akmal,Yes,35283
bullwaves-137148,137148,2287,35283,"User bullwaves-137148 was moved from affiliate 2287 to  affiliate 35283  With settings : Move media report stats , Apply destination affiliate Revshare settings , Apply destination affiliate CPA Qualification",4/17/2025 9:41:04 AM,cx-akmal,Yes,35283
bullwaves-137472,137472,2287,35283,"User bullwaves-137472 was moved from affiliate 2287 to  affiliate 35283  With settings : Move media report stats , Apply destination affiliate Revshare settings , Apply destination affiliate CPA Qualification",4/17/2025 9:41:02 AM,cx-akmal,Yes,35283
bullwaves-137590,137590,2287,35283,"User bullwaves-137590 was moved from affiliate 2287 to  affiliate 35283  With settings : Move media report stats , Apply destination affiliate Revshare settings , Apply destination affiliate CPA Qualification",4/17/2025 9:41:01 AM,cx-akmal,Yes,35283
bullwaves-137654,137654,2287,35283,"User bullwaves-137654 was moved from affiliate 2287 to  affiliate 35283  With settings : Move media report stats , Apply destination affiliate Revshare settings , Apply destination affiliate CPA Qualification",4/17/2025 9:41:01 AM,cx-akmal,Yes,35283
bullwaves-137779,137779,2287,35283,"User bullwaves-137779 was moved from affiliate 2287 to  affiliate 35283  With settings : Move media report stats , Apply destination affiliate Revshare settings , Apply destination affiliate CPA Qualification",4/17/2025 9:40:59 AM,cx-akmal,Yes,35283
bullwaves-137795,137795,2287,35283,"User bullwaves-137795 was moved from affiliate 2287 to  affiliate 35283  With settings : Move media report stats , Apply destination affiliate Revshare settings , Apply destination affiliate CPA Qualification",4/17/2025 9:40:58 AM,cx-akmal,Yes,35283
bullwaves-137807,137807,2287,35283,"User bullwaves-137807 was moved from affiliate 2287 to  affiliate 35283  With settings : Move media report stats , Apply destination affiliate Revshare settings , Apply destination affiliate CPA Qualification",4/17/2025 9:40:58 AM,cx-akmal,Yes,35283
bullwaves-137922,137922,2287,35283,"User bullwaves-137922 was moved from affiliate 2287 to  affiliate 35283  With settings : Move media report stats , Apply destination affiliate Revshare settings , Apply destination affiliate CPA Qualification",4/17/2025 9:40:56 AM,cx-akmal,Yes,35283
bullwaves-138283,138283,2287,35283,"User bullwaves-138283 was moved from affiliate 2287 to  affiliate 35283  With settings : Move media report stats , Apply destination affiliate Revshare settings , Apply destination affiliate CPA Qualification",4/17/2025 9:40:55 AM,cx-akmal,Yes,35283
bullwaves-138573,138573,2287,35283,"User bullwaves-138573 was moved from affiliate 2287 to  affiliate 35283  With settings : Move media report stats , Apply destination affiliate Revshare settings , Apply destination affiliate CPA Qualification",4/17/2025 9:40:54 AM,cx-akmal,Yes,35283
bullwaves-138604,138604,2287,35283,"User bullwaves-138604 was moved from affiliate 2287 to  affiliate 35283  With settings : Move media report stats , Apply destination affiliate Revshare settings , Apply destination affiliate CPA Qualification",4/17/2025 9:40:53 AM,cx-akmal,Yes,35283
bullwaves-138731,138731,2287,35283,"User bullwaves-138731 was moved from affiliate 2287 to  affiliate 35283  With settings : Move media report stats , Apply destination affiliate Revshare settings , Apply destination affiliate CPA Qualification",4/17/2025 9:40:52 AM,cx-akmal,Yes,35283
bullwaves-138720,138720,2287,35283,"User bullwaves-138720 was moved from affiliate 2287 to  affiliate 35283  With settings : Move media report stats , Apply destination affiliate Revshare settings , Apply destination affiliate CPA Qualification",4/17/2025 9:40:51 AM,cx-akmal,Yes,35283
bullwaves-138898,138898,2287,35283,"User bullwaves-138898 was moved from affiliate 2287 to  affiliate 35283  With settings : Move media report stats , Apply destination affiliate Revshare settings , Apply destination affiliate CPA Qualification",4/17/2025 9:40:50 AM,cx-akmal,Yes,35283
bullwaves-138931,138931,2287,35283,"User bullwaves-138931 was moved from affiliate 2287 to  affiliate 35283  With settings : Move media report stats , Apply destination affiliate Revshare settings , Apply destination affiliate CPA Qualification",4/17/2025 9:40:49 AM,cx-akmal,Yes,35283
bullwaves-138948,138948,2287,35283,"User bullwaves-138948 was moved from affiliate 2287 to  affiliate 35283  With settings : Move media report stats , Apply destination affiliate Revshare settings , Apply destination affiliate CPA Qualification",4/17/2025 9:40:48 AM,cx-akmal,Yes,35283
bullwaves-139003,139003,2287,35283,"User bullwaves-139003 was moved from affiliate 2287 to  affiliate 35283  With settings : Move media report stats , Apply destination affiliate Revshare settings , Apply destination affiliate CPA Qualification",4/17/2025 9:40:47 AM,cx-akmal,Yes,35283
bullwaves-139117,139117,2287,35283,"User bullwaves-139117 was moved from affiliate 2287 to  affiliate 35283  With settings : Move media report stats , Apply destination affiliate Revshare settings , Apply destination affiliate CPA Qualification",4/17/2025 9:40:46 AM,cx-akmal,Yes,35283
bullwaves-139146,139146,2287,35283,"User bullwaves-139146 was moved from affiliate 2287 to  affiliate 35283  With settings : Move media report stats , Apply destination affiliate Revshare settings , Apply destination affiliate CPA Qualification",4/17/2025 9:40:45 AM,cx-akmal,Yes,35283
bullwaves-139578,139578,2287,35283,"User bullwaves-139578 was moved from affiliate 2287 to  affiliate 35283  With settings : Move media report stats , Apply destination affiliate Revshare settings , Apply destination affiliate CPA Qualification",4/17/2025 9:40:44 AM,cx-akmal,Yes,35283
bullwaves-139740,139740,2287,35283,"User bullwaves-139740 was moved from affiliate 2287 to  affiliate 35283  With settings : Move media report stats , Apply destination affiliate Revshare settings , Apply destination affiliate CPA Qualification",4/17/2025 9:40:43 AM,cx-akmal,Yes,35283
bullwaves-139725,139725,2287,35283,"User bullwaves-139725 was moved from affiliate 2287 to  affiliate 35283  With settings : Move media report stats , Apply destination affiliate Revshare settings , Apply destination affiliate CPA Qualification",4/17/2025 9:40:42 AM,cx-akmal,Yes,35283
bullwaves-139785,139785,2287,35283,"User bullwaves-139785 was moved from affiliate 2287 to  affiliate 35283  With settings : Move media report stats , Apply destination affiliate Revshare settings , Apply destination affiliate CPA Qualification",4/17/2025 9:40:42 AM,cx-akmal,Yes,35283
bullwaves-139973,139973,2287,35283,"User bullwaves-139973 was moved from affiliate 2287 to  affiliate 35283  With settings : Move media report stats , Apply destination affiliate Revshare settings , Apply destination affiliate CPA Qualification",4/17/2025 9:40:40 AM,cx-akmal,Yes,35283
bullwaves-139976,139976,2287,35283,"User bullwaves-139976 was moved from affiliate 2287 to  affiliate 35283  With settings : Move media report stats , Apply destination affiliate Revshare settings , Apply destination affiliate CPA Qualification",4/17/2025 9:40:38 AM,cx-akmal,Yes,35283
bullwaves-139978,139978,2287,35283,"User bullwaves-139978 was moved from affiliate 2287 to  affiliate 35283  With settings : Move media report stats , Apply destination affiliate Revshare settings , Apply destination affiliate CPA Qualification",4/17/2025 9:40:38 AM,cx-akmal,Yes,35283
bullwaves-140471,140471,2287,35283,"User bullwaves-140471 was moved from affiliate 2287 to  affiliate 35283  With settings : Move media report stats , Apply destination affiliate Revshare settings , Apply destination affiliate CPA Qualification",4/17/2025 9:40:37 AM,cx-akmal,Yes,35283
bullwaves-141647,141647,2287,35283,"User bullwaves-141647 was moved from affiliate 2287 to  affiliate 35283  With settings : Move media report stats , Apply destination affiliate Revshare settings , Apply destination affiliate CPA Qualification",4/17/2025 9:40:35 AM,cx-akmal,Yes,35283
bullwaves-141715,141715,2287,35283,"User bullwaves-141715 was moved from affiliate 2287 to  affiliate 35283  With settings : Move media report stats , Apply destination affiliate Revshare settings , Apply destination affiliate CPA Qualification",4/17/2025 9:40:34 AM,cx-akmal,Yes,35283
bullwaves-141901,141901,2287,35283,"User bullwaves-141901 was moved from affiliate 2287 to  affiliate 35283  With settings : Move media report stats , Apply destination affiliate Revshare settings , Apply destination affiliate CPA Qualification",4/17/2025 9:40:34 AM,cx-akmal,Yes,35283
bullwaves-141983,141983,2287,35283,"User bullwaves-141983 was moved from affiliate 2287 to  affiliate 35283  With settings : Move media report stats , Apply destination affiliate Revshare settings , Apply destination affiliate CPA Qualification",4/17/2025 9:40:32 AM,cx-akmal,Yes,35283
bullwaves-142011,142011,2287,35283,"User bullwaves-142011 was moved from affiliate 2287 to  affiliate 35283  With settings : Move media report stats , Apply destination affiliate Revshare settings , Apply destination affiliate CPA Qualification",4/17/2025 9:40:31 AM,cx-akmal,Yes,35283
bullwaves-142253,142253,2287,35283,"User bullwaves-142253 was moved from affiliate 2287 to  affiliate 35283  With settings : Move media report stats , Apply destination affiliate Revshare settings , Apply destination affiliate CPA Qualification",4/17/2025 9:40:30 AM,cx-akmal,Yes,35283
bullwaves-142278,142278,2287,35283,"User bullwaves-142278 was moved from affiliate 2287 to  affiliate 35283  With settings : Move media report stats , Apply destination affiliate Revshare settings , Apply destination affiliate CPA Qualification",4/17/2025 9:40:29 AM,cx-akmal,Yes,35283
bullwaves-142308,142308,2287,35283,"User bullwaves-142308 was moved from affiliate 2287 to  affiliate 35283  With settings : Move media report stats , Apply destination affiliate Revshare settings , Apply destination affiliate CPA Qualification",4/17/2025 9:40:28 AM,cx-akmal,Yes,35283
bullwaves-142323,142323,2287,35283,"User bullwaves-142323 was moved from affiliate 2287 to  affiliate 35283  With settings : Move media report stats , Apply destination affiliate Revshare settings , Apply destination affiliate CPA Qualification",4/17/2025 9:40:26 AM,cx-akmal,Yes,35283
bullwaves-142334,142334,2287,35283,"User bullwaves-142334 was moved from affiliate 2287 to  affiliate 35283  With settings : Move media report stats , Apply destination affiliate Revshare settings , Apply destination affiliate CPA Qualification",4/17/2025 9:40:26 AM,cx-akmal,Yes,35283
bullwaves-142345,142345,2287,35283,"User bullwaves-142345 was moved from affiliate 2287 to  affiliate 35283  With settings : Move media report stats , Apply destination affiliate Revshare settings , Apply destination affiliate CPA Qualification",4/17/2025 9:40:25 AM,cx-akmal,Yes,35283
bullwaves-142444,142444,2287,35283,"User bullwaves-142444 was moved from affiliate 2287 to  affiliate 35283  With settings : Move media report stats , Apply destination affiliate Revshare settings , Apply destination affiliate CPA Qualification",4/17/2025 9:40:23 AM,cx-akmal,Yes,35283
bullwaves-142456,142456,2287,35283,"User bullwaves-142456 was moved from affiliate 2287 to  affiliate 35283  With settings : Move media report stats , Apply destination affiliate Revshare settings , Apply destination affiliate CPA Qualification",4/17/2025 9:40:23 AM,cx-akmal,Yes,35283
bullwaves-142586,142586,2287,35283,"User bullwaves-142586 was moved from affiliate 2287 to  affiliate 35283  With settings : Move media report stats , Apply destination affiliate Revshare settings , Apply destination affiliate CPA Qualification",4/17/2025 9:40:22 AM,cx-akmal,Yes,35283
bullwaves-142738,142738,2287,35283,"User bullwaves-142738 was moved from affiliate 2287 to  affiliate 35283  With settings : Move media report stats , Apply destination affiliate Revshare settings , Apply destination affiliate CPA Qualification",4/17/2025 9:40:20 AM,cx-akmal,Yes,35283
bullwaves-142839,142839,2287,35283,"User bullwaves-142839 was moved from affiliate 2287 to  affiliate 35283  With settings : Move media report stats , Apply destination affiliate Revshare settings , Apply destination affiliate CPA Qualification",4/17/2025 9:40:20 AM,cx-akmal,Yes,35283
bullwaves-142845,142845,2287,35283,"User bullwaves-142845 was moved from affiliate 2287 to  affiliate 35283  With settings : Move media report stats , Apply destination affiliate Revshare settings , Apply destination affiliate CPA Qualification",4/17/2025 9:40:19 AM,cx-akmal,Yes,35283
bullwaves-142969,142969,2287,35283,"User bullwaves-142969 was moved from affiliate 2287 to  affiliate 35283  With settings : Move media report stats , Apply destination affiliate Revshare settings , Apply destination affiliate CPA Qualification",4/17/2025 9:40:17 AM,cx-akmal,Yes,35283
bullwaves-143194,143194,2287,35283,"User bullwaves-143194 was moved from affiliate 2287 to  affiliate 35283  With settings : Move media report stats , Apply destination affiliate Revshare settings , Apply destination affiliate CPA Qualification",4/17/2025 9:40:17 AM,cx-akmal,Yes,35283
bullwaves-143293,143293,2287,35283,"User bullwaves-143293 was moved from affiliate 2287 to  affiliate 35283  With settings : Move media report stats , Apply destination affiliate Revshare settings , Apply destination affiliate CPA Qualification",4/17/2025 9:40:16 AM,cx-akmal,Yes,35283
bullwaves-143501,143501,2287,35283,"User bullwaves-143501 was moved from affiliate 2287 to  affiliate 35283  With settings : Move media report stats , Apply destination affiliate Revshare settings , Apply destination affiliate CPA Qualification",4/17/2025 9:40:14 AM,cx-akmal,Yes,35283
bullwaves-143513,143513,2287,35283,"User bullwaves-143513 was moved from affiliate 2287 to  affiliate 35283  With settings : Move media report stats , Apply destination affiliate Revshare settings , Apply destination affiliate CPA Qualification",4/17/2025 9:40:14 AM,cx-akmal,Yes,35283
bullwaves-143911,143911,2287,35283,"User bullwaves-143911 was moved from affiliate 2287 to  affiliate 35283  With settings : Move media report stats , Apply destination affiliate Revshare settings , Apply destination affiliate CPA Qualification",4/17/2025 9:40:13 AM,cx-akmal,Yes,35283
bullwaves-143915,143915,2287,35283,"User bullwaves-143915 was moved from affiliate 2287 to  affiliate 35283  With settings : Move media report stats , Apply destination affiliate Revshare settings , Apply destination affiliate CPA Qualification",4/17/2025 9:40:11 AM,cx-akmal,Yes,35283
bullwaves-143991,143991,2287,35283,"User bullwaves-143991 was moved from affiliate 2287 to  affiliate 35283  With settings : Move media report stats , Apply destination affiliate Revshare settings , Apply destination affiliate CPA Qualification",4/17/2025 9:40:11 AM,cx-akmal,Yes,35283
bullwaves-144034,144034,2287,35283,"User bullwaves-144034 was moved from affiliate 2287 to  affiliate 35283  With settings : Move media report stats , Apply destination affiliate Revshare settings , Apply destination affiliate CPA Qualification",4/17/2025 9:40:10 AM,cx-akmal,Yes,35283
bullwaves-144049,144049,2287,35283,"User bullwaves-144049 was moved from affiliate 2287 to  affiliate 35283  With settings : Move media report stats , Apply destination affiliate Revshare settings , Apply destination affiliate CPA Qualification",4/17/2025 9:40:08 AM,cx-akmal,Yes,35283
bullwaves-144135,144135,2287,35283,"User bullwaves-144135 was moved from affiliate 2287 to  affiliate 35283  With settings : Move media report stats , Apply destination affiliate Revshare settings , Apply destination affiliate CPA Qualification",4/17/2025 9:40:07 AM,cx-akmal,Yes,35283
bullwaves-144199,144199,2287,35283,"User bullwaves-144199 was moved from affiliate 2287 to  affiliate 35283  With settings : Move media report stats , Apply destination affiliate Revshare settings , Apply destination affiliate CPA Qualification",4/17/2025 9:40:06 AM,cx-akmal,Yes,35283
bullwaves-144250,144250,2287,35283,"User bullwaves-144250 was moved from affiliate 2287 to  affiliate 35283  With settings : Move media report stats , Apply destination affiliate Revshare settings , Apply destination affiliate CPA Qualification",4/17/2025 9:40:05 AM,cx-akmal,Yes,35283
bullwaves-144331,144331,2287,35283,"User bullwaves-144331 was moved from affiliate 2287 to  affiliate 35283  With settings : Move media report stats , Apply destination affiliate Revshare settings , Apply destination affiliate CPA Qualification",4/17/2025 9:40:04 AM,cx-akmal,Yes,35283
bullwaves-144369,144369,2287,35283,"User bullwaves-144369 was moved from affiliate 2287 to  affiliate 35283  With settings : Move media report stats , Apply destination affiliate Revshare settings , Apply destination affiliate CPA Qualification",4/17/2025 9:40:03 AM,cx-akmal,Yes,35283
bullwaves-144415,144415,2287,35283,"User bullwaves-144415 was moved from affiliate 2287 to  affiliate 35283  With settings : Move media report stats , Apply destination affiliate Revshare settings , Apply destination affiliate CPA Qualification",4/17/2025 9:40:01 AM,cx-akmal,Yes,35283
bullwaves-144434,144434,2287,35283,"User bullwaves-144434 was moved from affiliate 2287 to  affiliate 35283  With settings : Move media report stats , Apply destination affiliate Revshare settings , Apply destination affiliate CPA Qualification",4/17/2025 9:40:01 AM,cx-akmal,Yes,35283
bullwaves-144451,144451,2287,35283,"User bullwaves-144451 was moved from affiliate 2287 to  affiliate 35283  With settings : Move media report stats , Apply destination affiliate Revshare settings , Apply destination affiliate CPA Qualification",4/17/2025 9:40:00 AM,cx-akmal,Yes,35283
bullwaves-144548,144548,2287,35283,"User bullwaves-144548 was moved from affiliate 2287 to  affiliate 35283  With settings : Move media report stats , Apply destination affiliate Revshare settings , Apply destination affiliate CPA Qualification",4/17/2025 9:39:58 AM,cx-akmal,Yes,35283
bullwaves-144594,144594,2287,35283,"User bullwaves-144594 was moved from affiliate 2287 to  affiliate 35283  With settings : Move media report stats , Apply destination affiliate Revshare settings , Apply destination affiliate CPA Qualification",4/17/2025 9:39:58 AM,cx-akmal,Yes,35283
bullwaves-144637,144637,2287,35283,"User bullwaves-144637 was moved from affiliate 2287 to  affiliate 35283  With settings : Move media report stats , Apply destination affiliate Revshare settings , Apply destination affiliate CPA Qualification",4/17/2025 9:39:57 AM,cx-akmal,Yes,35283
bullwaves-144703,144703,2287,35283,"User bullwaves-144703 was moved from affiliate 2287 to  affiliate 35283  With settings : Move media report stats , Apply destination affiliate Revshare settings , Apply destination affiliate CPA Qualification",4/17/2025 9:39:55 AM,cx-akmal,Yes,35283
bullwaves-144766,144766,2287,35283,"User bullwaves-144766 was moved from affiliate 2287 to  affiliate 35283  With settings : Move media report stats , Apply destination affiliate Revshare settings , Apply destination affiliate CPA Qualification",4/17/2025 9:39:55 AM,cx-akmal,Yes,35283
bullwaves-144783,144783,2287,35283,"User bullwaves-144783 was moved from affiliate 2287 to  affiliate 35283  With settings : Move media report stats , Apply destination affiliate Revshare settings , Apply destination affiliate CPA Qualification",4/17/2025 9:39:54 AM,cx-akmal,Yes,35283
bullwaves-144848,144848,2287,35283,"User bullwaves-144848 was moved from affiliate 2287 to  affiliate 35283  With settings : Move media report stats , Apply destination affiliate Revshare settings , Apply destination affiliate CPA Qualification",4/17/2025 9:39:52 AM,cx-akmal,Yes,35283
bullwaves-144891,144891,2287,35283,"User bullwaves-144891 was moved from affiliate 2287 to  affiliate 35283  With settings : Move media report stats , Apply destination affiliate Revshare settings , Apply destination affiliate CPA Qualification",4/17/2025 9:39:52 AM,cx-akmal,Yes,35283
bullwaves-144959,144959,2287,35283,"User bullwaves-144959 was moved from affiliate 2287 to  affiliate 35283  With settings : Move media report stats , Apply destination affiliate Revshare settings , Apply destination affiliate CPA Qualification",4/17/2025 9:39:51 AM,cx-akmal,Yes,35283
bullwaves-145075,145075,2287,35283,"User bullwaves-145075 was moved from affiliate 2287 to  affiliate 35283  With settings : Move media report stats , Apply destination affiliate Revshare settings , Apply destination affiliate CPA Qualification",4/17/2025 9:39:49 AM,cx-akmal,Yes,35283
bullwaves-145089,145089,2287,35283,"User bullwaves-145089 was moved from affiliate 2287 to  affiliate 35283  With settings : Move media report stats , Apply destination affiliate Revshare settings , Apply destination affiliate CPA Qualification",4/17/2025 9:39:49 AM,cx-akmal,Yes,35283
bullwaves-145089,145089,2287,35283,"User bullwaves-145089 was moved from affiliate 2287 to  affiliate 35283  With settings : Move media report stats , Apply destination affiliate Revshare settings , Apply destination affiliate CPA Qualification",4/17/2025 9:39:48 AM,cx-akmal,Yes,2287
bullwaves-145336,145336,2287,35283,"User bullwaves-145336 was moved from affiliate 2287 to  affiliate 35283  With settings : Move media report stats , Apply destination affiliate Revshare settings , Apply destination affiliate CPA Qualification",4/17/2025 9:39:48 AM,cx-akmal,Yes,35283
bullwaves-145340,145340,2287,35283,"User bullwaves-145340 was moved from affiliate 2287 to  affiliate 35283  With settings : Move media report stats , Apply destination affiliate Revshare settings , Apply destination affiliate CPA Qualification",4/17/2025 9:39:47 AM,cx-akmal,Yes,35283
bullwaves-145374,145374,2287,35283,"User bullwaves-145374 was moved from affiliate 2287 to  affiliate 35283  With settings : Move media report stats , Apply destination affiliate Revshare settings , Apply destination affiliate CPA Qualification",4/17/2025 9:39:46 AM,cx-akmal,Yes,35283
bullwaves-145751,145751,2287,35283,"User bullwaves-145751 was moved from affiliate 2287 to  affiliate 35283  With settings : Move media report stats , Apply destination affiliate Revshare settings , Apply destination affiliate CPA Qualification",4/17/2025 9:39:45 AM,cx-akmal,Yes,35283
bullwaves-145873,145873,2287,35283,"User bullwaves-145873 was moved from affiliate 2287 to  affiliate 35283  With settings : Move media report stats , Apply destination affiliate Revshare settings , Apply destination affiliate CPA Qualification",4/17/2025 9:39:44 AM,cx-akmal,Yes,35283
bullwaves-146199,146199,2287,35283,"User bullwaves-146199 was moved from affiliate 2287 to  affiliate 35283  With settings : Move media report stats , Apply destination affiliate Revshare settings , Apply destination affiliate CPA Qualification",4/17/2025 9:39:43 AM,cx-akmal,Yes,35283
bullwaves-146333,146333,2287,35283,"User bullwaves-146333 was moved from affiliate 2287 to  affiliate 35283  With settings : Move media report stats , Apply destination affiliate Revshare settings , Apply destination affiliate CPA Qualification",4/17/2025 9:39:42 AM,cx-akmal,Yes,35283
bullwaves-146390,146390,2287,35283,"User bullwaves-146390 was moved from affiliate 2287 to  affiliate 35283  With settings : Move media report stats , Apply destination affiliate Revshare settings , Apply destination affiliate CPA Qualification",4/17/2025 9:39:41 AM,cx-akmal,Yes,35283
bullwaves-146659,146659,2287,35283,"User bullwaves-146659 was moved from affiliate 2287 to  affiliate 35283  With settings : Move media report stats , Apply destination affiliate Revshare settings , Apply destination affiliate CPA Qualification",4/17/2025 9:39:39 AM,cx-akmal,Yes,35283
bullwaves-147029,147029,2287,35283,"User bullwaves-147029 was moved from affiliate 2287 to  affiliate 35283  With settings : Move media report stats , Apply destination affiliate Revshare settings , Apply destination affiliate CPA Qualification",4/17/2025 9:39:39 AM,cx-akmal,Yes,35283
bullwaves-147575,147575,2287,35283,"User bullwaves-147575 was moved from affiliate 2287 to  affiliate 35283  With settings : Move media report stats , Apply destination affiliate Revshare settings , Apply destination affiliate CPA Qualification",4/17/2025 9:39:38 AM,cx-akmal,Yes,35283
bullwaves-147614,147614,2287,35283,"User bullwaves-147614 was moved from affiliate 2287 to  affiliate 35283  With settings : Move media report stats , Apply destination affiliate Revshare settings , Apply destination affiliate CPA Qualification",4/17/2025 9:39:36 AM,cx-akmal,Yes,35283
bullwaves-147813,147813,2287,35283,"User bullwaves-147813 was moved from affiliate 2287 to  affiliate 35283  With settings : Move media report stats , Apply destination affiliate Revshare settings , Apply destination affiliate CPA Qualification",4/17/2025 9:39:36 AM,cx-akmal,Yes,35283
bullwaves-147828,147828,2287,35283,"User bullwaves-147828 was moved from affiliate 2287 to  affiliate 35283  With settings : Move media report stats , Apply destination affiliate Revshare settings , Apply destination affiliate CPA Qualification",4/17/2025 9:39:35 AM,cx-akmal,Yes,35283
bullwaves-147952,147952,2287,35283,"User bullwaves-147952 was moved from affiliate 2287 to  affiliate 35283  With settings : Move media report stats , Apply destination affiliate Revshare settings , Apply destination affiliate CPA Qualification",4/17/2025 9:39:33 AM,cx-akmal,Yes,35283
bullwaves-147999,147999,2287,35283,"User bullwaves-147999 was moved from affiliate 2287 to  affiliate 35283  With settings : Move media report stats , Apply destination affiliate Revshare settings , Apply destination affiliate CPA Qualification",4/17/2025 9:39:33 AM,cx-akmal,Yes,35283
bullwaves-148018,148018,2287,35283,"User bullwaves-148018 was moved from affiliate 2287 to  affiliate 35283  With settings : Move media report stats , Apply destination affiliate Revshare settings , Apply destination affiliate CPA Qualification",4/17/2025 9:39:32 AM,cx-akmal,Yes,35283
bullwaves-148156,148156,2287,35283,"User bullwaves-148156 was moved from affiliate 2287 to  affiliate 35283  With settings : Move media report stats , Apply destination affiliate Revshare settings , Apply destination affiliate CPA Qualification",4/17/2025 9:39:30 AM,cx-akmal,Yes,35283
bullwaves-148173,148173,2287,35283,"User bullwaves-148173 was moved from affiliate 2287 to  affiliate 35283  With settings : Move media report stats , Apply destination affiliate Revshare settings , Apply destination affiliate CPA Qualification",4/17/2025 9:39:30 AM,cx-akmal,Yes,35283
bullwaves-148354,148354,2287,35283,"User bullwaves-148354 was moved from affiliate 2287 to  affiliate 35283  With settings : Move media report stats , Apply destination affiliate Revshare settings , Apply destination affiliate CPA Qualification",4/17/2025 9:39:29 AM,cx-akmal,Yes,35283
bullwaves-148422,148422,2287,35283,"User bullwaves-148422 was moved from affiliate 2287 to  affiliate 35283  With settings : Move media report stats , Apply destination affiliate Revshare settings , Apply destination affiliate CPA Qualification",4/17/2025 9:39:29 AM,cx-akmal,Yes,35283
bullwaves-148645,148645,2287,35283,"User bullwaves-148645 was moved from affiliate 2287 to  affiliate 35283  With settings : Move media report stats , Apply destination affiliate Revshare settings , Apply destination affiliate CPA Qualification",4/17/2025 9:39:27 AM,cx-akmal,Yes,35283
bullwaves-148890,148890,2287,35283,"User bullwaves-148890 was moved from affiliate 2287 to  affiliate 35283  With settings : Move media report stats , Apply destination affiliate Revshare settings , Apply destination affiliate CPA Qualification",4/17/2025 9:39:26 AM,cx-akmal,Yes,35283
bullwaves-149221,149221,2287,35283,"User bullwaves-149221 was moved from affiliate 2287 to  affiliate 35283  With settings : Move media report stats , Apply destination affiliate Revshare settings , Apply destination affiliate CPA Qualification",4/17/2025 9:39:25 AM,cx-akmal,Yes,35283
bullwaves-149305,149305,2287,35283,"User bullwaves-149305 was moved from affiliate 2287 to  affiliate 35283  With settings : Move media report stats , Apply destination affiliate Revshare settings , Apply destination affiliate CPA Qualification",4/17/2025 9:39:23 AM,cx-akmal,Yes,35283
bullwaves-149316,149316,2287,35283,"User bullwaves-149316 was moved from affiliate 2287 to  affiliate 35283  With settings : Move media report stats , Apply destination affiliate Revshare settings , Apply destination affiliate CPA Qualification",4/17/2025 9:39:23 AM,cx-akmal,Yes,35283
bullwaves-149457,149457,2287,35283,"User bullwaves-149457 was moved from affiliate 2287 to  affiliate 35283  With settings : Move media report stats , Apply destination affiliate Revshare settings , Apply destination affiliate CPA Qualification",4/17/2025 9:39:22 AM,cx-akmal,Yes,35283
bullwaves-149523,149523,2287,35283,"User bullwaves-149523 was moved from affiliate 2287 to  affiliate 35283  With settings : Move media report stats , Apply destination affiliate Revshare settings , Apply destination affiliate CPA Qualification",4/17/2025 9:39:20 AM,cx-akmal,Yes,35283
bullwaves-149595,149595,2287,35283,"User bullwaves-149595 was moved from affiliate 2287 to  affiliate 35283  With settings : Move media report stats , Apply destination affiliate Revshare settings , Apply destination affiliate CPA Qualification",4/17/2025 9:39:20 AM,cx-akmal,Yes,35283
bullwaves-150493,150493,2287,35283,"User bullwaves-150493 was moved from affiliate 2287 to  affiliate 35283  With settings : Move media report stats , Apply destination affiliate Revshare settings , Apply destination affiliate CPA Qualification",4/17/2025 9:39:19 AM,cx-akmal,Yes,35283
bullwaves-150681,150681,2287,35283,"User bullwaves-150681 was moved from affiliate 2287 to  affiliate 35283  With settings : Move media report stats , Apply destination affiliate Revshare settings , Apply destination affiliate CPA Qualification",4/17/2025 9:39:17 AM,cx-akmal,Yes,35283
bullwaves-150685,150685,2287,35283,"User bullwaves-150685 was moved from affiliate 2287 to  affiliate 35283  With settings : Move media report stats , Apply destination affiliate Revshare settings , Apply destination affiliate CPA Qualification",4/17/2025 9:39:16 AM,cx-akmal,Yes,35283
bullwaves-150728,150728,2287,35283,"User bullwaves-150728 was moved from affiliate 2287 to  affiliate 35283  With settings : Move media report stats , Apply destination affiliate Revshare settings , Apply destination affiliate CPA Qualification",4/17/2025 9:39:16 AM,cx-akmal,Yes,35283
bullwaves-150737,150737,2287,35283,"User bullwaves-150737 was moved from affiliate 2287 to  affiliate 35283  With settings : Move media report stats , Apply destination affiliate Revshare settings , Apply destination affiliate CPA Qualification",4/17/2025 9:39:14 AM,cx-akmal,Yes,35283
bullwaves-150737,150737,2287,35283,"User bullwaves-150737 was moved from affiliate 2287 to  affiliate 35283  With settings : Move media report stats , Apply destination affiliate Revshare settings , Apply destination affiliate CPA Qualification",4/17/2025 9:39:13 AM,cx-akmal,Yes,2287
bullwaves-150741,150741,2287,35283,"User bullwaves-150741 was moved from affiliate 2287 to  affiliate 35283  With settings : Move media report stats , Apply destination affiliate Revshare settings , Apply destination affiliate CPA Qualification",4/17/2025 9:39:13 AM,cx-akmal,Yes,35283
bullwaves-150775,150775,2287,35283,"User bullwaves-150775 was moved from affiliate 2287 to  affiliate 35283  With settings : Move media report stats , Apply destination affiliate Revshare settings , Apply destination affiliate CPA Qualification",4/17/2025 9:39:11 AM,cx-akmal,Yes,35283
bullwaves-150868,150868,2287,35283,"User bullwaves-150868 was moved from affiliate 2287 to  affiliate 35283  With settings : Move media report stats , Apply destination affiliate Revshare settings , Apply destination affiliate CPA Qualification",4/17/2025 9:39:10 AM,cx-akmal,Yes,35283
bullwaves-150874,150874,2287,35283,"User bullwaves-150874 was moved from affiliate 2287 to  affiliate 35283  With settings : Move media report stats , Apply destination affiliate Revshare settings , Apply destination affiliate CPA Qualification",4/17/2025 9:39:09 AM,cx-akmal,Yes,35283
bullwaves-150930,150930,2287,35283,"User bullwaves-150930 was moved from affiliate 2287 to  affiliate 35283  With settings : Move media report stats , Apply destination affiliate Revshare settings , Apply destination affiliate CPA Qualification",4/17/2025 9:39:07 AM,cx-akmal,Yes,35283
bullwaves-150986,150986,2287,35283,"User bullwaves-150986 was moved from affiliate 2287 to  affiliate 35283  With settings : Move media report stats , Apply destination affiliate Revshare settings , Apply destination affiliate CPA Qualification",4/17/2025 9:39:07 AM,cx-akmal,Yes,35283
bullwaves-151267,151267,2287,35283,"User bullwaves-151267 was moved from affiliate 2287 to  affiliate 35283  With settings : Move media report stats , Apply destination affiliate Revshare settings , Apply destination affiliate CPA Qualification",4/17/2025 9:39:06 AM,cx-akmal,Yes,35283
bullwaves-151383,151383,2287,35283,"User bullwaves-151383 was moved from affiliate 2287 to  affiliate 35283  With settings : Move media report stats , Apply destination affiliate Revshare settings , Apply destination affiliate CPA Qualification",4/17/2025 9:39:04 AM,cx-akmal,Yes,35283
bullwaves-151732,151732,2287,35283,"User bullwaves-151732 was moved from affiliate 2287 to  affiliate 35283  With settings : Move media report stats , Apply destination affiliate Revshare settings , Apply destination affiliate CPA Qualification",4/17/2025 9:39:03 AM,cx-akmal,Yes,35283
bullwaves-151811,151811,2287,35283,"User bullwaves-151811 was moved from affiliate 2287 to  affiliate 35283  With settings : Move media report stats , Apply destination affiliate Revshare settings , Apply destination affiliate CPA Qualification",4/17/2025 9:39:03 AM,cx-akmal,Yes,35283
bullwaves-151883,151883,2287,35283,"User bullwaves-151883 was moved from affiliate 2287 to  affiliate 35283  With settings : Move media report stats , Apply destination affiliate Revshare settings , Apply destination affiliate CPA Qualification",4/17/2025 9:39:01 AM,cx-akmal,Yes,35283
bullwaves-152028,152028,2287,35283,"User bullwaves-152028 was moved from affiliate 2287 to  affiliate 35283  With settings : Move media report stats , Apply destination affiliate Revshare settings , Apply destination affiliate CPA Qualification",4/17/2025 9:39:00 AM,cx-akmal,Yes,35283
bullwaves-152045,152045,2287,35283,"User bullwaves-152045 was moved from affiliate 2287 to  affiliate 35283  With settings : Move media report stats , Apply destination affiliate Revshare settings , Apply destination affiliate CPA Qualification",4/17/2025 9:39:00 AM,cx-akmal,Yes,35283
bullwaves-152092,152092,2287,35283,"User bullwaves-152092 was moved from affiliate 2287 to  affiliate 35283  With settings : Move media report stats , Apply destination affiliate Revshare settings , Apply destination affiliate CPA Qualification",4/17/2025 9:38:58 AM,cx-akmal,Yes,35283
bullwaves-152125,152125,2287,35283,"User bullwaves-152125 was moved from affiliate 2287 to  affiliate 35283  With settings : Move media report stats , Apply destination affiliate Revshare settings , Apply destination affiliate CPA Qualification",4/17/2025 9:38:57 AM,cx-akmal,Yes,35283
bullwaves-152190,152190,2287,35283,"User bullwaves-152190 was moved from affiliate 2287 to  affiliate 35283  With settings : Move media report stats , Apply destination affiliate Revshare settings , Apply destination affiliate CPA Qualification",4/17/2025 9:38:56 AM,cx-akmal,Yes,35283
bullwaves-152212,152212,2287,35283,"User bullwaves-152212 was moved from affiliate 2287 to  affiliate 35283  With settings : Move media report stats , Apply destination affiliate Revshare settings , Apply destination affiliate CPA Qualification",4/17/2025 9:38:55 AM,cx-akmal,Yes,35283
bullwaves-152217,152217,2287,35283,"User bullwaves-152217 was moved from affiliate 2287 to  affiliate 35283  With settings : Move media report stats , Apply destination affiliate Revshare settings , Apply destination affiliate CPA Qualification",4/17/2025 9:38:54 AM,cx-akmal,Yes,35283
bullwaves-152314,152314,2287,35283,"User bullwaves-152314 was moved from affiliate 2287 to  affiliate 35283  With settings : Move media report stats , Apply destination affiliate Revshare settings , Apply destination affiliate CPA Qualification",4/17/2025 9:38:53 AM,cx-akmal,Yes,35283
bullwaves-152322,152322,2287,35283,"User bullwaves-152322 was moved from affiliate 2287 to  affiliate 35283  With settings : Move media report stats , Apply destination affiliate Revshare settings , Apply destination affiliate CPA Qualification",4/17/2025 9:38:51 AM,cx-akmal,Yes,35283
bullwaves-152361,152361,2287,35283,"User bullwaves-152361 was moved from affiliate 2287 to  affiliate 35283  With settings : Move media report stats , Apply destination affiliate Revshare settings , Apply destination affiliate CPA Qualification",4/17/2025 9:38:51 AM,cx-akmal,Yes,35283
bullwaves-152396,152396,2287,35283,"User bullwaves-152396 was moved from affiliate 2287 to  affiliate 35283  With settings : Move media report stats , Apply destination affiliate Revshare settings , Apply destination affiliate CPA Qualification",4/17/2025 9:38:50 AM,cx-akmal,Yes,35283
bullwaves-152532,152532,2287,35283,"User bullwaves-152532 was moved from affiliate 2287 to  affiliate 35283  With settings : Move media report stats , Apply destination affiliate Revshare settings , Apply destination affiliate CPA Qualification",4/17/2025 9:38:50 AM,cx-akmal,Yes,35283
bullwaves-152576,152576,2287,35283,"User bullwaves-152576 was moved from affiliate 2287 to  affiliate 35283  With settings : Move media report stats , Apply destination affiliate Revshare settings , Apply destination affiliate CPA Qualification",4/17/2025 9:38:49 AM,cx-akmal,Yes,35283
bullwaves-153505,153505,2287,35283,"User bullwaves-153505 was moved from affiliate 2287 to  affiliate 35283  With settings : Move media report stats , Apply destination affiliate Revshare settings , Apply destination affiliate CPA Qualification",4/17/2025 9:38:49 AM,cx-akmal,Yes,35283
bullwaves-153528,153528,2287,35283,"User bullwaves-153528 was moved from affiliate 2287 to  affiliate 35283  With settings : Move media report stats , Apply destination affiliate Revshare settings , Apply destination affiliate CPA Qualification",4/17/2025 9:38:48 AM,cx-akmal,Yes,35283
bullwaves-153556,153556,2287,35283,"User bullwaves-153556 was moved from affiliate 2287 to  affiliate 35283  With settings : Move media report stats , Apply destination affiliate Revshare settings , Apply destination affiliate CPA Qualification",4/17/2025 9:38:47 AM,cx-akmal,Yes,35283
bullwaves-153603,153603,2287,35283,"User bullwaves-153603 was moved from affiliate 2287 to  affiliate 35283  With settings : Move media report stats , Apply destination affiliate Revshare settings , Apply destination affiliate CPA Qualification",4/17/2025 9:38:47 AM,cx-akmal,Yes,35283
bullwaves-153615,153615,2287,35283,"User bullwaves-153615 was moved from affiliate 2287 to  affiliate 35283  With settings : Move media report stats , Apply destination affiliate Revshare settings , Apply destination affiliate CPA Qualification",4/17/2025 9:38:45 AM,cx-akmal,Yes,35283
bullwaves-153727,153727,2287,35283,"User bullwaves-153727 was moved from affiliate 2287 to  affiliate 35283  With settings : Move media report stats , Apply destination affiliate Revshare settings , Apply destination affiliate CPA Qualification",4/17/2025 9:38:44 AM,cx-akmal,Yes,35283
bullwaves-153738,153738,2287,35283,"User bullwaves-153738 was moved from affiliate 2287 to  affiliate 35283  With settings : Move media report stats , Apply destination affiliate Revshare settings , Apply destination affiliate CPA Qualification",4/17/2025 9:38:44 AM,cx-akmal,Yes,35283
bullwaves-153778,153778,2287,35283,"User bullwaves-153778 was moved from affiliate 2287 to  affiliate 35283  With settings : Move media report stats , Apply destination affiliate Revshare settings , Apply destination affiliate CPA Qualification",4/17/2025 9:38:42 AM,cx-akmal,Yes,35283
bullwaves-153791,153791,2287,35283,"User bullwaves-153791 was moved from affiliate 2287 to  affiliate 35283  With settings : Move media report stats , Apply destination affiliate Revshare settings , Apply destination affiliate CPA Qualification",4/17/2025 9:38:41 AM,cx-akmal,Yes,35283
bullwaves-153813,153813,2287,35283,"User bullwaves-153813 was moved from affiliate 2287 to  affiliate 35283  With settings : Move media report stats , Apply destination affiliate Revshare settings , Apply destination affiliate CPA Qualification",4/17/2025 9:38:41 AM,cx-akmal,Yes,35283
bullwaves-153892,153892,2287,35283,"User bullwaves-153892 was moved from affiliate 2287 to  affiliate 35283  With settings : Move media report stats , Apply destination affiliate Revshare settings , Apply destination affiliate CPA Qualification",4/17/2025 9:38:39 AM,cx-akmal,Yes,35283
bullwaves-154067,154067,2287,35283,"User bullwaves-154067 was moved from affiliate 2287 to  affiliate 35283  With settings : Move media report stats , Apply destination affiliate Revshare settings , Apply destination affiliate CPA Qualification",4/17/2025 9:38:39 AM,cx-akmal,Yes,35283
bullwaves-154539,154539,2287,35283,"User bullwaves-154539 was moved from affiliate 2287 to  affiliate 35283  With settings : Move media report stats , Apply destination affiliate Revshare settings , Apply destination affiliate CPA Qualification",4/17/2025 9:38:38 AM,cx-akmal,Yes,35283
bullwaves-154734,154734,2287,35283,"User bullwaves-154734 was moved from affiliate 2287 to  affiliate 35283  With settings : Move media report stats , Apply destination affiliate Revshare settings , Apply destination affiliate CPA Qualification",4/17/2025 9:38:37 AM,cx-akmal,Yes,35283
bullwaves-154734,154734,2287,35283,"User bullwaves-154734 was moved from affiliate 2287 to  affiliate 35283  With settings : Move media report stats , Apply destination affiliate Revshare settings , Apply destination affiliate CPA Qualification",4/17/2025 9:38:36 AM,cx-akmal,Yes,2287
bullwaves-154797,154797,2287,35283,"User bullwaves-154797 was moved from affiliate 2287 to  affiliate 35283  With settings : Move media report stats , Apply destination affiliate Revshare settings , Apply destination affiliate CPA Qualification",4/17/2025 9:38:35 AM,cx-akmal,Yes,35283
bullwaves-154840,154840,2287,35283,"User bullwaves-154840 was moved from affiliate 2287 to  affiliate 35283  With settings : Move media report stats , Apply destination affiliate Revshare settings , Apply destination affiliate CPA Qualification",4/17/2025 9:38:35 AM,cx-akmal,Yes,35283
bullwaves-154938,154938,2287,35283,"User bullwaves-154938 was moved from affiliate 2287 to  affiliate 35283  With settings : Move media report stats , Apply destination affiliate Revshare settings , Apply destination affiliate CPA Qualification",4/17/2025 9:38:33 AM,cx-akmal,Yes,35283
bullwaves-155130,155130,2287,35283,"User bullwaves-155130 was moved from affiliate 2287 to  affiliate 35283  With settings : Move media report stats , Apply destination affiliate Revshare settings , Apply destination affiliate CPA Qualification",4/17/2025 9:38:32 AM,cx-akmal,Yes,35283
bullwaves-155324,155324,2287,35283,"User bullwaves-155324 was moved from affiliate 2287 to  affiliate 35283  With settings : Move media report stats , Apply destination affiliate Revshare settings , Apply destination affiliate CPA Qualification",4/17/2025 9:38:32 AM,cx-akmal,Yes,35283
bullwaves-155401,155401,2287,35283,"User bullwaves-155401 was moved from affiliate 2287 to  affiliate 35283  With settings : Move media report stats , Apply destination affiliate Revshare settings , Apply destination affiliate CPA Qualification",4/17/2025 9:38:30 AM,cx-akmal,Yes,35283
bullwaves-155418,155418,2287,35283,"User bullwaves-155418 was moved from affiliate 2287 to  affiliate 35283  With settings : Move media report stats , Apply destination affiliate Revshare settings , Apply destination affiliate CPA Qualification",4/17/2025 9:38:29 AM,cx-akmal,Yes,35283
bullwaves-155442,155442,2287,35283,"User bullwaves-155442 was moved from affiliate 2287 to  affiliate 35283  With settings : Move media report stats , Apply destination affiliate Revshare settings , Apply destination affiliate CPA Qualification",4/17/2025 9:38:28 AM,cx-akmal,Yes,35283
bullwaves-155462,155462,2287,35283,"User bullwaves-155462 was moved from affiliate 2287 to  affiliate 35283  With settings : Move media report stats , Apply destination affiliate Revshare settings , Apply destination affiliate CPA Qualification",4/17/2025 9:38:26 AM,cx-akmal,Yes,35283
bullwaves-155527,155527,2287,35283,"User bullwaves-155527 was moved from affiliate 2287 to  affiliate 35283  With settings : Move media report stats , Apply destination affiliate Revshare settings , Apply destination affiliate CPA Qualification",4/17/2025 9:38:25 AM,cx-akmal,Yes,35283
bullwaves-155606,155606,2287,35283,"User bullwaves-155606 was moved from affiliate 2287 to  affiliate 35283  With settings : Move media report stats , Apply destination affiliate Revshare settings , Apply destination affiliate CPA Qualification",4/17/2025 9:38:25 AM,cx-akmal,Yes,35283
bullwaves-155649,155649,2287,35283,"User bullwaves-155649 was moved from affiliate 2287 to  affiliate 35283  With settings : Move media report stats , Apply destination affiliate Revshare settings , Apply destination affiliate CPA Qualification",4/17/2025 9:38:23 AM,cx-akmal,Yes,35283
bullwaves-155677,155677,2287,35283,"User bullwaves-155677 was moved from affiliate 2287 to  affiliate 35283  With settings : Move media report stats , Apply destination affiliate Revshare settings , Apply destination affiliate CPA Qualification",4/17/2025 9:38:22 AM,cx-akmal,Yes,35283
bullwaves-155711,155711,2287,35283,"User bullwaves-155711 was moved from affiliate 2287 to  affiliate 35283  With settings : Move media report stats , Apply destination affiliate Revshare settings , Apply destination affiliate CPA Qualification",4/17/2025 9:38:22 AM,cx-akmal,Yes,35283
bullwaves-155707,155707,2287,35283,"User bullwaves-155707 was moved from affiliate 2287 to  affiliate 35283  With settings : Move media report stats , Apply destination affiliate Revshare settings , Apply destination affiliate CPA Qualification",4/17/2025 9:38:20 AM,cx-akmal,Yes,35283
bullwaves-155785,155785,2287,35283,"User bullwaves-155785 was moved from affiliate 2287 to  affiliate 35283  With settings : Move media report stats , Apply destination affiliate Revshare settings , Apply destination affiliate CPA Qualification",4/17/2025 9:38:18 AM,cx-akmal,Yes,35283
bullwaves-155789,155789,2287,35283,"User bullwaves-155789 was moved from affiliate 2287 to  affiliate 35283  With settings : Move media report stats , Apply destination affiliate Revshare settings , Apply destination affiliate CPA Qualification",4/17/2025 9:38:17 AM,cx-akmal,Yes,35283
bullwaves-155819,155819,2287,35283,"User bullwaves-155819 was moved from affiliate 2287 to  affiliate 35283  With settings : Move media report stats , Apply destination affiliate Revshare settings , Apply destination affiliate CPA Qualification",4/17/2025 9:38:17 AM,cx-akmal,Yes,35283
bullwaves-155829,155829,2287,35283,"User bullwaves-155829 was moved from affiliate 2287 to  affiliate 35283  With settings : Move media report stats , Apply destination affiliate Revshare settings , Apply destination affiliate CPA Qualification",4/17/2025 9:38:15 AM,cx-akmal,Yes,35283
bullwaves-155979,155979,2287,35283,"User bullwaves-155979 was moved from affiliate 2287 to  affiliate 35283  With settings : Move media report stats , Apply destination affiliate Revshare settings , Apply destination affiliate CPA Qualification",4/17/2025 9:38:14 AM,cx-akmal,Yes,35283
bullwaves-156376,156376,2287,35283,"User bullwaves-156376 was moved from affiliate 2287 to  affiliate 35283  With settings : Move media report stats , Apply destination affiliate Revshare settings , Apply destination affiliate CPA Qualification",4/17/2025 9:38:14 AM,cx-akmal,Yes,35283
bullwaves-156466,156466,2287,35283,"User bullwaves-156466 was moved from affiliate 2287 to  affiliate 35283  With settings : Move media report stats , Apply destination affiliate Revshare settings , Apply destination affiliate CPA Qualification",4/17/2025 9:38:12 AM,cx-akmal,Yes,35283
bullwaves-156550,156550,2287,35283,"User bullwaves-156550 was moved from affiliate 2287 to  affiliate 35283  With settings : Move media report stats , Apply destination affiliate Revshare settings , Apply destination affiliate CPA Qualification",4/17/2025 9:38:11 AM,cx-akmal,Yes,35283
bullwaves-156621,156621,2287,35283,"User bullwaves-156621 was moved from affiliate 2287 to  affiliate 35283  With settings : Move media report stats , Apply destination affiliate Revshare settings , Apply destination affiliate CPA Qualification",4/17/2025 9:38:11 AM,cx-akmal,Yes,35283
bullwaves-156715,156715,2287,35283,"User bullwaves-156715 was moved from affiliate 2287 to  affiliate 35283  With settings : Move media report stats , Apply destination affiliate Revshare settings , Apply destination affiliate CPA Qualification",4/17/2025 9:38:09 AM,cx-akmal,Yes,35283
bullwaves-156745,156745,2287,35283,"User bullwaves-156745 was moved from affiliate 2287 to  affiliate 35283  With settings : Move media report stats , Apply destination affiliate Revshare settings , Apply destination affiliate CPA Qualification",4/17/2025 9:38:08 AM,cx-akmal,Yes,35283
bullwaves-156773,156773,2287,35283,"User bullwaves-156773 was moved from affiliate 2287 to  affiliate 35283  With settings : Move media report stats , Apply destination affiliate Revshare settings , Apply destination affiliate CPA Qualification",4/17/2025 9:38:08 AM,cx-akmal,Yes,35283
bullwaves-156832,156832,2287,35283,"User bullwaves-156832 was moved from affiliate 2287 to  affiliate 35283  With settings : Move media report stats , Apply destination affiliate Revshare settings , Apply destination affiliate CPA Qualification",4/17/2025 9:38:06 AM,cx-akmal,Yes,35283
bullwaves-157009,157009,2287,35283,"User bullwaves-157009 was moved from affiliate 2287 to  affiliate 35283  With settings : Move media report stats , Apply destination affiliate Revshare settings , Apply destination affiliate CPA Qualification",4/17/2025 9:38:05 AM,cx-akmal,Yes,35283
bullwaves-157014,157014,2287,35283,"User bullwaves-157014 was moved from affiliate 2287 to  affiliate 35283  With settings : Move media report stats , Apply destination affiliate Revshare settings , Apply destination affiliate CPA Qualification",4/17/2025 9:38:05 AM,cx-akmal,Yes,35283
bullwaves-157099,157099,2287,35283,"User bullwaves-157099 was moved from affiliate 2287 to  affiliate 35283  With settings : Move media report stats , Apply destination affiliate Revshare settings , Apply destination affiliate CPA Qualification",4/17/2025 9:38:03 AM,cx-akmal,Yes,35283
bullwaves-157423,157423,2287,35283,"User bullwaves-157423 was moved from affiliate 2287 to  affiliate 35283  With settings : Move media report stats , Apply destination affiliate Revshare settings , Apply destination affiliate CPA Qualification",4/17/2025 9:38:02 AM,cx-akmal,Yes,35283
bullwaves-157644,157644,2287,35283,"User bullwaves-157644 was moved from affiliate 2287 to  affiliate 35283  With settings : Move media report stats , Apply destination affiliate Revshare settings , Apply destination affiliate CPA Qualification",4/17/2025 9:38:02 AM,cx-akmal,Yes,35283
bullwaves-157853,157853,2287,35283,"User bullwaves-157853 was moved from affiliate 2287 to  affiliate 35283  With settings : Move media report stats , Apply destination affiliate Revshare settings , Apply destination affiliate CPA Qualification",4/17/2025 9:38:00 AM,cx-akmal,Yes,35283
bullwaves-157945,157945,2287,35283,"User bullwaves-157945 was moved from affiliate 2287 to  affiliate 35283  With settings : Move media report stats , Apply destination affiliate Revshare settings , Apply destination affiliate CPA Qualification",4/17/2025 9:37:59 AM,cx-akmal,Yes,35283
bullwaves-157995,157995,2287,35283,"User bullwaves-157995 was moved from affiliate 2287 to  affiliate 35283  With settings : Move media report stats , Apply destination affiliate Revshare settings , Apply destination affiliate CPA Qualification",4/17/2025 9:37:59 AM,cx-akmal,Yes,35283
bullwaves-158038,158038,2287,35283,"User bullwaves-158038 was moved from affiliate 2287 to  affiliate 35283  With settings : Move media report stats , Apply destination affiliate Revshare settings , Apply destination affiliate CPA Qualification",4/17/2025 9:37:57 AM,cx-akmal,Yes,35283
bullwaves-158051,158051,2287,35283,"User bullwaves-158051 was moved from affiliate 2287 to  affiliate 35283  With settings : Move media report stats , Apply destination affiliate Revshare settings , Apply destination affiliate CPA Qualification",4/17/2025 9:37:56 AM,cx-akmal,Yes,35283
bullwaves-158127,158127,2287,35283,"User bullwaves-158127 was moved from affiliate 2287 to  affiliate 35283  With settings : Move media report stats , Apply destination affiliate Revshare settings , Apply destination affiliate CPA Qualification",4/17/2025 9:37:56 AM,cx-akmal,Yes,35283
bullwaves-158131,158131,2287,35283,"User bullwaves-158131 was moved from affiliate 2287 to  affiliate 35283  With settings : Move media report stats , Apply destination affiliate Revshare settings , Apply destination affiliate CPA Qualification",4/17/2025 9:37:54 AM,cx-akmal,Yes,35283
bullwaves-158134,158134,2287,35283,"User bullwaves-158134 was moved from affiliate 2287 to  affiliate 35283  With settings : Move media report stats , Apply destination affiliate Revshare settings , Apply destination affiliate CPA Qualification",4/17/2025 9:37:54 AM,cx-akmal,Yes,35283
bullwaves-158193,158193,2287,35283,"User bullwaves-158193 was moved from affiliate 2287 to  affiliate 35283  With settings : Move media report stats , Apply destination affiliate Revshare settings , Apply destination affiliate CPA Qualification",4/17/2025 9:37:53 AM,cx-akmal,Yes,35283
bullwaves-158286,158286,2287,35283,"User bullwaves-158286 was moved from affiliate 2287 to  affiliate 35283  With settings : Move media report stats , Apply destination affiliate Revshare settings , Apply destination affiliate CPA Qualification",4/17/2025 9:37:51 AM,cx-akmal,Yes,35283
bullwaves-158353,158353,2287,35283,"User bullwaves-158353 was moved from affiliate 2287 to  affiliate 35283  With settings : Move media report stats , Apply destination affiliate Revshare settings , Apply destination affiliate CPA Qualification",4/17/2025 9:37:51 AM,cx-akmal,Yes,35283
bullwaves-158359,158359,2287,35283,"User bullwaves-158359 was moved from affiliate 2287 to  affiliate 35283  With settings : Move media report stats , Apply destination affiliate Revshare settings , Apply destination affiliate CPA Qualification",4/17/2025 9:37:50 AM,cx-akmal,Yes,35283
bullwaves-158384,158384,2287,35283,"User bullwaves-158384 was moved from affiliate 2287 to  affiliate 35283  With settings : Move media report stats , Apply destination affiliate Revshare settings , Apply destination affiliate CPA Qualification",4/17/2025 9:37:48 AM,cx-akmal,Yes,35283
bullwaves-158391,158391,2287,35283,"User bullwaves-158391 was moved from affiliate 2287 to  affiliate 35283  With settings : Move media report stats , Apply destination affiliate Revshare settings , Apply destination affiliate CPA Qualification",4/17/2025 9:37:48 AM,cx-akmal,Yes,35283
bullwaves-158431,158431,2287,35283,"User bullwaves-158431 was moved from affiliate 2287 to  affiliate 35283  With settings : Move media report stats , Apply destination affiliate Revshare settings , Apply destination affiliate CPA Qualification",4/17/2025 9:37:47 AM,cx-akmal,Yes,35283
bullwaves-158530,158530,2287,35283,"User bullwaves-158530 was moved from affiliate 2287 to  affiliate 35283  With settings : Move media report stats , Apply destination affiliate Revshare settings , Apply destination affiliate CPA Qualification",4/17/2025 9:37:45 AM,cx-akmal,Yes,35283
bullwaves-158612,158612,2287,35283,"User bullwaves-158612 was moved from affiliate 2287 to  affiliate 35283  With settings : Move media report stats , Apply destination affiliate Revshare settings , Apply destination affiliate CPA Qualification",4/17/2025 9:37:45 AM,cx-akmal,Yes,35283
bullwaves-158615,158615,2287,35283,"User bullwaves-158615 was moved from affiliate 2287 to  affiliate 35283  With settings : Move media report stats , Apply destination affiliate Revshare settings , Apply destination affiliate CPA Qualification",4/17/2025 9:37:44 AM,cx-akmal,Yes,35283
bullwaves-158669,158669,2287,35283,"User bullwaves-158669 was moved from affiliate 2287 to  affiliate 35283  With settings : Move media report stats , Apply destination affiliate Revshare settings , Apply destination affiliate CPA Qualification",4/17/2025 9:37:42 AM,cx-akmal,Yes,35283
bullwaves-158682,158682,2287,35283,"User bullwaves-158682 was moved from affiliate 2287 to  affiliate 35283  With settings : Move media report stats , Apply destination affiliate Revshare settings , Apply destination affiliate CPA Qualification",4/17/2025 9:37:41 AM,cx-akmal,Yes,35283
bullwaves-158693,158693,2287,35283,"User bullwaves-158693 was moved from affiliate 2287 to  affiliate 35283  With settings : Move media report stats , Apply destination affiliate Revshare settings , Apply destination affiliate CPA Qualification",4/17/2025 9:37:41 AM,cx-akmal,Yes,35283
bullwaves-158943,158943,2287,35283,"User bullwaves-158943 was moved from affiliate 2287 to  affiliate 35283  With settings : Move media report stats , Apply destination affiliate Revshare settings , Apply destination affiliate CPA Qualification",4/17/2025 9:37:39 AM,cx-akmal,Yes,35283
bullwaves-158970,158970,2287,35283,"User bullwaves-158970 was moved from affiliate 2287 to  affiliate 35283  With settings : Move media report stats , Apply destination affiliate Revshare settings , Apply destination affiliate CPA Qualification",4/17/2025 9:37:38 AM,cx-akmal,Yes,35283
bullwaves-158979,158979,2287,35283,"User bullwaves-158979 was moved from affiliate 2287 to  affiliate 35283  With settings : Move media report stats , Apply destination affiliate Revshare settings , Apply destination affiliate CPA Qualification",4/17/2025 9:37:38 AM,cx-akmal,Yes,35283
bullwaves-159200,159200,2287,35283,"User bullwaves-159200 was moved from affiliate 2287 to  affiliate 35283  With settings : Move media report stats , Apply destination affiliate Revshare settings , Apply destination affiliate CPA Qualification",4/17/2025 9:37:36 AM,cx-akmal,Yes,35283
bullwaves-159281,159281,2287,35283,"User bullwaves-159281 was moved from affiliate 2287 to  affiliate 35283  With settings : Move media report stats , Apply destination affiliate Revshare settings , Apply destination affiliate CPA Qualification",4/17/2025 9:37:35 AM,cx-akmal,Yes,35283
bullwaves-159309,159309,2287,35283,"User bullwaves-159309 was moved from affiliate 2287 to  affiliate 35283  With settings : Move media report stats , Apply destination affiliate Revshare settings , Apply destination affiliate CPA Qualification",4/17/2025 9:37:34 AM,cx-akmal,Yes,35283
bullwaves-159550,159550,2287,35283,"User bullwaves-159550 was moved from affiliate 2287 to  affiliate 35283  With settings : Move media report stats , Apply destination affiliate Revshare settings , Apply destination affiliate CPA Qualification",4/17/2025 9:37:32 AM,cx-akmal,Yes,35283
bullwaves-159799,159799,2287,35283,"User bullwaves-159799 was moved from affiliate 2287 to  affiliate 35283  With settings : Move media report stats , Apply destination affiliate Revshare settings , Apply destination affiliate CPA Qualification",4/17/2025 9:37:32 AM,cx-akmal,Yes,35283
bullwaves-159823,159823,2287,35283,"User bullwaves-159823 was moved from affiliate 2287 to  affiliate 35283  With settings : Move media report stats , Apply destination affiliate Revshare settings , Apply destination affiliate CPA Qualification",4/17/2025 9:37:31 AM,cx-akmal,Yes,35283
bullwaves-159874,159874,2287,35283,"User bullwaves-159874 was moved from affiliate 2287 to  affiliate 35283  With settings : Move media report stats , Apply destination affiliate Revshare settings , Apply destination affiliate CPA Qualification",4/17/2025 9:37:29 AM,cx-akmal,Yes,35283
bullwaves-159900,159900,2287,35283,"User bullwaves-159900 was moved from affiliate 2287 to  affiliate 35283  With settings : Move media report stats , Apply destination affiliate Revshare settings , Apply destination affiliate CPA Qualification",4/17/2025 9:37:28 AM,cx-akmal,Yes,35283
bullwaves-159999,159999,2287,35283,"User bullwaves-159999 was moved from affiliate 2287 to  affiliate 35283  With settings : Move media report stats , Apply destination affiliate Revshare settings , Apply destination affiliate CPA Qualification",4/17/2025 9:37:26 AM,cx-akmal,Yes,35283
bullwaves-160046,160046,2287,35283,"User bullwaves-160046 was moved from affiliate 2287 to  affiliate 35283  With settings : Move media report stats , Apply destination affiliate Revshare settings , Apply destination affiliate CPA Qualification",4/17/2025 9:34:57 AM,cx-akmal,Yes,35283
bullwaves-160077,160077,2287,35283,"User bullwaves-160077 was moved from affiliate 2287 to  affiliate 35283  With settings : Move media report stats , Apply destination affiliate Revshare settings , Apply destination affiliate CPA Qualification",4/17/2025 9:34:56 AM,cx-akmal,Yes,35283
bullwaves-160123,160123,2287,35283,"User bullwaves-160123 was moved from affiliate 2287 to  affiliate 35283  With settings : Move media report stats , Apply destination affiliate Revshare settings , Apply destination affiliate CPA Qualification",4/17/2025 9:34:55 AM,cx-akmal,Yes,35283
bullwaves-160279,160279,2287,35283,"User bullwaves-160279 was moved from affiliate 2287 to  affiliate 35283  With settings : Move media report stats , Apply destination affiliate Revshare settings , Apply destination affiliate CPA Qualification",4/17/2025 9:34:54 AM,cx-akmal,Yes,35283
bullwaves-160320,160320,2287,35283,"User bullwaves-160320 was moved from affiliate 2287 to  affiliate 35283  With settings : Move media report stats , Apply destination affiliate Revshare settings , Apply destination affiliate CPA Qualification",4/17/2025 9:34:53 AM,cx-akmal,Yes,35283
bullwaves-160390,160390,2287,35283,"User bullwaves-160390 was moved from affiliate 2287 to  affiliate 35283  With settings : Move media report stats , Apply destination affiliate Revshare settings , Apply destination affiliate CPA Qualification",4/17/2025 9:34:52 AM,cx-akmal,Yes,35283
bullwaves-160487,160487,2287,35283,"User bullwaves-160487 was moved from affiliate 2287 to  affiliate 35283  With settings : Move media report stats , Apply destination affiliate Revshare settings , Apply destination affiliate CPA Qualification",4/17/2025 9:34:50 AM,cx-akmal,Yes,35283
bullwaves-160599,160599,2287,35283,"User bullwaves-160599 was moved from affiliate 2287 to  affiliate 35283  With settings : Move media report stats , Apply destination affiliate Revshare settings , Apply destination affiliate CPA Qualification",4/17/2025 9:34:49 AM,cx-akmal,Yes,35283
bullwaves-160594,160594,2287,35283,"User bullwaves-160594 was moved from affiliate 2287 to  affiliate 35283  With settings : Move media report stats , Apply destination affiliate Revshare settings , Apply destination affiliate CPA Qualification",4/17/2025 9:34:49 AM,cx-akmal,Yes,35283
bullwaves-160755,160755,2287,35283,"User bullwaves-160755 was moved from affiliate 2287 to  affiliate 35283  With settings : Move media report stats , Apply destination affiliate Revshare settings , Apply destination affiliate CPA Qualification",4/17/2025 9:34:48 AM,cx-akmal,Yes,35283
bullwaves-160760,160760,2287,35283,"User bullwaves-160760 was moved from affiliate 2287 to  affiliate 35283  With settings : Move media report stats , Apply destination affiliate Revshare settings , Apply destination affiliate CPA Qualification",4/17/2025 9:34:46 AM,cx-akmal,Yes,35283
bullwaves-160772,160772,2287,35283,"User bullwaves-160772 was moved from affiliate 2287 to  affiliate 35283  With settings : Move media report stats , Apply destination affiliate Revshare settings , Apply destination affiliate CPA Qualification",4/17/2025 9:34:46 AM,cx-akmal,Yes,35283
bullwaves-160926,160926,2287,35283,"User bullwaves-160926 was moved from affiliate 2287 to  affiliate 35283  With settings : Move media report stats , Apply destination affiliate Revshare settings , Apply destination affiliate CPA Qualification",4/17/2025 9:34:45 AM,cx-akmal,Yes,35283
bullwaves-161143,161143,2287,35283,"User bullwaves-161143 was moved from affiliate 2287 to  affiliate 35283  With settings : Move media report stats , Apply destination affiliate Revshare settings , Apply destination affiliate CPA Qualification",4/17/2025 9:34:44 AM,cx-akmal,Yes,35283
bullwaves-161149,161149,2287,35283,"User bullwaves-161149 was moved from affiliate 2287 to  affiliate 35283  With settings : Move media report stats , Apply destination affiliate Revshare settings , Apply destination affiliate CPA Qualification",4/17/2025 9:34:43 AM,cx-akmal,Yes,35283
bullwaves-161162,161162,2287,35283,"User bullwaves-161162 was moved from affiliate 2287 to  affiliate 35283  With settings : Move media report stats , Apply destination affiliate Revshare settings , Apply destination affiliate CPA Qualification",4/17/2025 9:34:42 AM,cx-akmal,Yes,35283
bullwaves-161312,161312,2287,35283,"User bullwaves-161312 was moved from affiliate 2287 to  affiliate 35283  With settings : Move media report stats , Apply destination affiliate Revshare settings , Apply destination affiliate CPA Qualification",4/17/2025 9:34:41 AM,cx-akmal,Yes,35283
bullwaves-161377,161377,2287,35283,"User bullwaves-161377 was moved from affiliate 2287 to  affiliate 35283  With settings : Move media report stats , Apply destination affiliate Revshare settings , Apply destination affiliate CPA Qualification",4/17/2025 9:34:39 AM,cx-akmal,Yes,35283
bullwaves-161394,161394,2287,35283,"User bullwaves-161394 was moved from affiliate 2287 to  affiliate 35283  With settings : Move media report stats , Apply destination affiliate Revshare settings , Apply destination affiliate CPA Qualification",4/17/2025 9:34:39 AM,cx-akmal,Yes,35283
bullwaves-161398,161398,2287,35283,"User bullwaves-161398 was moved from affiliate 2287 to  affiliate 35283  With settings : Move media report stats , Apply destination affiliate Revshare settings , Apply destination affiliate CPA Qualification",4/17/2025 9:34:38 AM,cx-akmal,Yes,35283
bullwaves-161464,161464,2287,35283,"User bullwaves-161464 was moved from affiliate 2287 to  affiliate 35283  With settings : Move media report stats , Apply destination affiliate Revshare settings , Apply destination affiliate CPA Qualification",4/17/2025 9:34:37 AM,cx-akmal,Yes,35283
bullwaves-161547,161547,2287,35283,"User bullwaves-161547 was moved from affiliate 2287 to  affiliate 35283  With settings : Move media report stats , Apply destination affiliate Revshare settings , Apply destination affiliate CPA Qualification",4/17/2025 9:34:36 AM,cx-akmal,Yes,35283
bullwaves-161680,161680,2287,35283,"User bullwaves-161680 was moved from affiliate 2287 to  affiliate 35283  With settings : Move media report stats , Apply destination affiliate Revshare settings , Apply destination affiliate CPA Qualification",4/17/2025 9:34:35 AM,cx-akmal,Yes,35283
bullwaves-161903,161903,2287,35283,"User bullwaves-161903 was moved from affiliate 2287 to  affiliate 35283  With settings : Move media report stats , Apply destination affiliate Revshare settings , Apply destination affiliate CPA Qualification",4/17/2025 9:34:33 AM,cx-akmal,Yes,35283
bullwaves-161932,161932,2287,35283,"User bullwaves-161932 was moved from affiliate 2287 to  affiliate 35283  With settings : Move media report stats , Apply destination affiliate Revshare settings , Apply destination affiliate CPA Qualification",4/17/2025 9:34:32 AM,cx-akmal,Yes,35283
bullwaves-162059,162059,2287,35283,"User bullwaves-162059 was moved from affiliate 2287 to  affiliate 35283  With settings : Move media report stats , Apply destination affiliate Revshare settings , Apply destination affiliate CPA Qualification",4/17/2025 9:34:32 AM,cx-akmal,Yes,35283
bullwaves-162170,162170,2287,35283,"User bullwaves-162170 was moved from affiliate 2287 to  affiliate 35283  With settings : Move media report stats , Apply destination affiliate Revshare settings , Apply destination affiliate CPA Qualification",4/17/2025 9:34:31 AM,cx-akmal,Yes,35283
bullwaves-162260,162260,2287,35283,"User bullwaves-162260 was moved from affiliate 2287 to  affiliate 35283  With settings : Move media report stats , Apply destination affiliate Revshare settings , Apply destination affiliate CPA Qualification",4/17/2025 9:34:29 AM,cx-akmal,Yes,35283
bullwaves-162266,162266,2287,35283,"User bullwaves-162266 was moved from affiliate 2287 to  affiliate 35283  With settings : Move media report stats , Apply destination affiliate Revshare settings , Apply destination affiliate CPA Qualification",4/17/2025 9:34:29 AM,cx-akmal,Yes,35283
bullwaves-162273,162273,2287,35283,"User bullwaves-162273 was moved from affiliate 2287 to  affiliate 35283  With settings : Move media report stats , Apply destination affiliate Revshare settings , Apply destination affiliate CPA Qualification",4/17/2025 9:34:28 AM,cx-akmal,Yes,35283
bullwaves-162363,162363,2287,35283,"User bullwaves-162363 was moved from affiliate 2287 to  affiliate 35283  With settings : Move media report stats , Apply destination affiliate Revshare settings , Apply destination affiliate CPA Qualification",4/17/2025 9:34:28 AM,cx-akmal,Yes,35283
bullwaves-162400,162400,2287,35283,"User bullwaves-162400 was moved from affiliate 2287 to  affiliate 35283  With settings : Move media report stats , Apply destination affiliate Revshare settings , Apply destination affiliate CPA Qualification",4/17/2025 9:34:26 AM,cx-akmal,Yes,35283
bullwaves-162428,162428,2287,35283,"User bullwaves-162428 was moved from affiliate 2287 to  affiliate 35283  With settings : Move media report stats , Apply destination affiliate Revshare settings , Apply destination affiliate CPA Qualification",4/17/2025 9:34:25 AM,cx-akmal,Yes,35283
bullwaves-162422,162422,2287,35283,"User bullwaves-162422 was moved from affiliate 2287 to  affiliate 35283  With settings : Move media report stats , Apply destination affiliate Revshare settings , Apply destination affiliate CPA Qualification",4/17/2025 9:34:25 AM,cx-akmal,Yes,35283
bullwaves-162480,162480,2287,35283,"User bullwaves-162480 was moved from affiliate 2287 to  affiliate 35283  With settings : Move media report stats , Apply destination affiliate Revshare settings , Apply destination affiliate CPA Qualification",4/17/2025 9:34:23 AM,cx-akmal,Yes,35283
bullwaves-162734,162734,2287,35283,"User bullwaves-162734 was moved from affiliate 2287 to  affiliate 35283  With settings : Move media report stats , Apply destination affiliate Revshare settings , Apply destination affiliate CPA Qualification",4/17/2025 9:34:22 AM,cx-akmal,Yes,35283
bullwaves-162731,162731,2287,35283,"User bullwaves-162731 was moved from affiliate 2287 to  affiliate 35283  With settings : Move media report stats , Apply destination affiliate Revshare settings , Apply destination affiliate CPA Qualification",4/17/2025 9:34:21 AM,cx-akmal,Yes,35283
bullwaves-162744,162744,2287,35283,"User bullwaves-162744 was moved from affiliate 2287 to  affiliate 35283  With settings : Move media report stats , Apply destination affiliate Revshare settings , Apply destination affiliate CPA Qualification",4/17/2025 9:34:20 AM,cx-akmal,Yes,35283
bullwaves-162750,162750,2287,35283,"User bullwaves-162750 was moved from affiliate 2287 to  affiliate 35283  With settings : Move media report stats , Apply destination affiliate Revshare settings , Apply destination affiliate CPA Qualification",4/17/2025 9:34:19 AM,cx-akmal,Yes,35283
bullwaves-163185,163185,2287,35283,"User bullwaves-163185 was moved from affiliate 2287 to  affiliate 35283  With settings : Move media report stats , Apply destination affiliate Revshare settings , Apply destination affiliate CPA Qualification",4/17/2025 9:34:18 AM,cx-akmal,Yes,35283
bullwaves-163220,163220,2287,35283,"User bullwaves-163220 was moved from affiliate 2287 to  affiliate 35283  With settings : Move media report stats , Apply destination affiliate Revshare settings , Apply destination affiliate CPA Qualification",4/17/2025 9:34:16 AM,cx-akmal,Yes,35283
bullwaves-163245,163245,2287,35283,"User bullwaves-163245 was moved from affiliate 2287 to  affiliate 35283  With settings : Move media report stats , Apply destination affiliate Revshare settings , Apply destination affiliate CPA Qualification",4/17/2025 9:34:16 AM,cx-akmal,Yes,35283
bullwaves-163267,163267,2287,35283,"User bullwaves-163267 was moved from affiliate 2287 to  affiliate 35283  With settings : Move media report stats , Apply destination affiliate Revshare settings , Apply destination affiliate CPA Qualification",4/17/2025 9:34:15 AM,cx-akmal,Yes,35283
bullwaves-163293,163293,2287,35283,"User bullwaves-163293 was moved from affiliate 2287 to  affiliate 35283  With settings : Move media report stats , Apply destination affiliate Revshare settings , Apply destination affiliate CPA Qualification",4/17/2025 9:34:13 AM,cx-akmal,Yes,35283
bullwaves-163414,163414,2287,35283,"User bullwaves-163414 was moved from affiliate 2287 to  affiliate 35283  With settings : Move media report stats , Apply destination affiliate Revshare settings , Apply destination affiliate CPA Qualification",4/17/2025 9:34:12 AM,cx-akmal,Yes,35283
bullwaves-163875,163875,2287,35283,"User bullwaves-163875 was moved from affiliate 2287 to  affiliate 35283  With settings : Move media report stats , Apply destination affiliate Revshare settings , Apply destination affiliate CPA Qualification",4/17/2025 9:34:12 AM,cx-akmal,Yes,35283
bullwaves-163885,163885,2287,35283,"User bullwaves-163885 was moved from affiliate 2287 to  affiliate 35283  With settings : Move media report stats , Apply destination affiliate Revshare settings , Apply destination affiliate CPA Qualification",4/17/2025 9:34:10 AM,cx-akmal,Yes,35283
bullwaves-163961,163961,2287,35283,"User bullwaves-163961 was moved from affiliate 2287 to  affiliate 35283  With settings : Move media report stats , Apply destination affiliate Revshare settings , Apply destination affiliate CPA Qualification",4/17/2025 9:34:09 AM,cx-akmal,Yes,35283
bullwaves-164024,164024,2287,35283,"User bullwaves-164024 was moved from affiliate 2287 to  affiliate 35283  With settings : Move media report stats , Apply destination affiliate Revshare settings , Apply destination affiliate CPA Qualification",4/17/2025 9:34:09 AM,cx-akmal,Yes,35283
bullwaves-164029,164029,2287,35283,"User bullwaves-164029 was moved from affiliate 2287 to  affiliate 35283  With settings : Move media report stats , Apply destination affiliate Revshare settings , Apply destination affiliate CPA Qualification",4/17/2025 9:34:07 AM,cx-akmal,Yes,35283
bullwaves-164054,164054,2287,35283,"User bullwaves-164054 was moved from affiliate 2287 to  affiliate 35283  With settings : Move media report stats , Apply destination affiliate Revshare settings , Apply destination affiliate CPA Qualification",4/17/2025 9:34:06 AM,cx-akmal,Yes,35283
bullwaves-164062,164062,2287,35283,"User bullwaves-164062 was moved from affiliate 2287 to  affiliate 35283  With settings : Move media report stats , Apply destination affiliate Revshare settings , Apply destination affiliate CPA Qualification",4/17/2025 9:34:04 AM,cx-akmal,Yes,35283
bullwaves-164085,164085,2287,35283,"User bullwaves-164085 was moved from affiliate 2287 to  affiliate 35283  With settings : Move media report stats , Apply destination affiliate Revshare settings , Apply destination affiliate CPA Qualification",4/17/2025 9:34:04 AM,cx-akmal,Yes,35283
bullwaves-164095,164095,2287,35283,"User bullwaves-164095 was moved from affiliate 2287 to  affiliate 35283  With settings : Move media report stats , Apply destination affiliate Revshare settings , Apply destination affiliate CPA Qualification",4/17/2025 9:34:03 AM,cx-akmal,Yes,35283
bullwaves-164092,164092,2287,35283,"User bullwaves-164092 was moved from affiliate 2287 to  affiliate 35283  With settings : Move media report stats , Apply destination affiliate Revshare settings , Apply destination affiliate CPA Qualification",4/17/2025 9:34:03 AM,cx-akmal,Yes,35283
bullwaves-164305,164305,2287,35283,"User bullwaves-164305 was moved from affiliate 2287 to  affiliate 35283  With settings : Move media report stats , Apply destination affiliate Revshare settings , Apply destination affiliate CPA Qualification",4/17/2025 9:34:01 AM,cx-akmal,Yes,35283
bullwaves-164310,164310,2287,35283,"User bullwaves-164310 was moved from affiliate 2287 to  affiliate 35283  With settings : Move media report stats , Apply destination affiliate Revshare settings , Apply destination affiliate CPA Qualification",4/17/2025 9:34:00 AM,cx-akmal,Yes,35283
bullwaves-164475,164475,2287,35283,"User bullwaves-164475 was moved from affiliate 2287 to  affiliate 35283  With settings : Move media report stats , Apply destination affiliate Revshare settings , Apply destination affiliate CPA Qualification",4/17/2025 9:33:58 AM,cx-akmal,Yes,35283
bullwaves-164537,164537,2287,35283,"User bullwaves-164537 was moved from affiliate 2287 to  affiliate 35283  With settings : Move media report stats , Apply destination affiliate Revshare settings , Apply destination affiliate CPA Qualification",4/17/2025 9:33:57 AM,cx-akmal,Yes,35283
bullwaves-164720,164720,2287,35283,"User bullwaves-164720 was moved from affiliate 2287 to  affiliate 35283  With settings : Move media report stats , Apply destination affiliate Revshare settings , Apply destination affiliate CPA Qualification",4/17/2025 9:33:57 AM,cx-akmal,Yes,35283
bullwaves-164844,164844,2287,35283,"User bullwaves-164844 was moved from affiliate 2287 to  affiliate 35283  With settings : Move media report stats , Apply destination affiliate Revshare settings , Apply destination affiliate CPA Qualification",4/17/2025 9:33:55 AM,cx-akmal,Yes,35283
bullwaves-164936,164936,2287,35283,"User bullwaves-164936 was moved from affiliate 2287 to  affiliate 35283  With settings : Move media report stats , Apply destination affiliate Revshare settings , Apply destination affiliate CPA Qualification",4/17/2025 9:33:54 AM,cx-akmal,Yes,35283
bullwaves-164968,164968,2287,35283,"User bullwaves-164968 was moved from affiliate 2287 to  affiliate 35283  With settings : Move media report stats , Apply destination affiliate Revshare settings , Apply destination affiliate CPA Qualification",4/17/2025 9:33:54 AM,cx-akmal,Yes,35283
bullwaves-165079,165079,2287,35283,"User bullwaves-165079 was moved from affiliate 2287 to  affiliate 35283  With settings : Move media report stats , Apply destination affiliate Revshare settings , Apply destination affiliate CPA Qualification",4/17/2025 9:33:52 AM,cx-akmal,Yes,35283
bullwaves-165216,165216,2287,35283,"User bullwaves-165216 was moved from affiliate 2287 to  affiliate 35283  With settings : Move media report stats , Apply destination affiliate Revshare settings , Apply destination affiliate CPA Qualification",4/17/2025 9:33:51 AM,cx-akmal,Yes,35283
bullwaves-165269,165269,2287,35283,"User bullwaves-165269 was moved from affiliate 2287 to  affiliate 35283  With settings : Move media report stats , Apply destination affiliate Revshare settings , Apply destination affiliate CPA Qualification",4/17/2025 9:33:51 AM,cx-akmal,Yes,35283
bullwaves-165291,165291,2287,35283,"User bullwaves-165291 was moved from affiliate 2287 to  affiliate 35283  With settings : Move media report stats , Apply destination affiliate Revshare settings , Apply destination affiliate CPA Qualification",4/17/2025 9:33:49 AM,cx-akmal,Yes,35283
bullwaves-165330,165330,2287,35283,"User bullwaves-165330 was moved from affiliate 2287 to  affiliate 35283  With settings : Move media report stats , Apply destination affiliate Revshare settings , Apply destination affiliate CPA Qualification",4/17/2025 9:33:48 AM,cx-akmal,Yes,35283
bullwaves-165333,165333,2287,35283,"User bullwaves-165333 was moved from affiliate 2287 to  affiliate 35283  With settings : Move media report stats , Apply destination affiliate Revshare settings , Apply destination affiliate CPA Qualification",4/17/2025 9:33:48 AM,cx-akmal,Yes,35283
bullwaves-165344,165344,2287,35283,"User bullwaves-165344 was moved from affiliate 2287 to  affiliate 35283  With settings : Move media report stats , Apply destination affiliate Revshare settings , Apply destination affiliate CPA Qualification",4/17/2025 9:33:46 AM,cx-akmal,Yes,35283
bullwaves-165363,165363,2287,35283,"User bullwaves-165363 was moved from affiliate 2287 to  affiliate 35283  With settings : Move media report stats , Apply destination affiliate Revshare settings , Apply destination affiliate CPA Qualification",4/17/2025 9:33:45 AM,cx-akmal,Yes,35283
bullwaves-165359,165359,2287,35283,"User bullwaves-165359 was moved from affiliate 2287 to  affiliate 35283  With settings : Move media report stats , Apply destination affiliate Revshare settings , Apply destination affiliate CPA Qualification",4/17/2025 9:33:45 AM,cx-akmal,Yes,35283
bullwaves-165376,165376,2287,35283,"User bullwaves-165376 was moved from affiliate 2287 to  affiliate 35283  With settings : Move media report stats , Apply destination affiliate Revshare settings , Apply destination affiliate CPA Qualification",4/17/2025 9:33:43 AM,cx-akmal,Yes,35283
bullwaves-165391,165391,2287,35283,"User bullwaves-165391 was moved from affiliate 2287 to  affiliate 35283  With settings : Move media report stats , Apply destination affiliate Revshare settings , Apply destination affiliate CPA Qualification",4/17/2025 9:33:43 AM,cx-akmal,Yes,35283
bullwaves-165425,165425,2287,35283,"User bullwaves-165425 was moved from affiliate 2287 to  affiliate 35283  With settings : Move media report stats , Apply destination affiliate Revshare settings , Apply destination affiliate CPA Qualification",4/17/2025 9:33:41 AM,cx-akmal,Yes,35283
bullwaves-165451,165451,2287,35283,"User bullwaves-165451 was moved from affiliate 2287 to  affiliate 35283  With settings : Move media report stats , Apply destination affiliate Revshare settings , Apply destination affiliate CPA Qualification",4/17/2025 9:33:40 AM,cx-akmal,Yes,35283
bullwaves-165501,165501,2287,35283,"User bullwaves-165501 was moved from affiliate 2287 to  affiliate 35283  With settings : Move media report stats , Apply destination affiliate Revshare settings , Apply destination affiliate CPA Qualification",4/17/2025 9:33:40 AM,cx-akmal,Yes,35283
bullwaves-165522,165522,2287,35283,"User bullwaves-165522 was moved from affiliate 2287 to  affiliate 35283  With settings : Move media report stats , Apply destination affiliate Revshare settings , Apply destination affiliate CPA Qualification",4/17/2025 9:33:38 AM,cx-akmal,Yes,35283
bullwaves-165543,165543,2287,35283,"User bullwaves-165543 was moved from affiliate 2287 to  affiliate 35283  With settings : Move media report stats , Apply destination affiliate Revshare settings , Apply destination affiliate CPA Qualification",4/17/2025 9:33:37 AM,cx-akmal,Yes,35283
bullwaves-165723,165723,2287,35283,"User bullwaves-165723 was moved from affiliate 2287 to  affiliate 35283  With settings : Move media report stats , Apply destination affiliate Revshare settings , Apply destination affiliate CPA Qualification",4/17/2025 9:33:37 AM,cx-akmal,Yes,35283
bullwaves-165741,165741,2287,35283,"User bullwaves-165741 was moved from affiliate 2287 to  affiliate 35283  With settings : Move media report stats , Apply destination affiliate Revshare settings , Apply destination affiliate CPA Qualification",4/17/2025 9:33:35 AM,cx-akmal,Yes,35283
bullwaves-165752,165752,2287,35283,"User bullwaves-165752 was moved from affiliate 2287 to  affiliate 35283  With settings : Move media report stats , Apply destination affiliate Revshare settings , Apply destination affiliate CPA Qualification",4/17/2025 9:33:34 AM,cx-akmal,Yes,35283
bullwaves-165891,165891,2287,35283,"User bullwaves-165891 was moved from affiliate 2287 to  affiliate 35283  With settings : Move media report stats , Apply destination affiliate Revshare settings , Apply destination affiliate CPA Qualification",4/17/2025 9:33:32 AM,cx-akmal,Yes,35283
bullwaves-165963,165963,2287,35283,"User bullwaves-165963 was moved from affiliate 2287 to  affiliate 35283  With settings : Move media report stats , Apply destination affiliate Revshare settings , Apply destination affiliate CPA Qualification",4/17/2025 9:33:32 AM,cx-akmal,Yes,35283
bullwaves-165968,165968,2287,35283,"User bullwaves-165968 was moved from affiliate 2287 to  affiliate 35283  With settings : Move media report stats , Apply destination affiliate Revshare settings , Apply destination affiliate CPA Qualification",4/17/2025 9:33:31 AM,cx-akmal,Yes,35283
bullwaves-166016,166016,2287,35283,"User bullwaves-166016 was moved from affiliate 2287 to  affiliate 35283  With settings : Move media report stats , Apply destination affiliate Revshare settings , Apply destination affiliate CPA Qualification",4/17/2025 9:33:29 AM,cx-akmal,Yes,35283
bullwaves-166344,166344,2287,35283,"User bullwaves-166344 was moved from affiliate 2287 to  affiliate 35283  With settings : Move media report stats , Apply destination affiliate Revshare settings , Apply destination affiliate CPA Qualification",4/17/2025 9:33:29 AM,cx-akmal,Yes,35283
bullwaves-166382,166382,2287,35283,"User bullwaves-166382 was moved from affiliate 2287 to  affiliate 35283  With settings : Move media report stats , Apply destination affiliate Revshare settings , Apply destination affiliate CPA Qualification",4/17/2025 9:33:28 AM,cx-akmal,Yes,35283
bullwaves-166471,166471,2287,35283,"User bullwaves-166471 was moved from affiliate 2287 to  affiliate 35283  With settings : Move media report stats , Apply destination affiliate Revshare settings , Apply destination affiliate CPA Qualification",4/17/2025 9:33:26 AM,cx-akmal,Yes,35283
bullwaves-166473,166473,2287,35283,"User bullwaves-166473 was moved from affiliate 2287 to  affiliate 35283  With settings : Move media report stats , Apply destination affiliate Revshare settings , Apply destination affiliate CPA Qualification",4/17/2025 9:33:26 AM,cx-akmal,Yes,35283
bullwaves-166637,166637,2287,35283,"User bullwaves-166637 was moved from affiliate 2287 to  affiliate 35283  With settings : Move media report stats , Apply destination affiliate Revshare settings , Apply destination affiliate CPA Qualification",4/17/2025 9:33:25 AM,cx-akmal,Yes,35283
bullwaves-166794,166794,2287,35283,"User bullwaves-166794 was moved from affiliate 2287 to  affiliate 35283  With settings : Move media report stats , Apply destination affiliate Revshare settings , Apply destination affiliate CPA Qualification",4/17/2025 9:33:24 AM,cx-akmal,Yes,35283
bullwaves-166794,166794,2287,35283,"User bullwaves-166794 was moved from affiliate 2287 to  affiliate 35283  With settings : Move media report stats , Apply destination affiliate Revshare settings , Apply destination affiliate CPA Qualification",4/17/2025 9:33:23 AM,cx-akmal,Yes,2287
bullwaves-166913,166913,2287,35283,"User bullwaves-166913 was moved from affiliate 2287 to  affiliate 35283  With settings : Move media report stats , Apply destination affiliate Revshare settings , Apply destination affiliate CPA Qualification",4/17/2025 9:33:23 AM,cx-akmal,Yes,35283
bullwaves-166931,166931,2287,35283,"User bullwaves-166931 was moved from affiliate 2287 to  affiliate 35283  With settings : Move media report stats , Apply destination affiliate Revshare settings , Apply destination affiliate CPA Qualification",4/17/2025 9:33:22 AM,cx-akmal,Yes,35283
bullwaves-166989,166989,2287,35283,"User bullwaves-166989 was moved from affiliate 2287 to  affiliate 35283  With settings : Move media report stats , Apply destination affiliate Revshare settings , Apply destination affiliate CPA Qualification",4/17/2025 9:33:20 AM,cx-akmal,Yes,35283
bullwaves-167031,167031,2287,35283,"User bullwaves-167031 was moved from affiliate 2287 to  affiliate 35283  With settings : Move media report stats , Apply destination affiliate Revshare settings , Apply destination affiliate CPA Qualification",4/17/2025 9:33:19 AM,cx-akmal,Yes,35283
bullwaves-167138,167138,2287,35283,"User bullwaves-167138 was moved from affiliate 2287 to  affiliate 35283  With settings : Move media report stats , Apply destination affiliate Revshare settings , Apply destination affiliate CPA Qualification",4/17/2025 9:33:19 AM,cx-akmal,Yes,35283
bullwaves-167217,167217,2287,35283,"User bullwaves-167217 was moved from affiliate 2287 to  affiliate 35283  With settings : Move media report stats , Apply destination affiliate Revshare settings , Apply destination affiliate CPA Qualification",4/17/2025 9:33:17 AM,cx-akmal,Yes,35283
bullwaves-167372,167372,2287,35283,"User bullwaves-167372 was moved from affiliate 2287 to  affiliate 35283  With settings : Move media report stats , Apply destination affiliate Revshare settings , Apply destination affiliate CPA Qualification",4/17/2025 9:33:16 AM,cx-akmal,Yes,35283
bullwaves-167424,167424,2287,35283,"User bullwaves-167424 was moved from affiliate 2287 to  affiliate 35283  With settings : Move media report stats , Apply destination affiliate Revshare settings , Apply destination affiliate CPA Qualification",4/17/2025 9:33:16 AM,cx-akmal,Yes,35283
bullwaves-167694,167694,2287,35283,"User bullwaves-167694 was moved from affiliate 2287 to  affiliate 35283  With settings : Move media report stats , Apply destination affiliate Revshare settings , Apply destination affiliate CPA Qualification",4/17/2025 9:33:15 AM,cx-akmal,Yes,35283
bullwaves-167713,167713,2287,35283,"User bullwaves-167713 was moved from affiliate 2287 to  affiliate 35283  With settings : Move media report stats , Apply destination affiliate Revshare settings , Apply destination affiliate CPA Qualification",4/17/2025 9:33:13 AM,cx-akmal,Yes,35283
bullwaves-167833,167833,2287,35283,"User bullwaves-167833 was moved from affiliate 2287 to  affiliate 35283  With settings : Move media report stats , Apply destination affiliate Revshare settings , Apply destination affiliate CPA Qualification",4/17/2025 9:33:13 AM,cx-akmal,Yes,35283
bullwaves-167990,167990,2287,35283,"User bullwaves-167990 was moved from affiliate 2287 to  affiliate 35283  With settings : Move media report stats , Apply destination affiliate Revshare settings , Apply destination affiliate CPA Qualification",4/17/2025 9:33:12 AM,cx-akmal,Yes,35283
bullwaves-168051,168051,2287,35283,"User bullwaves-168051 was moved from affiliate 2287 to  affiliate 35283  With settings : Move media report stats , Apply destination affiliate Revshare settings , Apply destination affiliate CPA Qualification",4/17/2025 9:33:10 AM,cx-akmal,Yes,35283
bullwaves-168280,168280,2287,35283,"User bullwaves-168280 was moved from affiliate 2287 to  affiliate 35283  With settings : Move media report stats , Apply destination affiliate Revshare settings , Apply destination affiliate CPA Qualification",4/17/2025 9:33:10 AM,cx-akmal,Yes,35283
bullwaves-168320,168320,2287,35283,"User bullwaves-168320 was moved from affiliate 2287 to  affiliate 35283  With settings : Move media report stats , Apply destination affiliate Revshare settings , Apply destination affiliate CPA Qualification",4/17/2025 9:33:09 AM,cx-akmal,Yes,35283
bullwaves-168413,168413,2287,35283,"User bullwaves-168413 was moved from affiliate 2287 to  affiliate 35283  With settings : Move media report stats , Apply destination affiliate Revshare settings , Apply destination affiliate CPA Qualification",4/17/2025 9:33:07 AM,cx-akmal,Yes,35283
bullwaves-168589,168589,2287,35283,"User bullwaves-168589 was moved from affiliate 2287 to  affiliate 35283  With settings : Move media report stats , Apply destination affiliate Revshare settings , Apply destination affiliate CPA Qualification",4/17/2025 9:33:06 AM,cx-akmal,Yes,35283
bullwaves-168597,168597,2287,35283,"User bullwaves-168597 was moved from affiliate 2287 to  affiliate 35283  With settings : Move media report stats , Apply destination affiliate Revshare settings , Apply destination affiliate CPA Qualification",4/17/2025 9:33:05 AM,cx-akmal,Yes,35283
bullwaves-168627,168627,2287,35283,"User bullwaves-168627 was moved from affiliate 2287 to  affiliate 35283  With settings : Move media report stats , Apply destination affiliate Revshare settings , Apply destination affiliate CPA Qualification",4/17/2025 9:33:03 AM,cx-akmal,Yes,35283
bullwaves-168620,168620,2287,35283,"User bullwaves-168620 was moved from affiliate 2287 to  affiliate 35283  With settings : Move media report stats , Apply destination affiliate Revshare settings , Apply destination affiliate CPA Qualification",4/17/2025 9:33:02 AM,cx-akmal,Yes,35283
bullwaves-168673,168673,2287,35283,"User bullwaves-168673 was moved from affiliate 2287 to  affiliate 35283  With settings : Move media report stats , Apply destination affiliate Revshare settings , Apply destination affiliate CPA Qualification",4/17/2025 9:33:02 AM,cx-akmal,Yes,35283
bullwaves-168692,168692,2287,35283,"User bullwaves-168692 was moved from affiliate 2287 to  affiliate 35283  With settings : Move media report stats , Apply destination affiliate Revshare settings , Apply destination affiliate CPA Qualification",4/17/2025 9:33:00 AM,cx-akmal,Yes,35283
bullwaves-168759,168759,2287,35283,"User bullwaves-168759 was moved from affiliate 2287 to  affiliate 35283  With settings : Move media report stats , Apply destination affiliate Revshare settings , Apply destination affiliate CPA Qualification",4/17/2025 9:32:59 AM,cx-akmal,Yes,35283
bullwaves-168819,168819,2287,35283,"User bullwaves-168819 was moved from affiliate 2287 to  affiliate 35283  With settings : Move media report stats , Apply destination affiliate Revshare settings , Apply destination affiliate CPA Qualification",4/17/2025 9:32:59 AM,cx-akmal,Yes,35283
bullwaves-168836,168836,2287,35283,"User bullwaves-168836 was moved from affiliate 2287 to  affiliate 35283  With settings : Move media report stats , Apply destination affiliate Revshare settings , Apply destination affiliate CPA Qualification",4/17/2025 9:32:57 AM,cx-akmal,Yes,35283
bullwaves-168934,168934,2287,35283,"User bullwaves-168934 was moved from affiliate 2287 to  affiliate 35283  With settings : Move media report stats , Apply destination affiliate Revshare settings , Apply destination affiliate CPA Qualification",4/17/2025 9:32:56 AM,cx-akmal,Yes,35283
bullwaves-168949,168949,2287,35283,"User bullwaves-168949 was moved from affiliate 2287 to  affiliate 35283  With settings : Move media report stats , Apply destination affiliate Revshare settings , Apply destination affiliate CPA Qualification",4/17/2025 9:32:56 AM,cx-akmal,Yes,35283
bullwaves-169217,169217,2287,35283,"User bullwaves-169217 was moved from affiliate 2287 to  affiliate 35283  With settings : Move media report stats , Apply destination affiliate Revshare settings , Apply destination affiliate CPA Qualification",4/17/2025 9:32:54 AM,cx-akmal,Yes,35283
bullwaves-169351,169351,2287,35283,"User bullwaves-169351 was moved from affiliate 2287 to  affiliate 35283  With settings : Move media report stats , Apply destination affiliate Revshare settings , Apply destination affiliate CPA Qualification",4/17/2025 9:32:53 AM,cx-akmal,Yes,35283
bullwaves-169358,169358,2287,35283,"User bullwaves-169358 was moved from affiliate 2287 to  affiliate 35283  With settings : Move media report stats , Apply destination affiliate Revshare settings , Apply destination affiliate CPA Qualification",4/17/2025 9:32:52 AM,cx-akmal,Yes,35283
bullwaves-169369,169369,2287,35283,"User bullwaves-169369 was moved from affiliate 2287 to  affiliate 35283  With settings : Move media report stats , Apply destination affiliate Revshare settings , Apply destination affiliate CPA Qualification",4/17/2025 9:32:51 AM,cx-akmal,Yes,35283
bullwaves-169377,169377,2287,35283,"User bullwaves-169377 was moved from affiliate 2287 to  affiliate 35283  With settings : Move media report stats , Apply destination affiliate Revshare settings , Apply destination affiliate CPA Qualification",4/17/2025 9:32:50 AM,cx-akmal,Yes,35283
bullwaves-169394,169394,2287,35283,"User bullwaves-169394 was moved from affiliate 2287 to  affiliate 35283  With settings : Move media report stats , Apply destination affiliate Revshare settings , Apply destination affiliate CPA Qualification",4/17/2025 9:32:49 AM,cx-akmal,Yes,35283
bullwaves-169398,169398,2287,35283,"User bullwaves-169398 was moved from affiliate 2287 to  affiliate 35283  With settings : Move media report stats , Apply destination affiliate Revshare settings , Apply destination affiliate CPA Qualification",4/17/2025 9:32:48 AM,cx-akmal,Yes,35283
bullwaves-169444,169444,2287,35283,"User bullwaves-169444 was moved from affiliate 2287 to  affiliate 35283  With settings : Move media report stats , Apply destination affiliate Revshare settings , Apply destination affiliate CPA Qualification",4/17/2025 9:32:47 AM,cx-akmal,Yes,35283
bullwaves-169455,169455,2287,35283,"User bullwaves-169455 was moved from affiliate 2287 to  affiliate 35283  With settings : Move media report stats , Apply destination affiliate Revshare settings , Apply destination affiliate CPA Qualification",4/17/2025 9:32:46 AM,cx-akmal,Yes,35283
bullwaves-169711,169711,2287,35283,"User bullwaves-169711 was moved from affiliate 2287 to  affiliate 35283  With settings : Move media report stats , Apply destination affiliate Revshare settings , Apply destination affiliate CPA Qualification",4/17/2025 9:32:45 AM,cx-akmal,Yes,35283
bullwaves-169850,169850,2287,35283,"User bullwaves-169850 was moved from affiliate 2287 to  affiliate 35283  With settings : Move media report stats , Apply destination affiliate Revshare settings , Apply destination affiliate CPA Qualification",4/17/2025 9:32:44 AM,cx-akmal,Yes,35283
bullwaves-169928,169928,2287,35283,"User bullwaves-169928 was moved from affiliate 2287 to  affiliate 35283  With settings : Move media report stats , Apply destination affiliate Revshare settings , Apply destination affiliate CPA Qualification",4/17/2025 9:32:43 AM,cx-akmal,Yes,35283
bullwaves-170104,170104,2287,35283,"User bullwaves-170104 was moved from affiliate 2287 to  affiliate 35283  With settings : Move media report stats , Apply destination affiliate Revshare settings , Apply destination affiliate CPA Qualification",4/17/2025 9:32:42 AM,cx-akmal,Yes,35283
bullwaves-170511,170511,2287,35283,"User bullwaves-170511 was moved from affiliate 2287 to  affiliate 35283  With settings : Move media report stats , Apply destination affiliate Revshare settings , Apply destination affiliate CPA Qualification",4/17/2025 9:32:41 AM,cx-akmal,Yes,35283
bullwaves-170572,170572,2287,35283,"User bullwaves-170572 was moved from affiliate 2287 to  affiliate 35283  With settings : Move media report stats , Apply destination affiliate Revshare settings , Apply destination affiliate CPA Qualification",4/17/2025 9:32:40 AM,cx-akmal,Yes,35283
bullwaves-170654,170654,2287,35283,"User bullwaves-170654 was moved from affiliate 2287 to  affiliate 35283  With settings : Move media report stats , Apply destination affiliate Revshare settings , Apply destination affiliate CPA Qualification",4/17/2025 9:32:39 AM,cx-akmal,Yes,35283
bullwaves-170745,170745,2287,35283,"User bullwaves-170745 was moved from affiliate 2287 to  affiliate 35283  With settings : Move media report stats , Apply destination affiliate Revshare settings , Apply destination affiliate CPA Qualification",4/17/2025 9:32:38 AM,cx-akmal,Yes,35283
bullwaves-170785,170785,2287,35283,"User bullwaves-170785 was moved from affiliate 2287 to  affiliate 35283  With settings : Move media report stats , Apply destination affiliate Revshare settings , Apply destination affiliate CPA Qualification",4/17/2025 9:32:37 AM,cx-akmal,Yes,35283
bullwaves-170899,170899,2287,35283,"User bullwaves-170899 was moved from affiliate 2287 to  affiliate 35283  With settings : Move media report stats , Apply destination affiliate Revshare settings , Apply destination affiliate CPA Qualification",4/17/2025 9:32:36 AM,cx-akmal,Yes,35283
bullwaves-171026,171026,2287,35283,"User bullwaves-171026 was moved from affiliate 2287 to  affiliate 35283  With settings : Move media report stats , Apply destination affiliate Revshare settings , Apply destination affiliate CPA Qualification",4/17/2025 9:32:35 AM,cx-akmal,Yes,35283
bullwaves-171111,171111,2287,35283,"User bullwaves-171111 was moved from affiliate 2287 to  affiliate 35283  With settings : Move media report stats , Apply destination affiliate Revshare settings , Apply destination affiliate CPA Qualification",4/17/2025 9:32:34 AM,cx-akmal,Yes,35283
bullwaves-171124,171124,2287,35283,"User bullwaves-171124 was moved from affiliate 2287 to  affiliate 35283  With settings : Move media report stats , Apply destination affiliate Revshare settings , Apply destination affiliate CPA Qualification",4/17/2025 9:32:32 AM,cx-akmal,Yes,35283
bullwaves-171163,171163,2287,35283,"User bullwaves-171163 was moved from affiliate 2287 to  affiliate 35283  With settings : Move media report stats , Apply destination affiliate Revshare settings , Apply destination affiliate CPA Qualification",4/17/2025 9:32:32 AM,cx-akmal,Yes,35283
bullwaves-171190,171190,2287,35283,"User bullwaves-171190 was moved from affiliate 2287 to  affiliate 35283  With settings : Move media report stats , Apply destination affiliate Revshare settings , Apply destination affiliate CPA Qualification",4/17/2025 9:32:31 AM,cx-akmal,Yes,35283
bullwaves-171286,171286,2287,35283,"User bullwaves-171286 was moved from affiliate 2287 to  affiliate 35283  With settings : Move media report stats , Apply destination affiliate Revshare settings , Apply destination affiliate CPA Qualification",4/17/2025 9:32:29 AM,cx-akmal,Yes,35283
bullwaves-171308,171308,2287,35283,"User bullwaves-171308 was moved from affiliate 2287 to  affiliate 35283  With settings : Move media report stats , Apply destination affiliate Revshare settings , Apply destination affiliate CPA Qualification",4/17/2025 9:32:29 AM,cx-akmal,Yes,35283
bullwaves-171308,171308,2287,35283,"User bullwaves-171308 was moved from affiliate 2287 to  affiliate 35283  With settings : Move media report stats , Apply destination affiliate Revshare settings , Apply destination affiliate CPA Qualification",4/17/2025 9:32:28 AM,cx-akmal,Yes,2287
bullwaves-171496,171496,2287,35283,"User bullwaves-171496 was moved from affiliate 2287 to  affiliate 35283  With settings : Move media report stats , Apply destination affiliate Revshare settings , Apply destination affiliate CPA Qualification",4/17/2025 9:32:28 AM,cx-akmal,Yes,35283
bullwaves-171503,171503,2287,35283,"User bullwaves-171503 was moved from affiliate 2287 to  affiliate 35283  With settings : Move media report stats , Apply destination affiliate Revshare settings , Apply destination affiliate CPA Qualification",4/17/2025 9:32:26 AM,cx-akmal,Yes,35283
bullwaves-171571,171571,2287,35283,"User bullwaves-171571 was moved from affiliate 2287 to  affiliate 35283  With settings : Move media report stats , Apply destination affiliate Revshare settings , Apply destination affiliate CPA Qualification",4/17/2025 9:32:25 AM,cx-akmal,Yes,35283
bullwaves-171620,171620,2287,35283,"User bullwaves-171620 was moved from affiliate 2287 to  affiliate 35283  With settings : Move media report stats , Apply destination affiliate Revshare settings , Apply destination affiliate CPA Qualification",4/17/2025 9:32:25 AM,cx-akmal,Yes,35283
bullwaves-171757,171757,2287,35283,"User bullwaves-171757 was moved from affiliate 2287 to  affiliate 35283  With settings : Move media report stats , Apply destination affiliate Revshare settings , Apply destination affiliate CPA Qualification",4/17/2025 9:32:23 AM,cx-akmal,Yes,35283
bullwaves-171780,171780,2287,35283,"User bullwaves-171780 was moved from affiliate 2287 to  affiliate 35283  With settings : Move media report stats , Apply destination affiliate Revshare settings , Apply destination affiliate CPA Qualification",4/17/2025 9:32:22 AM,cx-akmal,Yes,35283
bullwaves-171844,171844,2287,35283,"User bullwaves-171844 was moved from affiliate 2287 to  affiliate 35283  With settings : Move media report stats , Apply destination affiliate Revshare settings , Apply destination affiliate CPA Qualification",4/17/2025 9:32:21 AM,cx-akmal,Yes,35283
bullwaves-171894,171894,2287,35283,"User bullwaves-171894 was moved from affiliate 2287 to  affiliate 35283  With settings : Move media report stats , Apply destination affiliate Revshare settings , Apply destination affiliate CPA Qualification",4/17/2025 9:32:20 AM,cx-akmal,Yes,35283
bullwaves-171908,171908,2287,35283,"User bullwaves-171908 was moved from affiliate 2287 to  affiliate 35283  With settings : Move media report stats , Apply destination affiliate Revshare settings , Apply destination affiliate CPA Qualification",4/17/2025 9:32:19 AM,cx-akmal,Yes,35283
bullwaves-171998,171998,2287,35283,"User bullwaves-171998 was moved from affiliate 2287 to  affiliate 35283  With settings : Move media report stats , Apply destination affiliate Revshare settings , Apply destination affiliate CPA Qualification",4/17/2025 9:32:18 AM,cx-akmal,Yes,35283
bullwaves-171995,171995,2287,35283,"User bullwaves-171995 was moved from affiliate 2287 to  affiliate 35283  With settings : Move media report stats , Apply destination affiliate Revshare settings , Apply destination affiliate CPA Qualification",4/17/2025 9:32:16 AM,cx-akmal,Yes,35283
bullwaves-172014,172014,2287,35283,"User bullwaves-172014 was moved from affiliate 2287 to  affiliate 35283  With settings : Move media report stats , Apply destination affiliate Revshare settings , Apply destination affiliate CPA Qualification",4/17/2025 9:32:16 AM,cx-akmal,Yes,35283
bullwaves-172031,172031,2287,35283,"User bullwaves-172031 was moved from affiliate 2287 to  affiliate 35283  With settings : Move media report stats , Apply destination affiliate Revshare settings , Apply destination affiliate CPA Qualification",4/17/2025 9:32:15 AM,cx-akmal,Yes,35283
bullwaves-172060,172060,2287,35283,"User bullwaves-172060 was moved from affiliate 2287 to  affiliate 35283  With settings : Move media report stats , Apply destination affiliate Revshare settings , Apply destination affiliate CPA Qualification",4/17/2025 9:32:13 AM,cx-akmal,Yes,35283
bullwaves-172088,172088,2287,35283,"User bullwaves-172088 was moved from affiliate 2287 to  affiliate 35283  With settings : Move media report stats , Apply destination affiliate Revshare settings , Apply destination affiliate CPA Qualification",4/17/2025 9:32:12 AM,cx-akmal,Yes,35283
bullwaves-172101,172101,2287,35283,"User bullwaves-172101 was moved from affiliate 2287 to  affiliate 35283  With settings : Move media report stats , Apply destination affiliate Revshare settings , Apply destination affiliate CPA Qualification",4/17/2025 9:32:12 AM,cx-akmal,Yes,35283
bullwaves-172209,172209,2287,35283,"User bullwaves-172209 was moved from affiliate 2287 to  affiliate 35283  With settings : Move media report stats , Apply destination affiliate Revshare settings , Apply destination affiliate CPA Qualification",4/17/2025 9:32:10 AM,cx-akmal,Yes,35283
bullwaves-172333,172333,2287,35283,"User bullwaves-172333 was moved from affiliate 2287 to  affiliate 35283  With settings : Move media report stats , Apply destination affiliate Revshare settings , Apply destination affiliate CPA Qualification",4/17/2025 9:32:09 AM,cx-akmal,Yes,35283
bullwaves-172712,172712,2287,35283,"User bullwaves-172712 was moved from affiliate 2287 to  affiliate 35283  With settings : Move media report stats , Apply destination affiliate Revshare settings , Apply destination affiliate CPA Qualification",4/17/2025 9:32:09 AM,cx-akmal,Yes,35283
bullwaves-172813,172813,2287,35283,"User bullwaves-172813 was moved from affiliate 2287 to  affiliate 35283  With settings : Move media report stats , Apply destination affiliate Revshare settings , Apply destination affiliate CPA Qualification",4/17/2025 9:32:07 AM,cx-akmal,Yes,35283
bullwaves-172845,172845,2287,35283,"User bullwaves-172845 was moved from affiliate 2287 to  affiliate 35283  With settings : Move media report stats , Apply destination affiliate Revshare settings , Apply destination affiliate CPA Qualification",4/17/2025 9:32:06 AM,cx-akmal,Yes,35283
bullwaves-172863,172863,2287,35283,"User bullwaves-172863 was moved from affiliate 2287 to  affiliate 35283  With settings : Move media report stats , Apply destination affiliate Revshare settings , Apply destination affiliate CPA Qualification",4/17/2025 9:32:06 AM,cx-akmal,Yes,35283
bullwaves-172870,172870,2287,35283,"User bullwaves-172870 was moved from affiliate 2287 to  affiliate 35283  With settings : Move media report stats , Apply destination affiliate Revshare settings , Apply destination affiliate CPA Qualification",4/17/2025 9:32:05 AM,cx-akmal,Yes,35283
bullwaves-172888,172888,2287,35283,"User bullwaves-172888 was moved from affiliate 2287 to  affiliate 35283  With settings : Move media report stats , Apply destination affiliate Revshare settings , Apply destination affiliate CPA Qualification",4/17/2025 9:32:03 AM,cx-akmal,Yes,35283
bullwaves-172897,172897,2287,35283,"User bullwaves-172897 was moved from affiliate 2287 to  affiliate 35283  With settings : Move media report stats , Apply destination affiliate Revshare settings , Apply destination affiliate CPA Qualification",4/17/2025 9:32:03 AM,cx-akmal,Yes,35283
bullwaves-172920,172920,2287,35283,"User bullwaves-172920 was moved from affiliate 2287 to  affiliate 35283  With settings : Move media report stats , Apply destination affiliate Revshare settings , Apply destination affiliate CPA Qualification",4/17/2025 9:32:02 AM,cx-akmal,Yes,35283
bullwaves-172932,172932,2287,35283,"User bullwaves-172932 was moved from affiliate 2287 to  affiliate 35283  With settings : Move media report stats , Apply destination affiliate Revshare settings , Apply destination affiliate CPA Qualification",4/17/2025 9:32:00 AM,cx-akmal,Yes,35283
bullwaves-172949,172949,2287,35283,"User bullwaves-172949 was moved from affiliate 2287 to  affiliate 35283  With settings : Move media report stats , Apply destination affiliate Revshare settings , Apply destination affiliate CPA Qualification",4/17/2025 9:31:59 AM,cx-akmal,Yes,35283
bullwaves-173160,173160,2287,35283,"User bullwaves-173160 was moved from affiliate 2287 to  affiliate 35283  With settings : Move media report stats , Apply destination affiliate Revshare settings , Apply destination affiliate CPA Qualification",4/17/2025 9:31:59 AM,cx-akmal,Yes,35283
bullwaves-173224,173224,2287,35283,"User bullwaves-173224 was moved from affiliate 2287 to  affiliate 35283  With settings : Move media report stats , Apply destination affiliate Revshare settings , Apply destination affiliate CPA Qualification",4/17/2025 9:31:57 AM,cx-akmal,Yes,35283
bullwaves-173444,173444,2287,35283,"User bullwaves-173444 was moved from affiliate 2287 to  affiliate 35283  With settings : Move media report stats , Apply destination affiliate Revshare settings , Apply destination affiliate CPA Qualification",4/17/2025 9:31:56 AM,cx-akmal,Yes,35283
bullwaves-173563,173563,2287,35283,"User bullwaves-173563 was moved from affiliate 2287 to  affiliate 35283  With settings : Move media report stats , Apply destination affiliate Revshare settings , Apply destination affiliate CPA Qualification",4/17/2025 9:31:55 AM,cx-akmal,Yes,35283
bullwaves-173727,173727,2287,35283,"User bullwaves-173727 was moved from affiliate 2287 to  affiliate 35283  With settings : Move media report stats , Apply destination affiliate Revshare settings , Apply destination affiliate CPA Qualification",4/17/2025 9:31:54 AM,cx-akmal,Yes,35283
bullwaves-173973,173973,2287,35283,"User bullwaves-173973 was moved from affiliate 2287 to  affiliate 35283  With settings : Move media report stats , Apply destination affiliate Revshare settings , Apply destination affiliate CPA Qualification",4/17/2025 9:31:53 AM,cx-akmal,Yes,35283
bullwaves-174060,174060,2287,35283,"User bullwaves-174060 was moved from affiliate 2287 to  affiliate 35283  With settings : Move media report stats , Apply destination affiliate Revshare settings , Apply destination affiliate CPA Qualification",4/17/2025 9:31:52 AM,cx-akmal,Yes,35283
bullwaves-174094,174094,2287,35283,"User bullwaves-174094 was moved from affiliate 2287 to  affiliate 35283  With settings : Move media report stats , Apply destination affiliate Revshare settings , Apply destination affiliate CPA Qualification",4/17/2025 9:31:51 AM,cx-akmal,Yes,35283
bullwaves-174431,174431,2287,35283,"User bullwaves-174431 was moved from affiliate 2287 to  affiliate 35283  With settings : Move media report stats , Apply destination affiliate Revshare settings , Apply destination affiliate CPA Qualification",4/17/2025 9:31:50 AM,cx-akmal,Yes,35283
bullwaves-174610,174610,2287,35283,"User bullwaves-174610 was moved from affiliate 2287 to  affiliate 35283  With settings : Move media report stats , Apply destination affiliate Revshare settings , Apply destination affiliate CPA Qualification",4/17/2025 9:31:50 AM,cx-akmal,Yes,35283
bullwaves-174700,174700,2287,35283,"User bullwaves-174700 was moved from affiliate 2287 to  affiliate 35283  With settings : Move media report stats , Apply destination affiliate Revshare settings , Apply destination affiliate CPA Qualification",4/17/2025 9:31:48 AM,cx-akmal,Yes,35283
bullwaves-174732,174732,2287,35283,"User bullwaves-174732 was moved from affiliate 2287 to  affiliate 35283  With settings : Move media report stats , Apply destination affiliate Revshare settings , Apply destination affiliate CPA Qualification",4/17/2025 9:31:47 AM,cx-akmal,Yes,35283
bullwaves-175147,175147,2287,35283,"User bullwaves-175147 was moved from affiliate 2287 to  affiliate 35283  With settings : Move media report stats , Apply destination affiliate Revshare settings , Apply destination affiliate CPA Qualification",4/17/2025 9:31:47 AM,cx-akmal,Yes,35283
bullwaves-175252,175252,2287,35283,"User bullwaves-175252 was moved from affiliate 2287 to  affiliate 35283  With settings : Move media report stats , Apply destination affiliate Revshare settings , Apply destination affiliate CPA Qualification",4/17/2025 9:31:45 AM,cx-akmal,Yes,35283
bullwaves-175410,175410,2287,35283,"User bullwaves-175410 was moved from affiliate 2287 to  affiliate 35283  With settings : Move media report stats , Apply destination affiliate Revshare settings , Apply destination affiliate CPA Qualification",4/17/2025 9:31:44 AM,cx-akmal,Yes,35283
bullwaves-175473,175473,2287,35283,"User bullwaves-175473 was moved from affiliate 2287 to  affiliate 35283  With settings : Move media report stats , Apply destination affiliate Revshare settings , Apply destination affiliate CPA Qualification",4/17/2025 9:31:43 AM,cx-akmal,Yes,35283
bullwaves-175476,175476,2287,35283,"User bullwaves-175476 was moved from affiliate 2287 to  affiliate 35283  With settings : Move media report stats , Apply destination affiliate Revshare settings , Apply destination affiliate CPA Qualification",4/17/2025 9:31:42 AM,cx-akmal,Yes,35283
bullwaves-175482,175482,2287,35283,"User bullwaves-175482 was moved from affiliate 2287 to  affiliate 35283  With settings : Move media report stats , Apply destination affiliate Revshare settings , Apply destination affiliate CPA Qualification",4/17/2025 9:31:41 AM,cx-akmal,Yes,35283
bullwaves-175492,175492,2287,35283,"User bullwaves-175492 was moved from affiliate 2287 to  affiliate 35283  With settings : Move media report stats , Apply destination affiliate Revshare settings , Apply destination affiliate CPA Qualification",4/17/2025 9:31:40 AM,cx-akmal,Yes,35283
bullwaves-175504,175504,2287,35283,"User bullwaves-175504 was moved from affiliate 2287 to  affiliate 35283  With settings : Move media report stats , Apply destination affiliate Revshare settings , Apply destination affiliate CPA Qualification",4/17/2025 9:31:39 AM,cx-akmal,Yes,35283
bullwaves-175533,175533,2287,35283,"User bullwaves-175533 was moved from affiliate 2287 to  affiliate 35283  With settings : Move media report stats , Apply destination affiliate Revshare settings , Apply destination affiliate CPA Qualification",4/17/2025 9:31:38 AM,cx-akmal,Yes,35283
bullwaves-175763,175763,2287,35283,"User bullwaves-175763 was moved from affiliate 2287 to  affiliate 35283  With settings : Move media report stats , Apply destination affiliate Revshare settings , Apply destination affiliate CPA Qualification",4/17/2025 9:31:36 AM,cx-akmal,Yes,35283
bullwaves-175798,175798,2287,35283,"User bullwaves-175798 was moved from affiliate 2287 to  affiliate 35283  With settings : Move media report stats , Apply destination affiliate Revshare settings , Apply destination affiliate CPA Qualification",4/17/2025 9:31:36 AM,cx-akmal,Yes,35283
bullwaves-175795,175795,2287,35283,"User bullwaves-175795 was moved from affiliate 2287 to  affiliate 35283  With settings : Move media report stats , Apply destination affiliate Revshare settings , Apply destination affiliate CPA Qualification",4/17/2025 9:31:35 AM,cx-akmal,Yes,35283
bullwaves-175877,175877,2287,35283,"User bullwaves-175877 was moved from affiliate 2287 to  affiliate 35283  With settings : Move media report stats , Apply destination affiliate Revshare settings , Apply destination affiliate CPA Qualification",4/17/2025 9:31:33 AM,cx-akmal,Yes,35283
bullwaves-176023,176023,2287,35283,"User bullwaves-176023 was moved from affiliate 2287 to  affiliate 35283  With settings : Move media report stats , Apply destination affiliate Revshare settings , Apply destination affiliate CPA Qualification",4/17/2025 9:31:32 AM,cx-akmal,Yes,35283
bullwaves-176480,176480,2287,35283,"User bullwaves-176480 was moved from affiliate 2287 to  affiliate 35283  With settings : Move media report stats , Apply destination affiliate Revshare settings , Apply destination affiliate CPA Qualification",4/17/2025 9:31:32 AM,cx-akmal,Yes,35283
bullwaves-176779,176779,2287,35283,"User bullwaves-176779 was moved from affiliate 2287 to  affiliate 35283  With settings : Move media report stats , Apply destination affiliate Revshare settings , Apply destination affiliate CPA Qualification",4/17/2025 9:31:31 AM,cx-akmal,Yes,35283
bullwaves-176981,176981,2287,35283,"User bullwaves-176981 was moved from affiliate 2287 to  affiliate 35283  With settings : Move media report stats , Apply destination affiliate Revshare settings , Apply destination affiliate CPA Qualification",4/17/2025 9:31:28 AM,cx-akmal,Yes,35283
bullwaves-176987,176987,2287,35283,"User bullwaves-176987 was moved from affiliate 2287 to  affiliate 35283  With settings : Move media report stats , Apply destination affiliate Revshare settings , Apply destination affiliate CPA Qualification",4/17/2025 9:31:28 AM,cx-akmal,Yes,35283
bullwaves-177009,177009,2287,35283,"User bullwaves-177009 was moved from affiliate 2287 to  affiliate 35283  With settings : Move media report stats , Apply destination affiliate Revshare settings , Apply destination affiliate CPA Qualification",4/17/2025 9:31:27 AM,cx-akmal,Yes,35283
bullwaves-177110,177110,2287,35283,"User bullwaves-177110 was moved from affiliate 2287 to  affiliate 35283  With settings : Move media report stats , Apply destination affiliate Revshare settings , Apply destination affiliate CPA Qualification",4/17/2025 9:31:25 AM,cx-akmal,Yes,35283
bullwaves-177189,177189,2287,35283,"User bullwaves-177189 was moved from affiliate 2287 to  affiliate 35283  With settings : Move media report stats , Apply destination affiliate Revshare settings , Apply destination affiliate CPA Qualification",4/17/2025 9:31:24 AM,cx-akmal,Yes,35283
bullwaves-177224,177224,2287,35283,"User bullwaves-177224 was moved from affiliate 2287 to  affiliate 35283  With settings : Move media report stats , Apply destination affiliate Revshare settings , Apply destination affiliate CPA Qualification",4/17/2025 9:31:24 AM,cx-akmal,Yes,35283
bullwaves-194409,194409,2287,35060,"User bullwaves-194409 was moved from affiliate 2287 to  affiliate 35060  With settings : Move media report stats , Move pre calculated commissions , Apply destination affiliate Revshare settings , Apply destination affiliate CPA Qualification",4/17/2025 8:40:11 AM,SONJA,Yes,35060
bullwaves-194686,194686,2287,35224,"User bullwaves-194686 was moved from affiliate 2287 to  affiliate 35224  With settings : Move media report stats , Apply destination affiliate Revshare settings , Apply destination affiliate CPA Qualification",4/16/2025 8:10:40 AM,Partners,Yes,35224
bullwaves-195388,195388,2287,35060,"User bullwaves-195388 was moved from affiliate 2287 to  affiliate 35060  With settings : Move media report stats , Move pre calculated commissions , Apply destination affiliate Revshare settings , Apply destination affiliate CPA Qualification",4/15/2025 5:29:01 PM,SONJA,Yes,35060
bullwaves-127819,127819,2287,35180,"User bullwaves-127819 was moved from affiliate 2287 to  affiliate 35180  With settings : Move media report stats , Move pre calculated commissions , Apply destination affiliate Revshare settings , Apply destination affiliate CPA Qualification",4/15/2025 10:55:32 AM,SONJA,Yes,35180
bullwaves-189351,189351,2287,35256,"User bullwaves-189351 was moved from affiliate 2287 to  affiliate 35256  With settings : Move media report stats , Move pre calculated commissions , Apply destination affiliate Revshare settings , Apply destination affiliate CPA Qualification",4/12/2025 1:13:04 PM,Partners,Yes,35256
bullwaves-190476,190476,35272,35172,"User bullwaves-190476 was moved from affiliate 35272 to  affiliate 35172  With settings : Move media report stats , Move pre calculated commissions",4/11/2025 4:02:31 PM,Partners,Yes,35172
bullwaves-190627,190627,35053,35172,"User bullwaves-190627 was moved from affiliate 35053 to  affiliate 35172  With settings : Move media report stats , Move pre calculated commissions",4/11/2025 4:02:23 PM,Partners,Yes,35172
bullwaves-189517,189517,35272,35172,"User bullwaves-189517 was moved from affiliate 35272 to  affiliate 35172  With settings : Move media report stats , Move pre calculated commissions",4/11/2025 4:02:09 PM,Partners,Yes,35172
bullwaves-190627,190627,35272,35053,"User bullwaves-190627 was moved from affiliate 35272 to  affiliate 35053  With settings : Move media report stats , Move pre calculated commissions",4/11/2025 4:01:56 PM,Partners,Yes,35053
bullwaves-136304,136304,2287,35060,"User bullwaves-136304 was moved from affiliate 2287 to  affiliate 35060  With settings : Move media report stats , Move pre calculated commissions , Apply destination affiliate Revshare settings , Apply destination affiliate CPA Qualification",4/11/2025 9:13:11 AM,SONJA,Yes,35060
bullwaves-157709,157709,35227,35231,"User bullwaves-157709 was moved from affiliate 35227 to  affiliate 35231  With settings : Move media report stats , Move pre calculated commissions , Apply destination affiliate Revshare settings , Apply destination affiliate CPA Qualification",4/10/2025 9:11:13 PM,Partners,Yes,35231
bullwaves-188355,188355,35277,35272,"User bullwaves-188355 was moved from affiliate 35277 to  affiliate 35272  With settings : Move media report stats , Move pre calculated commissions , Apply destination affiliate Revshare settings , Apply destination affiliate CPA Qualification",4/10/2025 5:20:17 PM,Partners,Yes,35272
bullwaves-188394,188394,35277,35272,"User bullwaves-188394 was moved from affiliate 35277 to  affiliate 35272  With settings : Move media report stats , Move pre calculated commissions , Apply destination affiliate Revshare settings , Apply destination affiliate CPA Qualification",4/10/2025 5:20:07 PM,Partners,Yes,35272
bullwaves-188394,188394,35272,35277,"User bullwaves-188394 was moved from affiliate 35272 to  affiliate 35277  With settings : Move media report stats , Move pre calculated commissions , Apply destination affiliate Revshare settings , Apply destination affiliate CPA Qualification",4/10/2025 5:19:59 PM,Partners,Yes,35277
bullwaves-188394,188394,35277,35272,"User bullwaves-188394 was moved from affiliate 35277 to  affiliate 35272  With settings : Move media report stats , Move pre calculated commissions",4/10/2025 5:19:40 PM,Partners,Yes,35272
bullwaves-188424,188424,35277,35272,"User bullwaves-188424 was moved from affiliate 35277 to  affiliate 35272  With settings : Move media report stats , Move pre calculated commissions , Apply destination affiliate Revshare settings , Apply destination affiliate CPA Qualification",4/10/2025 5:19:30 PM,Partners,Yes,35272
bullwaves-188550,188550,35277,35272,"User bullwaves-188550 was moved from affiliate 35277 to  affiliate 35272  With settings : Move media report stats , Move pre calculated commissions , Apply destination affiliate Revshare settings , Apply destination affiliate CPA Qualification",4/10/2025 5:19:18 PM,Partners,Yes,35272
bullwaves-188766,188766,35277,35272,"User bullwaves-188766 was moved from affiliate 35277 to  affiliate 35272  With settings : Move media report stats , Move pre calculated commissions , Apply destination affiliate Revshare settings , Apply destination affiliate CPA Qualification",4/10/2025 5:19:07 PM,Partners,Yes,35272
bullwaves-188775,188775,35277,35272,"User bullwaves-188775 was moved from affiliate 35277 to  affiliate 35272  With settings : Move media report stats , Move pre calculated commissions , Apply destination affiliate Revshare settings , Apply destination affiliate CPA Qualification",4/10/2025 5:18:55 PM,Partners,Yes,35272
bullwaves-187706,187706,2287,35256,"User bullwaves-187706 was moved from affiliate 2287 to  affiliate 35256  With settings : Move media report stats , Move pre calculated commissions , Apply destination affiliate Revshare settings , Apply destination affiliate CPA Qualification",4/10/2025 11:07:01 AM,Partners,Yes,35256
,,,,A payment for the amount of 900 was removed; Payment ID: 114 Payment Date: Wed Apr 09 2025 00:00:00 GMT+0000 (Coordinated Universal Time)  by admin: cx-barbara,4/10/2025 6:18:54 AM,cx-barbara,Yes,35262
bullwaves-172564,172564,2287,35227,"User bullwaves-172564 was moved from affiliate 2287 to  affiliate 35227  With settings : Move media report stats , Move pre calculated commissions , Apply destination affiliate Revshare settings , Apply destination affiliate CPA Qualification",4/9/2025 1:48:49 PM,Partners,Yes,35227
bullwaves-174154,174154,2287,35227,"User bullwaves-174154 was moved from affiliate 2287 to  affiliate 35227  With settings : Move media report stats , Move pre calculated commissions , Apply destination affiliate Revshare settings , Apply destination affiliate CPA Qualification",4/9/2025 1:44:08 PM,Partners,Yes,35227
bullwaves-172760,172760,2287,35227,"User bullwaves-172760 was moved from affiliate 2287 to  affiliate 35227  With settings : Move media report stats , Move pre calculated commissions , Apply destination affiliate Revshare settings , Apply destination affiliate CPA Qualification",4/9/2025 1:37:25 PM,Partners,Yes,35227
bullwaves-181331,181331,2287,35227,"User bullwaves-181331 was moved from affiliate 2287 to  affiliate 35227  With settings : Move media report stats , Move pre calculated commissions , Apply destination affiliate Revshare settings , Apply destination affiliate CPA Qualification",4/9/2025 1:36:44 PM,Partners,Yes,35227
bullwaves-139989,139989,35107,35060,"User bullwaves-139989 was moved from affiliate 35107 to  affiliate 35060  With settings : Move media report stats , Move pre calculated commissions , Apply destination affiliate Revshare settings , Apply destination affiliate CPA Qualification",4/9/2025 12:13:18 PM,SONJA,Yes,35060
bullwaves-61600,61600,2287,35180,"User bullwaves-61600 was moved from affiliate 2287 to  affiliate 35180  With settings : Move media report stats , Move pre calculated commissions",4/9/2025 12:02:28 PM,Partners,Yes,35180
bullwaves-177874,177874,2287,35224,"User bullwaves-177874 was moved from affiliate 2287 to  affiliate 35224  With settings : Move media report stats , Move pre calculated commissions , Apply destination affiliate Revshare settings , Apply destination affiliate CPA Qualification",4/8/2025 12:09:38 PM,SONJA,Yes,35224
bullwaves-183926,183926,2287,35224,"User bullwaves-183926 was moved from affiliate 2287 to  affiliate 35224  With settings : Move media report stats , Move pre calculated commissions , Apply destination affiliate Revshare settings , Apply destination affiliate CPA Qualification",4/8/2025 12:07:29 PM,SONJA,Yes,35224
bullwaves-180793,180793,2287,35198,"User bullwaves-180793 was moved from affiliate 2287 to  affiliate 35198  With settings : Move media report stats , Move pre calculated commissions , Apply destination affiliate Revshare settings , Apply destination affiliate CPA Qualification",4/8/2025 10:48:44 AM,Partners,Yes,35198
bullwaves-185265,185265,2287,35256,"User bullwaves-185265 was moved from affiliate 2287 to  affiliate 35256  With settings : Move media report stats , Move pre calculated commissions , Apply destination affiliate Revshare settings , Apply destination affiliate CPA Qualification",4/8/2025 8:44:15 AM,Partners,Yes,35256
bullwaves-179356,179356,35138,35246,"User bullwaves-179356 was moved from affiliate 35138 to  affiliate 35246  With settings : Move media report stats , Move pre calculated commissions , Apply destination affiliate Revshare settings , Apply destination affiliate CPA Qualification",4/7/2025 8:27:38 PM,Partners,Yes,35246
bullwaves-65430,65430,2287,35054,User bullwaves-65430 was moved from affiliate 2287 to  affiliate 35054  With settings :,4/7/2025 4:24:59 PM,Partners,Yes,35054
bullwaves-179356,179356,35256,35138,"User bullwaves-179356 was moved from affiliate 35256 to  affiliate 35138  With settings : Move media report stats , Move pre calculated commissions , Apply destination affiliate Revshare settings , Apply destination affiliate CPA Qualification",4/7/2025 4:24:49 PM,Partners,Yes,35138
bullwaves-185184,185184,2287,35256,"User bullwaves-185184 was moved from affiliate 2287 to  affiliate 35256  With settings : Move media report stats , Move pre calculated commissions , Apply destination affiliate Revshare settings , Apply destination affiliate CPA Qualification",4/7/2025 4:18:50 PM,Partners,Yes,35256
bullwaves-183198,183198,2287,35198,"User bullwaves-183198 was moved from affiliate 2287 to  affiliate 35198  With settings : Move media report stats , Move pre calculated commissions , Apply destination affiliate Revshare settings , Apply destination affiliate CPA Qualification",4/7/2025 1:09:26 PM,SONJA,Yes,35198
bullwaves-184096,184096,2287,35256,"User bullwaves-184096 was moved from affiliate 2287 to  affiliate 35256  With settings : Move media report stats , Move pre calculated commissions , Apply destination affiliate Revshare settings , Apply destination affiliate CPA Qualification",4/7/2025 9:41:11 AM,Partners,Yes,35256
bullwaves-183491,183491,2287,35256,"User bullwaves-183491 was moved from affiliate 2287 to  affiliate 35256  With settings : Move media report stats , Move pre calculated commissions , Apply destination affiliate Revshare settings , Apply destination affiliate CPA Qualification",4/7/2025 8:47:14 AM,Partners,Yes,35256
bullwaves-60070,60070,2287,35180,"User bullwaves-60070 was moved from affiliate 2287 to  affiliate 35180  With settings : Move media report stats , Move pre calculated commissions , Apply destination affiliate Revshare settings , Apply destination affiliate CPA Qualification",4/4/2025 10:08:35 AM,Partners,Yes,35180
bullwaves-182239,182239,2287,35060,"User bullwaves-182239 was moved from affiliate 2287 to  affiliate 35060  With settings : Move media report stats , Move pre calculated commissions , Apply destination affiliate Revshare settings , Apply destination affiliate CPA Qualification",4/4/2025 8:37:29 AM,SONJA,Yes,35060
bullwaves-178652,178652,35107,35060,"User bullwaves-178652 was moved from affiliate 35107 to  affiliate 35060  With settings : Move media report stats , Move pre calculated commissions , Apply destination affiliate Revshare settings , Apply destination affiliate CPA Qualification",4/4/2025 8:30:48 AM,SONJA,Yes,35060
bullwaves-165697,165697,2287,35261,"User bullwaves-165697 was moved from affiliate 2287 to  affiliate 35261  With settings : Move media report stats , Move pre calculated commissions , Apply destination affiliate Revshare settings , Apply destination affiliate CPA Qualification",4/3/2025 5:10:08 PM,Partners,Yes,35261
bullwaves-89794,89794,35197,35198,"User bullwaves-89794 was moved from affiliate 35197 to  affiliate 35198  With settings : Move media report stats , Move pre calculated commissions , Apply destination affiliate Revshare settings , Apply destination affiliate CPA Qualification",4/3/2025 2:41:50 PM,Partners,Yes,35198
bullwaves-178083,178083,2287,35227,"User bullwaves-178083 was moved from affiliate 2287 to  affiliate 35227  With settings : Move media report stats , Move pre calculated commissions , Apply destination affiliate Revshare settings , Apply destination affiliate CPA Qualification",4/3/2025 11:45:55 AM,Partners,Yes,35227
bullwaves-172804,172804,2287,35227,"User bullwaves-172804 was moved from affiliate 2287 to  affiliate 35227  With settings : Move media report stats , Move pre calculated commissions , Apply destination affiliate Revshare settings , Apply destination affiliate CPA Qualification",4/3/2025 11:44:16 AM,Partners,Yes,35227
bullwaves-173581,173581,2287,35227,"User bullwaves-173581 was moved from affiliate 2287 to  affiliate 35227  With settings : Move media report stats , Move pre calculated commissions , Apply destination affiliate Revshare settings , Apply destination affiliate CPA Qualification",4/3/2025 11:44:05 AM,Partners,Yes,35227
bullwaves-179778,179778,2287,35231,"User bullwaves-179778 was moved from affiliate 2287 to  affiliate 35231  With settings : Move media report stats , Move pre calculated commissions , Apply destination affiliate Revshare settings , Apply destination affiliate CPA Qualification",4/2/2025 3:12:21 PM,Partners,Yes,35231
bullwaves-159258,159258,2287,35198,"User bullwaves-159258 was moved from affiliate 2287 to  affiliate 35198  With settings : Move media report stats , Move pre calculated commissions , Apply destination affiliate Revshare settings , Apply destination affiliate CPA Qualification",4/2/2025 2:07:54 PM,SONJA,Yes,35198
bullwaves-179356,179356,2287,35256,"User bullwaves-179356 was moved from affiliate 2287 to  affiliate 35256  With settings : Move media report stats , Move pre calculated commissions , Apply destination affiliate Revshare settings , Apply destination affiliate CPA Qualification",4/2/2025 1:20:27 PM,Partners,Yes,35256
bullwaves-173477,173477,2287,35227,"User bullwaves-173477 was moved from affiliate 2287 to  affiliate 35227  With settings : Move media report stats , Move pre calculated commissions , Apply destination affiliate Revshare settings , Apply destination affiliate CPA Qualification",4/1/2025 2:29:27 PM,Partners,Yes,35227
bullwaves-175548,175548,2287,35198,"User bullwaves-175548 was moved from affiliate 2287 to  affiliate 35198  With settings : Move media report stats , Apply destination affiliate Revshare settings , Apply destination affiliate CPA Qualification",4/1/2025 11:16:50 AM,Partners,Yes,35198
bullwaves-176183,176183,2287,35230,"User bullwaves-176183 was moved from affiliate 2287 to  affiliate 35230  With settings : Move media report stats , Move pre calculated commissions , Apply destination affiliate Revshare settings , Apply destination affiliate CPA Qualification",4/1/2025 9:26:37 AM,Partners,Yes,35230
bullwaves-176032,176032,2287,35256,"User bullwaves-176032 was moved from affiliate 2287 to  affiliate 35256  With settings : Move media report stats , Move pre calculated commissions , Apply destination affiliate Revshare settings , Apply destination affiliate CPA Qualification",3/31/2025 4:31:06 PM,Partners,Yes,35256
bullwaves-161381,161381,2287,35256,"User bullwaves-161381 was moved from affiliate 2287 to  affiliate 35256  With settings : Move media report stats , Move pre calculated commissions , Apply destination affiliate Revshare settings , Apply destination affiliate CPA Qualification",3/31/2025 11:46:32 AM,Partners,Yes,35256
bullwaves-154885,154885,2287,35205,"User bullwaves-154885 was moved from affiliate 2287 to  affiliate 35205  With settings : Move media report stats , Move pre calculated commissions , Apply destination affiliate Revshare settings , Apply destination affiliate CPA Qualification",3/31/2025 8:04:15 AM,SONJA,Yes,35205
bullwaves-155200,155200,2287,35175,"User bullwaves-155200 was moved from affiliate 2287 to  affiliate 35175  With settings : Move media report stats , Move pre calculated commissions , Apply destination affiliate Revshare settings , Apply destination affiliate CPA Qualification",3/28/2025 4:30:23 PM,Partners,Yes,35175
bullwaves-146161,146161,2287,35227,"User bullwaves-146161 was moved from affiliate 2287 to  affiliate 35227  With settings : Move media report stats , Move pre calculated commissions , Apply destination affiliate Revshare settings , Apply destination affiliate CPA Qualification",3/28/2025 11:29:57 AM,Partners,Yes,35227
bullwaves-171335,171335,2287,35198,"User bullwaves-171335 was moved from affiliate 2287 to  affiliate 35198  With settings : Move media report stats , Apply destination affiliate Revshare settings , Apply destination affiliate CPA Qualification",3/28/2025 9:57:47 AM,Partners,Yes,35198
bullwaves-171404,171404,2287,35198,"User bullwaves-171404 was moved from affiliate 2287 to  affiliate 35198  With settings : Move media report stats , Apply destination affiliate Revshare settings , Apply destination affiliate CPA Qualification",3/28/2025 9:56:48 AM,Partners,Yes,35198
bullwaves-170465,170465,2287,35230,"User bullwaves-170465 was moved from affiliate 2287 to  affiliate 35230  With settings : Move media report stats , Move pre calculated commissions , Apply destination affiliate Revshare settings , Apply destination affiliate CPA Qualification",3/28/2025 5:51:36 AM,Partners,Yes,35230
bullwaves-169116,169116,2287,35256,"User bullwaves-169116 was moved from affiliate 2287 to  affiliate 35256  With settings : Move media report stats , Move pre calculated commissions , Apply destination affiliate Revshare settings , Apply destination affiliate CPA Qualification",3/28/2025 5:47:27 AM,Partners,Yes,35256
bullwaves-169903,169903,2287,35180,"User bullwaves-169903 was moved from affiliate 2287 to  affiliate 35180  With settings : Move media report stats , Apply destination affiliate Revshare settings , Apply destination affiliate CPA Qualification",3/27/2025 10:50:32 AM,Partners,Yes,35180
bullwaves-170311,170311,2287,35180,"User bullwaves-170311 was moved from affiliate 2287 to  affiliate 35180  With settings : Move media report stats , Apply destination affiliate Revshare settings , Apply destination affiliate CPA Qualification",3/27/2025 10:48:32 AM,Partners,Yes,35180
bullwaves-170430,170430,2287,35256,"User bullwaves-170430 was moved from affiliate 2287 to  affiliate 35256  With settings : Move media report stats , Move pre calculated commissions , Apply destination affiliate Revshare settings , Apply destination affiliate CPA Qualification",3/27/2025 10:36:57 AM,Partners,Yes,35256
bullwaves-165263,165263,2287,35256,"User bullwaves-165263 was moved from affiliate 2287 to  affiliate 35256  With settings : Move media report stats , Move pre calculated commissions , Apply destination affiliate Revshare settings , Apply destination affiliate CPA Qualification",3/27/2025 10:35:35 AM,Partners,Yes,35256
bullwaves-169839,169839,2287,35256,"User bullwaves-169839 was moved from affiliate 2287 to  affiliate 35256  With settings : Move media report stats , Move pre calculated commissions , Apply destination affiliate Revshare settings , Apply destination affiliate CPA Qualification",3/27/2025 10:33:27 AM,Partners,Yes,35256
bullwaves-170096,170096,2287,35256,"User bullwaves-170096 was moved from affiliate 2287 to  affiliate 35256  With settings : Move media report stats , Move pre calculated commissions , Apply destination affiliate Revshare settings , Apply destination affiliate CPA Qualification",3/27/2025 9:57:17 AM,Partners,Yes,35256
bullwaves-170131,170131,2287,35180,"User bullwaves-170131 was moved from affiliate 2287 to  affiliate 35180  With settings : Move media report stats , Move pre calculated commissions , Apply destination affiliate Revshare settings , Apply destination affiliate CPA Qualification",3/27/2025 9:12:57 AM,SONJA,Yes,35180
bullwaves-169410,169410,2287,35230,"User bullwaves-169410 was moved from affiliate 2287 to  affiliate 35230  With settings : Move media report stats , Move pre calculated commissions , Apply destination affiliate Revshare settings , Apply destination affiliate CPA Qualification",3/27/2025 9:05:22 AM,Partners,Yes,35230
bullwaves-168647,168647,2287,35224,User bullwaves-168647 was moved from affiliate 2287 to  affiliate 35224  With settings : Move media report stats,3/26/2025 12:08:47 PM,Partners,Yes,35224
bullwaves-167276,167276,2287,35256,"User bullwaves-167276 was moved from affiliate 2287 to  affiliate 35256  With settings : Move media report stats , Move pre calculated commissions , Apply destination affiliate Revshare settings , Apply destination affiliate CPA Qualification",3/25/2025 4:27:48 PM,Partners,Yes,35256
bullwaves-165784,165784,2287,35230,"User bullwaves-165784 was moved from affiliate 2287 to  affiliate 35230  With settings : Move media report stats , Move pre calculated commissions , Apply destination affiliate Revshare settings , Apply destination affiliate CPA Qualification",3/24/2025 11:41:49 AM,Partners,Yes,35230
bullwaves-154709,154709,2287,35060,"User bullwaves-154709 was moved from affiliate 2287 to  affiliate 35060  With settings : Move media report stats , Move pre calculated commissions , Apply destination affiliate Revshare settings , Apply destination affiliate CPA Qualification",3/24/2025 8:38:11 AM,SONJA,Yes,35060
bullwaves-164986,164986,2287,35256,"User bullwaves-164986 was moved from affiliate 2287 to  affiliate 35256  With settings : Move media report stats , Move pre calculated commissions , Apply destination affiliate Revshare settings , Apply destination affiliate CPA Qualification",3/22/2025 1:08:20 PM,Partners,Yes,35256
bullwaves-164051,164051,2287,35228,"User bullwaves-164051 was moved from affiliate 2287 to  affiliate 35228  With settings : Move media report stats , Move pre calculated commissions , Apply destination affiliate Revshare settings , Apply destination affiliate CPA Qualification",3/22/2025 12:58:19 PM,Partners,Yes,35228
bullwaves-164808,164808,2287,35198,User bullwaves-164808 was moved from affiliate 2287 to  affiliate 35198  With settings : Move media report stats,3/21/2025 4:27:52 PM,Partners,Yes,35198
bullwaves-163891,163891,2287,35230,"User bullwaves-163891 was moved from affiliate 2287 to  affiliate 35230  With settings : Move media report stats , Move pre calculated commissions , Apply destination affiliate Revshare settings , Apply destination affiliate CPA Qualification",3/21/2025 11:07:13 AM,Partners,Yes,35230
bullwaves-163531,163531,2287,35230,"User bullwaves-163531 was moved from affiliate 2287 to  affiliate 35230  With settings : Move media report stats , Move pre calculated commissions , Apply destination affiliate Revshare settings , Apply destination affiliate CPA Qualification",3/21/2025 11:05:52 AM,Partners,Yes,35230
bullwaves-162908,162908,2287,35256,"User bullwaves-162908 was moved from affiliate 2287 to  affiliate 35256  With settings : Move media report stats , Move pre calculated commissions , Apply destination affiliate Revshare settings , Apply destination affiliate CPA Qualification",3/21/2025 11:04:01 AM,Partners,Yes,35256
bullwaves-162307,162307,2287,35060,"User bullwaves-162307 was moved from affiliate 2287 to  affiliate 35060  With settings : Move media report stats , Move pre calculated commissions , Apply destination affiliate Revshare settings , Apply destination affiliate CPA Qualification",3/19/2025 1:47:02 PM,SONJA,Yes,35060
bullwaves-161124,161124,2287,35060,"User bullwaves-161124 was moved from affiliate 2287 to  affiliate 35060  With settings : Move media report stats , Move pre calculated commissions , Apply destination affiliate Revshare settings , Apply destination affiliate CPA Qualification",3/19/2025 8:21:22 AM,SONJA,Yes,35060
bullwaves-156503,156503,2287,35224,"User bullwaves-156503 was moved from affiliate 2287 to  affiliate 35224  With settings : Move media report stats , Move pre calculated commissions , Apply destination affiliate Revshare settings , Apply destination affiliate CPA Qualification",3/18/2025 2:04:26 PM,SONJA,Yes,35224
bullwaves-147005,147005,2287,35060,"User bullwaves-147005 was moved from affiliate 2287 to  affiliate 35060  With settings : Move media report stats , Move pre calculated commissions , Apply destination affiliate Revshare settings , Apply destination affiliate CPA Qualification",3/18/2025 8:54:08 AM,SONJA,Yes,35060
bullwaves-158735,158735,2287,35224,"User bullwaves-158735 was moved from affiliate 2287 to  affiliate 35224  With settings : Move media report stats , Move pre calculated commissions , Apply destination affiliate Revshare settings , Apply destination affiliate CPA Qualification",3/17/2025 10:58:59 AM,SONJA,Yes,35224
bullwaves-153086,153086,2287,35060,"User bullwaves-153086 was moved from affiliate 2287 to  affiliate 35060  With settings : Move media report stats , Move pre calculated commissions , Apply destination affiliate Revshare settings , Apply destination affiliate CPA Qualification",3/17/2025 9:56:19 AM,SONJA,Yes,35060
bullwaves-152663,152663,2287,35060,"User bullwaves-152663 was moved from affiliate 2287 to  affiliate 35060  With settings : Move media report stats , Move pre calculated commissions , Apply destination affiliate Revshare settings , Apply destination affiliate CPA Qualification",3/17/2025 9:53:11 AM,SONJA,Yes,35060
bullwaves-157829,157829,2287,35258,"User bullwaves-157829 was moved from affiliate 2287 to  affiliate 35258  With settings : Move media report stats , Move pre calculated commissions , Apply destination affiliate Revshare settings , Apply destination affiliate CPA Qualification",3/17/2025 7:31:14 AM,Partners,Yes,35258
bullwaves-158103,158103,2287,35224,"User bullwaves-158103 was moved from affiliate 2287 to  affiliate 35224  With settings : Move media report stats , Move pre calculated commissions , Apply destination affiliate Revshare settings , Apply destination affiliate CPA Qualification",3/15/2025 10:10:00 AM,Partners,Yes,35224
bullwaves-158103,158103,35224,2287,"User bullwaves-158103 was moved from affiliate 35224 to  affiliate 2287  With settings : Move media report stats , Move pre calculated commissions , Apply destination affiliate Revshare settings , Apply destination affiliate CPA Qualification",3/15/2025 10:09:52 AM,Partners,Yes,2287
bullwaves-158103,158103,2287,35224,"User bullwaves-158103 was moved from affiliate 2287 to  affiliate 35224  With settings : Move media report stats , Move pre calculated commissions",3/15/2025 10:09:27 AM,Partners,Yes,35224
bullwaves-154025,154025,2287,35256,"User bullwaves-154025 was moved from affiliate 2287 to  affiliate 35256  With settings : Move media report stats , Move pre calculated commissions , Apply destination affiliate Revshare settings , Apply destination affiliate CPA Qualification",3/14/2025 5:55:23 PM,Partners,Yes,35256
bullwaves-157050,157050,2287,35224,"User bullwaves-157050 was moved from affiliate 2287 to  affiliate 35224  With settings : Move media report stats , Apply destination affiliate Revshare settings , Apply destination affiliate CPA Qualification",3/14/2025 7:56:40 AM,Partners,Yes,35224
bullwaves-156515,156515,2287,35060,"User bullwaves-156515 was moved from affiliate 2287 to  affiliate 35060  With settings : Move media report stats , Move pre calculated commissions , Apply destination affiliate Revshare settings , Apply destination affiliate CPA Qualification",3/13/2025 2:06:02 PM,SONJA,Yes,35060
bullwaves-131896,131896,2287,35226,"User bullwaves-131896 was moved from affiliate 2287 to  affiliate 35226  With settings : Move media report stats , Move pre calculated commissions , Apply destination affiliate CPA Qualification",3/12/2025 2:05:41 PM,Partners,Yes,35226
bullwaves-106885,106885,35180,35226,"User bullwaves-106885 was moved from affiliate 35180 to  affiliate 35226  With settings : Move media report stats , Apply destination affiliate Revshare settings , Apply destination affiliate CPA Qualification",3/11/2025 4:35:39 PM,Partners,Yes,35226
,,,,A commission amount of -500 was removed; Commission ID: 13737; User Reference: 908637; by admin: Partners,3/11/2025 8:20:03 AM,Partners,Yes,35171
,,,,A commission amount of -800 was removed; Commission ID: 13738; User Reference: 908389; by admin: Partners,3/11/2025 8:19:59 AM,Partners,Yes,35171
,,,,A commission amount of -280 was removed; Commission ID: 13736; User Reference: 907436; by admin: Partners,3/11/2025 8:19:56 AM,Partners,Yes,35171
bullwaves-152162,152162,2287,35198,"User bullwaves-152162 was moved from affiliate 2287 to  affiliate 35198  With settings : Move media report stats , Move pre calculated commissions , Apply destination affiliate CPA Qualification",3/10/2025 6:02:28 PM,Partners,Yes,35198
bullwaves-115986,115986,35226,35054,"User bullwaves-115986 was moved from affiliate 35226 to  affiliate 35054  With settings : Move media report stats , Move pre calculated commissions",3/8/2025 10:15:58 AM,Partners,Yes,35054
bullwaves-127992,127992,35197,35198,"User bullwaves-127992 was moved from affiliate 35197 to  affiliate 35198  With settings : Move media report stats , Move pre calculated commissions",3/6/2025 10:15:06 PM,Partners,Yes,35198
bullwaves-149138,149138,2287,35246,"User bullwaves-149138 was moved from affiliate 2287 to  affiliate 35246  With settings : Move media report stats , Move pre calculated commissions",3/6/2025 3:22:18 PM,Partners,Yes,35246
bullwaves-149935,149935,2287,35224,"User bullwaves-149935 was moved from affiliate 2287 to  affiliate 35224  With settings : Move media report stats , Move pre calculated commissions , Apply destination affiliate Revshare settings , Apply destination affiliate CPA Qualification",3/6/2025 10:06:02 AM,SONJA,Yes,35224
bullwaves-139730,139730,2287,35224,"User bullwaves-139730 was moved from affiliate 2287 to  affiliate 35224  With settings : Move media report stats , Move pre calculated commissions , Apply destination affiliate Revshare settings , Apply destination affiliate CPA Qualification",3/4/2025 9:02:01 AM,Partners,Yes,35224
bullwaves-100651,100651,2287,35171,"User bullwaves-100651 was moved from affiliate 2287 to  affiliate 35171  With settings : Move media report stats , Move pre calculated commissions , Apply destination affiliate Revshare settings , Apply destination affiliate CPA Qualification",3/4/2025 8:56:00 AM,Partners,Yes,35171
bullwaves-146281,146281,2287,35180,"User bullwaves-146281 was moved from affiliate 2287 to  affiliate 35180  With settings : Move media report stats , Move pre calculated commissions",3/3/2025 8:40:35 PM,Partners,Yes,35180
bullwaves-97944,97944,2287,35171,"User bullwaves-97944 was moved from affiliate 2287 to  affiliate 35171  With settings : Move media report stats , Move pre calculated commissions , Apply destination affiliate Revshare settings , Apply destination affiliate CPA Qualification",3/3/2025 10:33:25 AM,Partners,Yes,35171
bullwaves-143089,143089,2287,35197,"User bullwaves-143089 was moved from affiliate 2287 to  affiliate 35197  With settings : Move media report stats , Move pre calculated commissions , Apply destination affiliate Revshare settings , Apply destination affiliate CPA Qualification",3/3/2025 9:13:41 AM,SONJA,Yes,35197
bullwaves-136149,136149,2287,35197,"User bullwaves-136149 was moved from affiliate 2287 to  affiliate 35197  With settings : Move media report stats , Move pre calculated commissions , Apply destination affiliate Revshare settings , Apply destination affiliate CPA Qualification",3/3/2025 9:12:14 AM,SONJA,Yes,35197
bullwaves-143710,143710,2287,35197,"User bullwaves-143710 was moved from affiliate 2287 to  affiliate 35197  With settings : Move media report stats , Move pre calculated commissions , Apply destination affiliate Revshare settings , Apply destination affiliate CPA Qualification",3/3/2025 9:10:48 AM,SONJA,Yes,35197
bullwaves-143789,143789,2287,35180,"User bullwaves-143789 was moved from affiliate 2287 to  affiliate 35180  With settings : Move media report stats , Move pre calculated commissions , Apply destination affiliate Revshare settings , Apply destination affiliate CPA Qualification",3/3/2025 8:27:16 AM,SONJA,Yes,35180
bullwaves-114623,114623,2287,35226,"User bullwaves-114623 was moved from affiliate 2287 to  affiliate 35226  With settings : Move media report stats , Move pre calculated commissions , Apply destination affiliate Revshare settings , Apply destination affiliate CPA Qualification",3/2/2025 4:00:20 PM,Partners,Yes,35226
bullwaves-68097,68097,35143,35198,"User bullwaves-68097 was moved from affiliate 35143 to  affiliate 35198  With settings : Move media report stats , Move pre calculated commissions",3/2/2025 10:21:39 AM,Partners,Yes,35198
bullwaves-129491,129491,2287,35197,"User bullwaves-129491 was moved from affiliate 2287 to  affiliate 35197  With settings : Move media report stats , Move pre calculated commissions , Apply destination affiliate Revshare settings , Apply destination affiliate CPA Qualification",2/28/2025 2:07:57 PM,SONJA,Yes,35197
bullwaves-141967,141967,2287,35198,"User bullwaves-141967 was moved from affiliate 2287 to  affiliate 35198  With settings : Move media report stats , Move pre calculated commissions , Apply destination affiliate Revshare settings , Apply destination affiliate CPA Qualification",2/28/2025 8:40:32 AM,Partners,Yes,35198
bullwaves-137281,137281,2287,35238,"User bullwaves-137281 was moved from affiliate 2287 to  affiliate 35238  With settings : Move media report stats , Move pre calculated commissions",2/27/2025 6:14:18 PM,Partners,Yes,35238
bullwaves-135480,135480,2287,35238,"User bullwaves-135480 was moved from affiliate 2287 to  affiliate 35238  With settings : Move media report stats , Move pre calculated commissions",2/27/2025 6:12:53 PM,Partners,Yes,35238
bullwaves-131203,131203,2287,35197,"User bullwaves-131203 was moved from affiliate 2287 to  affiliate 35197  With settings : Move media report stats , Move pre calculated commissions",2/27/2025 3:59:19 PM,SONJA,Yes,35197
bullwaves-129248,129248,2287,35197,"User bullwaves-129248 was moved from affiliate 2287 to  affiliate 35197  With settings : Move media report stats , Move pre calculated commissions",2/27/2025 2:29:15 PM,SONJA,Yes,35197
bullwaves-129248,129248,2287,35197,"User bullwaves-129248 was moved from affiliate 2287 to  affiliate 35197  With settings : Move media report stats , Move pre calculated commissions",2/27/2025 2:29:14 PM,SONJA,Yes,2287
bullwaves-139362,139362,2287,35180,"User bullwaves-139362 was moved from affiliate 2287 to  affiliate 35180  With settings : Move media report stats , Move pre calculated commissions",2/27/2025 1:25:40 PM,SONJA,Yes,35180
bullwaves-139558,139558,2287,35230,"User bullwaves-139558 was moved from affiliate 2287 to  affiliate 35230  With settings : Move media report stats , Move pre calculated commissions , Apply destination affiliate Revshare settings , Apply destination affiliate CPA Qualification",2/27/2025 10:46:47 AM,Partners,Yes,35230
bullwaves-128603,128603,2287,35197,"User bullwaves-128603 was moved from affiliate 2287 to  affiliate 35197  With settings : Move media report stats , Move pre calculated commissions",2/27/2025 8:48:30 AM,SONJA,Yes,35197
bullwaves-140714,140714,2287,35197,"User bullwaves-140714 was moved from affiliate 2287 to  affiliate 35197  With settings : Move media report stats , Move pre calculated commissions",2/27/2025 7:54:38 AM,SONJA,Yes,35197
bullwaves-139053,139053,2287,35112,"User bullwaves-139053 was moved from affiliate 2287 to  affiliate 35112  With settings : Move media report stats , Move pre calculated commissions",2/26/2025 2:29:45 PM,SONJA,Yes,35112
bullwaves-86624,86624,2287,35180,"User bullwaves-86624 was moved from affiliate 2287 to  affiliate 35180  With settings : Move media report stats , Move pre calculated commissions",2/26/2025 2:19:03 PM,SONJA,Yes,35180
bullwaves-139851,139851,2287,35198,"User bullwaves-139851 was moved from affiliate 2287 to  affiliate 35198  With settings : Move media report stats , Move pre calculated commissions",2/26/2025 1:10:32 PM,SONJA,Yes,35198
bullwaves-135879,135879,2287,35180,"User bullwaves-135879 was moved from affiliate 2287 to  affiliate 35180  With settings : Move media report stats , Move pre calculated commissions",2/26/2025 10:03:04 AM,SONJA,Yes,35180
bullwaves-137782,137782,2287,35224,"User bullwaves-137782 was moved from affiliate 2287 to  affiliate 35224  With settings : Move media report stats , Move pre calculated commissions",2/26/2025 9:59:28 AM,Partners,Yes,35224
bullwaves-99401,99401,2287,35197,"User bullwaves-99401 was moved from affiliate 2287 to  affiliate 35197  With settings : Move media report stats , Move pre calculated commissions",2/26/2025 9:59:21 AM,SONJA,Yes,35197
bullwaves-128239,128239,2287,35224,"User bullwaves-128239 was moved from affiliate 2287 to  affiliate 35224  With settings : Move media report stats , Move pre calculated commissions",2/26/2025 9:59:04 AM,Partners,Yes,35224
bullwaves-139607,139607,2287,35236,"User bullwaves-139607 was moved from affiliate 2287 to  affiliate 35236  With settings : Move media report stats , Move pre calculated commissions , Apply destination affiliate Revshare settings , Apply destination affiliate CPA Qualification",2/26/2025 9:21:39 AM,Partners,Yes,35236
bullwaves-95041,95041,2287,35171,"User bullwaves-95041 was moved from affiliate 2287 to  affiliate 35171  With settings : Move media report stats , Move pre calculated commissions , Apply destination affiliate Revshare settings , Apply destination affiliate CPA Qualification",2/25/2025 10:39:27 AM,Partners,Yes,35171
bullwaves-94558,94558,2287,35171,"User bullwaves-94558 was moved from affiliate 2287 to  affiliate 35171  With settings : Move media report stats , Move pre calculated commissions , Apply destination affiliate Revshare settings , Apply destination affiliate CPA Qualification",2/25/2025 10:38:17 AM,Partners,Yes,35171
bullwaves-100078,100078,2287,35171,"User bullwaves-100078 was moved from affiliate 2287 to  affiliate 35171  With settings : Move media report stats , Move pre calculated commissions , Apply destination affiliate Revshare settings , Apply destination affiliate CPA Qualification",2/25/2025 10:37:09 AM,Partners,Yes,35171
bullwaves-94109,94109,2287,35171,"User bullwaves-94109 was moved from affiliate 2287 to  affiliate 35171  With settings : Move media report stats , Move pre calculated commissions , Apply destination affiliate Revshare settings , Apply destination affiliate CPA Qualification",2/25/2025 10:35:40 AM,Partners,Yes,35171
bullwaves-94517,94517,2287,35171,"User bullwaves-94517 was moved from affiliate 2287 to  affiliate 35171  With settings : Move media report stats , Move pre calculated commissions , Apply destination affiliate Revshare settings , Apply destination affiliate CPA Qualification",2/25/2025 10:34:32 AM,Partners,Yes,35171
bullwaves-101526,101526,2287,35171,"User bullwaves-101526 was moved from affiliate 2287 to  affiliate 35171  With settings : Move media report stats , Move pre calculated commissions , Apply destination affiliate Revshare settings , Apply destination affiliate CPA Qualification",2/25/2025 10:31:18 AM,Partners,Yes,35171
bullwaves-100651,100651,2287,35171,"User bullwaves-100651 was moved from affiliate 2287 to  affiliate 35171  With settings : Move media report stats , Move pre calculated commissions , Apply destination affiliate Revshare settings , Apply destination affiliate CPA Qualification",2/25/2025 10:25:09 AM,Partners,Yes,35171
bullwaves-94476,94476,2287,35171,"User bullwaves-94476 was moved from affiliate 2287 to  affiliate 35171  With settings : Move media report stats , Move pre calculated commissions , Apply destination affiliate Revshare settings , Apply destination affiliate CPA Qualification",2/25/2025 10:23:25 AM,Partners,Yes,35171
bullwaves-96312,96312,2287,35171,"User bullwaves-96312 was moved from affiliate 2287 to  affiliate 35171  With settings : Move media report stats , Move pre calculated commissions , Apply destination affiliate Revshare settings , Apply destination affiliate CPA Qualification",2/25/2025 10:22:15 AM,Partners,Yes,35171
bullwaves-102545,102545,2287,35171,"User bullwaves-102545 was moved from affiliate 2287 to  affiliate 35171  With settings : Move media report stats , Move pre calculated commissions , Apply destination affiliate Revshare settings , Apply destination affiliate CPA Qualification",2/25/2025 10:19:34 AM,Partners,Yes,35171
bullwaves-100886,100886,2287,35171,"User bullwaves-100886 was moved from affiliate 2287 to  affiliate 35171  With settings : Move media report stats , Move pre calculated commissions , Apply destination affiliate Revshare settings , Apply destination affiliate CPA Qualification",2/25/2025 10:17:48 AM,Partners,Yes,35171
bullwaves-102158,102158,2287,35171,"User bullwaves-102158 was moved from affiliate 2287 to  affiliate 35171  With settings : Move media report stats , Move pre calculated commissions , Apply destination affiliate Revshare settings , Apply destination affiliate CPA Qualification",2/25/2025 10:15:55 AM,Partners,Yes,35171
bullwaves-100074,100074,2287,35171,"User bullwaves-100074 was moved from affiliate 2287 to  affiliate 35171  With settings : Move media report stats , Move pre calculated commissions , Apply destination affiliate Revshare settings , Apply destination affiliate CPA Qualification",2/25/2025 10:14:44 AM,Partners,Yes,35171
bullwaves-97671,97671,2287,35171,"User bullwaves-97671 was moved from affiliate 2287 to  affiliate 35171  With settings : Move media report stats , Move pre calculated commissions , Apply destination affiliate Revshare settings , Apply destination affiliate CPA Qualification",2/25/2025 10:13:40 AM,Partners,Yes,35171
bullwaves-100444,100444,2287,35171,"User bullwaves-100444 was moved from affiliate 2287 to  affiliate 35171  With settings : Move media report stats , Move pre calculated commissions , Apply destination affiliate Revshare settings , Apply destination affiliate CPA Qualification",2/25/2025 10:12:37 AM,Partners,Yes,35171
bullwaves-100722,100722,2287,35171,"User bullwaves-100722 was moved from affiliate 2287 to  affiliate 35171  With settings : Move media report stats , Move pre calculated commissions , Apply destination affiliate Revshare settings , Apply destination affiliate CPA Qualification",2/25/2025 10:11:17 AM,Partners,Yes,35171
bullwaves-98893,98893,2287,35171,"User bullwaves-98893 was moved from affiliate 2287 to  affiliate 35171  With settings : Move media report stats , Move pre calculated commissions , Apply destination affiliate Revshare settings , Apply destination affiliate CPA Qualification",2/25/2025 10:10:02 AM,Partners,Yes,35171
bullwaves-99992,99992,2287,35171,"User bullwaves-99992 was moved from affiliate 2287 to  affiliate 35171  With settings : Move media report stats , Move pre calculated commissions , Apply destination affiliate Revshare settings , Apply destination affiliate CPA Qualification",2/25/2025 10:08:51 AM,Partners,Yes,35171
bullwaves-99955,99955,2287,35171,"User bullwaves-99955 was moved from affiliate 2287 to  affiliate 35171  With settings : Move media report stats , Move pre calculated commissions , Apply destination affiliate Revshare settings , Apply destination affiliate CPA Qualification",2/25/2025 10:07:30 AM,Partners,Yes,35171
bullwaves-99881,99881,2287,35171,"User bullwaves-99881 was moved from affiliate 2287 to  affiliate 35171  With settings : Move media report stats , Move pre calculated commissions , Apply destination affiliate Revshare settings , Apply destination affiliate CPA Qualification",2/24/2025 2:15:00 PM,Partners,Yes,35171
bullwaves-95592,95592,2287,35171,"User bullwaves-95592 was moved from affiliate 2287 to  affiliate 35171  With settings : Move media report stats , Move pre calculated commissions , Apply destination affiliate Revshare settings , Apply destination affiliate CPA Qualification",2/24/2025 1:50:22 PM,Partners,Yes,35171
bullwaves-100390,100390,2287,35171,"User bullwaves-100390 was moved from affiliate 2287 to  affiliate 35171  With settings : Move media report stats , Move pre calculated commissions , Apply destination affiliate Revshare settings , Apply destination affiliate CPA Qualification",2/24/2025 1:48:28 PM,Partners,Yes,35171
bullwaves-94672,94672,2287,35171,"User bullwaves-94672 was moved from affiliate 2287 to  affiliate 35171  With settings : Move media report stats , Move pre calculated commissions , Apply destination affiliate Revshare settings , Apply destination affiliate CPA Qualification",2/24/2025 1:44:22 PM,Partners,Yes,35171
bullwaves-99960,99960,2287,35171,"User bullwaves-99960 was moved from affiliate 2287 to  affiliate 35171  With settings : Move media report stats , Move pre calculated commissions , Apply destination affiliate Revshare settings , Apply destination affiliate CPA Qualification",2/24/2025 1:37:07 PM,Partners,Yes,35171
bullwaves-100043,100043,2287,35171,"User bullwaves-100043 was moved from affiliate 2287 to  affiliate 35171  With settings : Move media report stats , Move pre calculated commissions , Apply destination affiliate Revshare settings , Apply destination affiliate CPA Qualification",2/24/2025 1:35:41 PM,Partners,Yes,35171
bullwaves-96061,96061,2287,35171,"User bullwaves-96061 was moved from affiliate 2287 to  affiliate 35171  With settings : Move media report stats , Move pre calculated commissions , Apply destination affiliate Revshare settings , Apply destination affiliate CPA Qualification",2/24/2025 1:31:47 PM,Partners,Yes,35171
bullwaves-94879,94879,2287,35171,"User bullwaves-94879 was moved from affiliate 2287 to  affiliate 35171  With settings : Move media report stats , Move pre calculated commissions , Apply destination affiliate Revshare settings , Apply destination affiliate CPA Qualification",2/24/2025 1:30:13 PM,Partners,Yes,35171
bullwaves-98228,98228,2287,35171,"User bullwaves-98228 was moved from affiliate 2287 to  affiliate 35171  With settings : Move media report stats , Move pre calculated commissions , Apply destination affiliate Revshare settings , Apply destination affiliate CPA Qualification",2/24/2025 1:20:16 PM,Partners,Yes,35171
bullwaves-95123,95123,2287,35171,"User bullwaves-95123 was moved from affiliate 2287 to  affiliate 35171  With settings : Move media report stats , Move pre calculated commissions , Apply destination affiliate Revshare settings , Apply destination affiliate CPA Qualification",2/24/2025 1:11:53 PM,Partners,Yes,35171
bullwaves-97165,97165,2287,35171,"User bullwaves-97165 was moved from affiliate 2287 to  affiliate 35171  With settings : Move media report stats , Move pre calculated commissions , Apply destination affiliate Revshare settings , Apply destination affiliate CPA Qualification",2/24/2025 1:10:28 PM,Partners,Yes,35171
bullwaves-94549,94549,2287,35171,"User bullwaves-94549 was moved from affiliate 2287 to  affiliate 35171  With settings : Move media report stats , Move pre calculated commissions , Apply destination affiliate Revshare settings , Apply destination affiliate CPA Qualification",2/24/2025 1:09:14 PM,Partners,Yes,35171
bullwaves-94713,94713,2287,35171,"User bullwaves-94713 was moved from affiliate 2287 to  affiliate 35171  With settings : Move media report stats , Move pre calculated commissions , Apply destination affiliate Revshare settings , Apply destination affiliate CPA Qualification",2/24/2025 1:02:47 PM,Partners,Yes,35171
bullwaves-97387,97387,2287,35171,"User bullwaves-97387 was moved from affiliate 2287 to  affiliate 35171  With settings : Move media report stats , Move pre calculated commissions , Apply destination affiliate Revshare settings , Apply destination affiliate CPA Qualification",2/24/2025 1:01:35 PM,Partners,Yes,35171
bullwaves-97387,97387,2287,35171,"User bullwaves-97387 was moved from affiliate 2287 to  affiliate 35171  With settings : Move media report stats , Move pre calculated commissions , Apply destination affiliate Revshare settings , Apply destination affiliate CPA Qualification",2/24/2025 1:01:34 PM,Partners,Yes,2287
bullwaves-97390,97390,2287,35171,"User bullwaves-97390 was moved from affiliate 2287 to  affiliate 35171  With settings : Move media report stats , Move pre calculated commissions , Apply destination affiliate Revshare settings , Apply destination affiliate CPA Qualification",2/24/2025 1:00:23 PM,Partners,Yes,35171
bullwaves-96648,96648,2287,35171,"User bullwaves-96648 was moved from affiliate 2287 to  affiliate 35171  With settings : Move media report stats , Move pre calculated commissions , Apply destination affiliate Revshare settings , Apply destination affiliate CPA Qualification",2/24/2025 12:58:46 PM,Partners,Yes,35171
bullwaves-97439,97439,2287,35171,"User bullwaves-97439 was moved from affiliate 2287 to  affiliate 35171  With settings : Move media report stats , Move pre calculated commissions , Apply destination affiliate Revshare settings , Apply destination affiliate CPA Qualification",2/24/2025 12:56:39 PM,Partners,Yes,35171
bullwaves-94391,94391,2287,35171,"User bullwaves-94391 was moved from affiliate 2287 to  affiliate 35171  With settings : Move media report stats , Move pre calculated commissions , Apply destination affiliate Revshare settings , Apply destination affiliate CPA Qualification",2/24/2025 12:44:01 PM,Partners,Yes,35171
bullwaves-96726,96726,2287,35171,"User bullwaves-96726 was moved from affiliate 2287 to  affiliate 35171  With settings : Move media report stats , Move pre calculated commissions , Apply destination affiliate Revshare settings , Apply destination affiliate CPA Qualification",2/24/2025 12:42:16 PM,Partners,Yes,35171
bullwaves-97010,97010,2287,35171,"User bullwaves-97010 was moved from affiliate 2287 to  affiliate 35171  With settings : Move media report stats , Move pre calculated commissions , Apply destination affiliate Revshare settings , Apply destination affiliate CPA Qualification",2/24/2025 12:38:46 PM,Partners,Yes,35171
bullwaves-95922,95922,2287,35171,"User bullwaves-95922 was moved from affiliate 2287 to  affiliate 35171  With settings : Move media report stats , Move pre calculated commissions , Apply destination affiliate Revshare settings , Apply destination affiliate CPA Qualification",2/24/2025 12:37:13 PM,Partners,Yes,35171
bullwaves-96820,96820,2287,35171,"User bullwaves-96820 was moved from affiliate 2287 to  affiliate 35171  With settings : Move media report stats , Move pre calculated commissions , Apply destination affiliate Revshare settings , Apply destination affiliate CPA Qualification",2/24/2025 12:35:47 PM,Partners,Yes,35171
bullwaves-96404,96404,2287,35171,"User bullwaves-96404 was moved from affiliate 2287 to  affiliate 35171  With settings : Move media report stats , Move pre calculated commissions , Apply destination affiliate Revshare settings , Apply destination affiliate CPA Qualification",2/24/2025 12:31:36 PM,Partners,Yes,35171
bullwaves-96130,96130,2287,35171,"User bullwaves-96130 was moved from affiliate 2287 to  affiliate 35171  With settings : Move media report stats , Move pre calculated commissions , Apply destination affiliate Revshare settings , Apply destination affiliate CPA Qualification",2/24/2025 12:30:16 PM,Partners,Yes,35171
bullwaves-96697,96697,2287,35171,"User bullwaves-96697 was moved from affiliate 2287 to  affiliate 35171  With settings : Move media report stats , Move pre calculated commissions , Apply destination affiliate Revshare settings , Apply destination affiliate CPA Qualification",2/24/2025 12:28:07 PM,Partners,Yes,35171
bullwaves-95154,95154,2287,35171,"User bullwaves-95154 was moved from affiliate 2287 to  affiliate 35171  With settings : Move media report stats , Move pre calculated commissions , Apply destination affiliate Revshare settings , Apply destination affiliate CPA Qualification",2/24/2025 12:25:17 PM,Partners,Yes,35171
bullwaves-95803,95803,2287,35171,"User bullwaves-95803 was moved from affiliate 2287 to  affiliate 35171  With settings : Move media report stats , Move pre calculated commissions , Apply destination affiliate Revshare settings , Apply destination affiliate CPA Qualification",2/24/2025 12:18:26 PM,Partners,Yes,35171
bullwaves-96440,96440,2287,35171,"User bullwaves-96440 was moved from affiliate 2287 to  affiliate 35171  With settings : Move media report stats , Move pre calculated commissions , Apply destination affiliate Revshare settings , Apply destination affiliate CPA Qualification",2/24/2025 12:16:50 PM,Partners,Yes,35171
bullwaves-96525,96525,2287,35171,"User bullwaves-96525 was moved from affiliate 2287 to  affiliate 35171  With settings : Move media report stats , Move pre calculated commissions , Apply destination affiliate Revshare settings , Apply destination affiliate CPA Qualification",2/24/2025 12:13:42 PM,Partners,Yes,35171
bullwaves-96270,96270,2287,35171,"User bullwaves-96270 was moved from affiliate 2287 to  affiliate 35171  With settings : Move media report stats , Move pre calculated commissions , Apply destination affiliate Revshare settings , Apply destination affiliate CPA Qualification",2/24/2025 12:11:56 PM,Partners,Yes,35171
bullwaves-96572,96572,2287,35171,"User bullwaves-96572 was moved from affiliate 2287 to  affiliate 35171  With settings : Move media report stats , Move pre calculated commissions , Apply destination affiliate Revshare settings , Apply destination affiliate CPA Qualification",2/24/2025 12:10:25 PM,Partners,Yes,35171
bullwaves-96477,96477,2287,35171,"User bullwaves-96477 was moved from affiliate 2287 to  affiliate 35171  With settings : Move media report stats , Move pre calculated commissions , Apply destination affiliate Revshare settings , Apply destination affiliate CPA Qualification",2/24/2025 12:08:54 PM,Partners,Yes,35171
bullwaves-93936,93936,2287,35171,"User bullwaves-93936 was moved from affiliate 2287 to  affiliate 35171  With settings : Move media report stats , Move pre calculated commissions , Apply destination affiliate Revshare settings , Apply destination affiliate CPA Qualification",2/24/2025 12:03:04 PM,Partners,Yes,35171
bullwaves-96196,96196,2287,35171,"User bullwaves-96196 was moved from affiliate 2287 to  affiliate 35171  With settings : Move media report stats , Move pre calculated commissions , Apply destination affiliate Revshare settings , Apply destination affiliate CPA Qualification",2/24/2025 11:56:18 AM,Partners,Yes,35171
bullwaves-96211,96211,2287,35171,"User bullwaves-96211 was moved from affiliate 2287 to  affiliate 35171  With settings : Move media report stats , Move pre calculated commissions , Apply destination affiliate Revshare settings , Apply destination affiliate CPA Qualification",2/24/2025 11:54:02 AM,Partners,Yes,35171
bullwaves-95504,95504,2287,35171,"User bullwaves-95504 was moved from affiliate 2287 to  affiliate 35171  With settings : Move media report stats , Move pre calculated commissions , Apply destination affiliate Revshare settings , Apply destination affiliate CPA Qualification",2/24/2025 11:51:10 AM,Partners,Yes,35171
bullwaves-96081,96081,2287,35171,"User bullwaves-96081 was moved from affiliate 2287 to  affiliate 35171  With settings : Move media report stats , Move pre calculated commissions , Apply destination affiliate Revshare settings , Apply destination affiliate CPA Qualification",2/24/2025 11:38:41 AM,Partners,Yes,35171
bullwaves-95194,95194,2287,35171,"User bullwaves-95194 was moved from affiliate 2287 to  affiliate 35171  With settings : Move media report stats , Move pre calculated commissions , Apply destination affiliate Revshare settings , Apply destination affiliate CPA Qualification",2/24/2025 11:37:10 AM,Partners,Yes,35171
bullwaves-95837,95837,2287,35171,"User bullwaves-95837 was moved from affiliate 2287 to  affiliate 35171  With settings : Move media report stats , Move pre calculated commissions , Apply destination affiliate Revshare settings , Apply destination affiliate CPA Qualification",2/24/2025 11:35:55 AM,Partners,Yes,35171
bullwaves-95533,95533,2287,35171,"User bullwaves-95533 was moved from affiliate 2287 to  affiliate 35171  With settings : Move media report stats , Move pre calculated commissions , Apply destination affiliate Revshare settings , Apply destination affiliate CPA Qualification",2/24/2025 11:33:41 AM,Partners,Yes,35171
bullwaves-95283,95283,2287,35171,"User bullwaves-95283 was moved from affiliate 2287 to  affiliate 35171  With settings : Move media report stats , Move pre calculated commissions , Apply destination affiliate Revshare settings , Apply destination affiliate CPA Qualification",2/24/2025 11:30:50 AM,Partners,Yes,35171
bullwaves-94204,94204,2287,35171,"User bullwaves-94204 was moved from affiliate 2287 to  affiliate 35171  With settings : Move media report stats , Move pre calculated commissions , Apply destination affiliate Revshare settings , Apply destination affiliate CPA Qualification",2/24/2025 11:28:39 AM,Partners,Yes,35171
bullwaves-93978,93978,2287,35171,"User bullwaves-93978 was moved from affiliate 2287 to  affiliate 35171  With settings : Move media report stats , Move pre calculated commissions , Apply destination affiliate Revshare settings , Apply destination affiliate CPA Qualification",2/24/2025 11:24:43 AM,Partners,Yes,35171
bullwaves-94192,94192,2287,35171,"User bullwaves-94192 was moved from affiliate 2287 to  affiliate 35171  With settings : Move media report stats , Move pre calculated commissions , Apply destination affiliate Revshare settings , Apply destination affiliate CPA Qualification",2/24/2025 11:20:19 AM,Partners,Yes,35171
bullwaves-94448,94448,2287,35171,"User bullwaves-94448 was moved from affiliate 2287 to  affiliate 35171  With settings : Move media report stats , Move pre calculated commissions , Apply destination affiliate Revshare settings , Apply destination affiliate CPA Qualification",2/24/2025 11:15:23 AM,Partners,Yes,35171
bullwaves-94788,94788,2287,35171,"User bullwaves-94788 was moved from affiliate 2287 to  affiliate 35171  With settings : Move media report stats , Move pre calculated commissions , Apply destination affiliate Revshare settings , Apply destination affiliate CPA Qualification",2/24/2025 11:14:07 AM,Partners,Yes,35171
bullwaves-94299,94299,2287,35171,"User bullwaves-94299 was moved from affiliate 2287 to  affiliate 35171  With settings : Move media report stats , Move pre calculated commissions , Apply destination affiliate Revshare settings , Apply destination affiliate CPA Qualification",2/24/2025 11:12:32 AM,Partners,Yes,35171
bullwaves-94141,94141,2287,35171,"User bullwaves-94141 was moved from affiliate 2287 to  affiliate 35171  With settings : Move media report stats , Move pre calculated commissions , Apply destination affiliate Revshare settings , Apply destination affiliate CPA Qualification",2/24/2025 11:04:04 AM,Partners,Yes,35171
bullwaves-94446,94446,2287,35171,"User bullwaves-94446 was moved from affiliate 2287 to  affiliate 35171  With settings : Move media report stats , Move pre calculated commissions , Apply destination affiliate Revshare settings , Apply destination affiliate CPA Qualification",2/24/2025 11:02:33 AM,Partners,Yes,35171
bullwaves-94017,94017,2287,35171,"User bullwaves-94017 was moved from affiliate 2287 to  affiliate 35171  With settings : Move media report stats , Move pre calculated commissions , Apply destination affiliate Revshare settings , Apply destination affiliate CPA Qualification",2/24/2025 11:00:52 AM,Partners,Yes,35171
bullwaves-94716,94716,2287,35171,"User bullwaves-94716 was moved from affiliate 2287 to  affiliate 35171  With settings : Move media report stats , Move pre calculated commissions , Apply destination affiliate Revshare settings , Apply destination affiliate CPA Qualification",2/24/2025 10:59:54 AM,Partners,Yes,35171
bullwaves-94594,94594,2287,35171,"User bullwaves-94594 was moved from affiliate 2287 to  affiliate 35171  With settings : Move media report stats , Move pre calculated commissions",2/24/2025 10:58:13 AM,Partners,Yes,35171
bullwaves-94718,94718,2287,35171,"User bullwaves-94718 was moved from affiliate 2287 to  affiliate 35171  With settings : Move media report stats , Move pre calculated commissions , Apply destination affiliate Revshare settings , Apply destination affiliate CPA Qualification",2/24/2025 10:51:07 AM,Partners,Yes,35171
bullwaves-93973,93973,2287,35171,"User bullwaves-93973 was moved from affiliate 2287 to  affiliate 35171  With settings : Move media report stats , Move pre calculated commissions , Apply destination affiliate Revshare settings , Apply destination affiliate CPA Qualification",2/24/2025 10:49:26 AM,Partners,Yes,35171
bullwaves-94405,94405,2287,35171,"User bullwaves-94405 was moved from affiliate 2287 to  affiliate 35171  With settings : Move media report stats , Move pre calculated commissions , Apply destination affiliate Revshare settings , Apply destination affiliate CPA Qualification",2/24/2025 10:45:52 AM,Partners,Yes,35171
bullwaves-94602,94602,2287,35171,"User bullwaves-94602 was moved from affiliate 2287 to  affiliate 35171  With settings : Move media report stats , Move pre calculated commissions , Apply destination affiliate Revshare settings , Apply destination affiliate CPA Qualification",2/24/2025 10:44:46 AM,Partners,Yes,35171
bullwaves-93956,93956,2287,35171,"User bullwaves-93956 was moved from affiliate 2287 to  affiliate 35171  With settings : Move media report stats , Move pre calculated commissions , Apply destination affiliate Revshare settings , Apply destination affiliate CPA Qualification",2/24/2025 10:43:16 AM,Partners,Yes,35171
bullwaves-93805,93805,2287,35171,"User bullwaves-93805 was moved from affiliate 2287 to  affiliate 35171  With settings : Move media report stats , Move pre calculated commissions , Apply destination affiliate Revshare settings , Apply destination affiliate CPA Qualification",2/24/2025 10:41:36 AM,Partners,Yes,35171
bullwaves-94488,94488,2287,35171,"User bullwaves-94488 was moved from affiliate 2287 to  affiliate 35171  With settings : Move media report stats , Move pre calculated commissions , Apply destination affiliate Revshare settings , Apply destination affiliate CPA Qualification",2/24/2025 10:40:02 AM,Partners,Yes,35171
bullwaves-93958,93958,2287,35171,"User bullwaves-93958 was moved from affiliate 2287 to  affiliate 35171  With settings : Move media report stats , Move pre calculated commissions , Apply destination affiliate Revshare settings , Apply destination affiliate CPA Qualification",2/24/2025 10:38:34 AM,Partners,Yes,35171
bullwaves-136908,136908,2287,35226,"User bullwaves-136908 was moved from affiliate 2287 to  affiliate 35226  With settings : Move media report stats , Move pre calculated commissions",2/24/2025 10:38:29 AM,Partners,Yes,35226
bullwaves-93915,93915,2287,35171,"User bullwaves-93915 was moved from affiliate 2287 to  affiliate 35171  With settings : Move media report stats , Move pre calculated commissions , Apply destination affiliate Revshare settings , Apply destination affiliate CPA Qualification",2/24/2025 10:36:41 AM,Partners,Yes,35171
bullwaves-94013,94013,2287,35171,"User bullwaves-94013 was moved from affiliate 2287 to  affiliate 35171  With settings : Move media report stats , Move pre calculated commissions , Apply destination affiliate Revshare settings , Apply destination affiliate CPA Qualification",2/24/2025 10:34:30 AM,Partners,Yes,35171
bullwaves-96358,96358,35171,35238,"User bullwaves-96358 was moved from affiliate 35171 to  affiliate 35238  With settings : Move media report stats , Move pre calculated commissions",2/24/2025 9:00:31 AM,Partners,Yes,35238
bullwaves-134030,134030,35180,35198,"User bullwaves-134030 was moved from affiliate 35180 to  affiliate 35198  With settings : Move media report stats , Move pre calculated commissions",2/23/2025 10:10:03 PM,Partners,Yes,35198
bullwaves-134030,134030,2287,35180,"User bullwaves-134030 was moved from affiliate 2287 to  affiliate 35180  With settings : Move media report stats , Move pre calculated commissions , Apply destination affiliate Revshare settings , Apply destination affiliate CPA Qualification",2/21/2025 2:16:18 PM,Partners,Yes,35180
bullwaves-134392,134392,2287,35238,"User bullwaves-134392 was moved from affiliate 2287 to  affiliate 35238  With settings : Move media report stats , Move pre calculated commissions",2/20/2025 6:24:53 PM,Partners,Yes,35238
bullwaves-130766,130766,2287,35180,"User bullwaves-130766 was moved from affiliate 2287 to  affiliate 35180  With settings : Move media report stats , Move pre calculated commissions",2/18/2025 1:44:50 PM,Partners,Yes,35180
bullwaves-128684,128684,2287,35230,"User bullwaves-128684 was moved from affiliate 2287 to  affiliate 35230  With settings : Move media report stats , Move pre calculated commissions , Apply destination affiliate Revshare settings , Apply destination affiliate CPA Qualification",2/17/2025 10:49:37 AM,Partners,Yes,35230
bullwaves-68541,68541,2287,35198,"User bullwaves-68541 was moved from affiliate 2287 to  affiliate 35198  With settings : Move media report stats , Move pre calculated commissions",2/16/2025 12:24:35 PM,Partners,Yes,35198
bullwaves-126022,126022,2287,35230,"User bullwaves-126022 was moved from affiliate 2287 to  affiliate 35230  With settings : Move media report stats , Move pre calculated commissions , Apply destination affiliate Revshare settings , Apply destination affiliate CPA Qualification",2/13/2025 8:19:52 AM,Partners,Yes,35230
bullwaves-61183,61183,2287,35197,"User bullwaves-61183 was moved from affiliate 2287 to  affiliate 35197  With settings : Move media report stats , Move pre calculated commissions",2/12/2025 12:46:13 PM,Partners,Yes,35197
bullwaves-123868,123868,2287,35172,"User bullwaves-123868 was moved from affiliate 2287 to  affiliate 35172  With settings : Move media report stats , Move pre calculated commissions , Apply destination affiliate Revshare settings , Apply destination affiliate CPA Qualification",2/11/2025 12:30:20 PM,Partners,Yes,35172
bullwaves-123198,123198,2287,35224,"User bullwaves-123198 was moved from affiliate 2287 to  affiliate 35224  With settings : Move media report stats , Move pre calculated commissions",2/11/2025 9:12:03 AM,Partners,Yes,35224
bullwaves-85989,85989,2287,35197,"User bullwaves-85989 was moved from affiliate 2287 to  affiliate 35197  With settings : Move media report stats , Move pre calculated commissions",2/10/2025 5:45:35 AM,Partners,Yes,35197
,,,,A payment for the amount of 32330 was removed; Payment ID: 59 Payment Date: Sat Feb 08 2025 00:00:00 GMT+0000 (Coordinated Universal Time)  by admin: cx-akmal,2/9/2025 8:34:02 AM,cx-akmal,Yes,35198
bullwaves-121239,121239,2287,35198,"User bullwaves-121239 was moved from affiliate 2287 to  affiliate 35198  With settings : Move media report stats , Move pre calculated commissions",2/8/2025 6:03:43 PM,Partners,Yes,35198
bullwaves-117538,117538,2287,35197,"User bullwaves-117538 was moved from affiliate 2287 to  affiliate 35197  With settings : Move media report stats , Move pre calculated commissions , Apply destination affiliate Revshare settings , Apply destination affiliate CPA Qualification",2/7/2025 6:01:18 AM,Partners,Yes,35197
bullwaves-87566,87566,2287,35197,"User bullwaves-87566 was moved from affiliate 2287 to  affiliate 35197  With settings : Move media report stats , Move pre calculated commissions",2/7/2025 6:00:33 AM,Partners,Yes,35197
bullwaves-106486,106486,2287,35197,"User bullwaves-106486 was moved from affiliate 2287 to  affiliate 35197  With settings : Move media report stats , Move pre calculated commissions",2/7/2025 6:00:03 AM,Partners,Yes,35197
bullwaves-106486,106486,2287,35197,"User bullwaves-106486 was moved from affiliate 2287 to  affiliate 35197  With settings : Move media report stats , Move pre calculated commissions",2/7/2025 6:00:02 AM,Partners,Yes,35197
bullwaves-115606,115606,2287,35197,"User bullwaves-115606 was moved from affiliate 2287 to  affiliate 35197  With settings : Move media report stats , Move pre calculated commissions , Apply destination affiliate Revshare settings , Apply destination affiliate CPA Qualification",2/7/2025 5:58:24 AM,Partners,Yes,35197
bullwaves-116262,116262,2287,35180,"User bullwaves-116262 was moved from affiliate 2287 to  affiliate 35180  With settings : Move media report stats , Move pre calculated commissions",2/4/2025 7:55:56 AM,Partners,Yes,35180
bullwaves-116007,116007,2287,35180,"User bullwaves-116007 was moved from affiliate 2287 to  affiliate 35180  With settings : Move media report stats , Move pre calculated commissions",2/4/2025 7:19:05 AM,Partners,Yes,35180
bullwaves-113620,113620,2287,35224,"User bullwaves-113620 was moved from affiliate 2287 to  affiliate 35224  With settings : Move media report stats , Move pre calculated commissions",2/2/2025 5:06:10 AM,Partners,Yes,35224
bullwaves-113780,113780,35226,2287,"User bullwaves-113780 was moved from affiliate 35226 to  affiliate 2287  With settings : Move media report stats , Move pre calculated commissions",2/1/2025 12:25:47 PM,Partners,Yes,2287
bullwaves-110569,110569,2287,35197,"User bullwaves-110569 was moved from affiliate 2287 to  affiliate 35197  With settings : Move media report stats , Move pre calculated commissions",1/31/2025 6:52:11 AM,Partners,Yes,35197
bullwaves-90987,90987,2287,35171,"User bullwaves-90987 was moved from affiliate 2287 to  affiliate 35171  With settings : Move media report stats , Move pre calculated commissions , Apply destination affiliate Revshare settings , Apply destination affiliate CPA Qualification",1/29/2025 11:52:33 AM,Affiliates,Yes,35171
bullwaves-98248,98248,2287,35171,"User bullwaves-98248 was moved from affiliate 2287 to  affiliate 35171  With settings : Move media report stats , Move pre calculated commissions , Apply destination affiliate Revshare settings , Apply destination affiliate CPA Qualification",1/29/2025 11:48:01 AM,Affiliates,Yes,35171
bullwaves-87922,87922,2287,35171,"User bullwaves-87922 was moved from affiliate 2287 to  affiliate 35171  With settings : Move media report stats , Move pre calculated commissions , Apply destination affiliate Revshare settings , Apply destination affiliate CPA Qualification",1/29/2025 11:38:36 AM,Affiliates,Yes,35171
bullwaves-87712,87712,2287,35171,"User bullwaves-87712 was moved from affiliate 2287 to  affiliate 35171  With settings : Move media report stats , Move pre calculated commissions , Apply destination affiliate Revshare settings , Apply destination affiliate CPA Qualification",1/29/2025 11:35:45 AM,Affiliates,Yes,35171
bullwaves-104436,104436,2287,35197,"User bullwaves-104436 was moved from affiliate 2287 to  affiliate 35197  With settings : Move media report stats , Move pre calculated commissions , Apply destination affiliate Revshare settings , Apply destination affiliate CPA Qualification",1/28/2025 12:36:15 PM,Partners,Yes,35197
bullwaves-65826,65826,2287,35197,"User bullwaves-65826 was moved from affiliate 2287 to  affiliate 35197  With settings : Move media report stats , Move pre calculated commissions , Apply destination affiliate Revshare settings , Apply destination affiliate CPA Qualification",1/28/2025 12:34:07 PM,Partners,Yes,35197
bullwaves-98872,98872,2287,35197,"User bullwaves-98872 was moved from affiliate 2287 to  affiliate 35197  With settings : Move media report stats , Move pre calculated commissions , Apply destination affiliate Revshare settings , Apply destination affiliate CPA Qualification",1/28/2025 12:33:15 PM,Partners,Yes,35197
bullwaves-94554,94554,2287,35197,"User bullwaves-94554 was moved from affiliate 2287 to  affiliate 35197  With settings : Move media report stats , Move pre calculated commissions , Apply destination affiliate Revshare settings , Apply destination affiliate CPA Qualification",1/28/2025 12:32:30 PM,Partners,Yes,35197
bullwaves-97806,97806,2287,35197,"User bullwaves-97806 was moved from affiliate 2287 to  affiliate 35197  With settings : Move media report stats , Move pre calculated commissions , Apply destination affiliate Revshare settings , Apply destination affiliate CPA Qualification",1/28/2025 12:31:00 PM,Partners,Yes,35197
bullwaves-91981,91981,2287,35197,"User bullwaves-91981 was moved from affiliate 2287 to  affiliate 35197  With settings : Move media report stats , Move pre calculated commissions , Apply destination affiliate Revshare settings , Apply destination affiliate CPA Qualification",1/28/2025 12:30:01 PM,Partners,Yes,35197
bullwaves-90497,90497,2287,35197,"User bullwaves-90497 was moved from affiliate 2287 to  affiliate 35197  With settings : Move media report stats , Move pre calculated commissions , Apply destination affiliate Revshare settings , Apply destination affiliate CPA Qualification",1/28/2025 12:27:32 PM,Partners,Yes,35197
bullwaves-80792,80792,2287,35197,"User bullwaves-80792 was moved from affiliate 2287 to  affiliate 35197  With settings : Move media report stats , Move pre calculated commissions , Apply destination affiliate Revshare settings , Apply destination affiliate CPA Qualification",1/28/2025 12:24:46 PM,Partners,Yes,35197
bullwaves-77956,77956,2287,35197,"User bullwaves-77956 was moved from affiliate 2287 to  affiliate 35197  With settings : Move media report stats , Move pre calculated commissions , Apply destination affiliate Revshare settings , Apply destination affiliate CPA Qualification",1/28/2025 12:21:53 PM,Partners,Yes,35197
bullwaves-84378,84378,2287,35197,"User bullwaves-84378 was moved from affiliate 2287 to  affiliate 35197  With settings : Move media report stats , Move pre calculated commissions , Apply destination affiliate Revshare settings , Apply destination affiliate CPA Qualification",1/28/2025 12:20:38 PM,Partners,Yes,35197
bullwaves-85025,85025,2287,35197,"User bullwaves-85025 was moved from affiliate 2287 to  affiliate 35197  With settings : Move media report stats , Move pre calculated commissions , Apply destination affiliate Revshare settings , Apply destination affiliate CPA Qualification",1/28/2025 12:19:21 PM,Partners,Yes,35197
bullwaves-100675,100675,2287,35171,"User bullwaves-100675 was moved from affiliate 2287 to  affiliate 35171  With settings : Move media report stats , Move pre calculated commissions",1/21/2025 8:13:58 AM,Partners,Yes,35171
bullwaves-96523,96523,2287,35171,"User bullwaves-96523 was moved from affiliate 2287 to  affiliate 35171  With settings : Move media report stats , Move pre calculated commissions",1/21/2025 8:12:47 AM,Partners,Yes,35171
bullwaves-101058,101058,2287,35171,"User bullwaves-101058 was moved from affiliate 2287 to  affiliate 35171  With settings : Move media report stats , Move pre calculated commissions",1/21/2025 8:11:14 AM,Partners,Yes,35171
bullwaves-95901,95901,2287,35171,"User bullwaves-95901 was moved from affiliate 2287 to  affiliate 35171  With settings : Move media report stats , Move pre calculated commissions",1/21/2025 8:09:59 AM,Partners,Yes,35171
bullwaves-94366,94366,2287,35171,"User bullwaves-94366 was moved from affiliate 2287 to  affiliate 35171  With settings : Move media report stats , Move pre calculated commissions",1/21/2025 8:01:00 AM,Partners,Yes,35171
bullwaves-94110,94110,2287,35171,"User bullwaves-94110 was moved from affiliate 2287 to  affiliate 35171  With settings : Move media report stats , Move pre calculated commissions , Apply destination affiliate Revshare settings , Apply destination affiliate CPA Qualification",1/20/2025 3:50:29 PM,Partners,Yes,35171
bullwaves-87662,87662,2287,35171,"User bullwaves-87662 was moved from affiliate 2287 to  affiliate 35171  With settings : Move media report stats , Move pre calculated commissions , Apply destination affiliate Revshare settings , Apply destination affiliate CPA Qualification",1/20/2025 11:03:51 AM,Affiliates,Yes,35171
bullwaves-85957,85957,2287,35171,"User bullwaves-85957 was moved from affiliate 2287 to  affiliate 35171  With settings : Move media report stats , Move pre calculated commissions , Apply destination affiliate Revshare settings , Apply destination affiliate CPA Qualification",1/20/2025 11:02:13 AM,Affiliates,Yes,35171
bullwaves-82599,82599,2287,35171,"User bullwaves-82599 was moved from affiliate 2287 to  affiliate 35171  With settings : Move media report stats , Move pre calculated commissions , Apply destination affiliate Revshare settings , Apply destination affiliate CPA Qualification",1/20/2025 11:00:05 AM,Affiliates,Yes,35171
bullwaves-76315,76315,2287,35171,"User bullwaves-76315 was moved from affiliate 2287 to  affiliate 35171  With settings : Move media report stats , Move pre calculated commissions , Apply destination affiliate Revshare settings , Apply destination affiliate CPA Qualification",1/20/2025 10:57:30 AM,Affiliates,Yes,35171
bullwaves-80987,80987,2287,35171,"User bullwaves-80987 was moved from affiliate 2287 to  affiliate 35171  With settings : Move media report stats , Move pre calculated commissions , Apply destination affiliate Revshare settings , Apply destination affiliate CPA Qualification",1/20/2025 10:54:34 AM,Affiliates,Yes,35171
bullwaves-81400,81400,2287,35171,"User bullwaves-81400 was moved from affiliate 2287 to  affiliate 35171  With settings : Move media report stats , Move pre calculated commissions , Apply destination affiliate Revshare settings , Apply destination affiliate CPA Qualification",1/20/2025 10:53:01 AM,Affiliates,Yes,35171
bullwaves-79135,79135,2287,35171,"User bullwaves-79135 was moved from affiliate 2287 to  affiliate 35171  With settings : Move media report stats , Move pre calculated commissions , Apply destination affiliate Revshare settings , Apply destination affiliate CPA Qualification",1/20/2025 10:40:27 AM,Affiliates,Yes,35171
bullwaves-77207,77207,2287,35171,"User bullwaves-77207 was moved from affiliate 2287 to  affiliate 35171  With settings : Move media report stats , Move pre calculated commissions , Apply destination affiliate Revshare settings , Apply destination affiliate CPA Qualification",1/20/2025 10:34:35 AM,Affiliates,Yes,35171
bullwaves-70685,70685,2287,35171,"User bullwaves-70685 was moved from affiliate 2287 to  affiliate 35171  With settings : Move media report stats , Move pre calculated commissions , Apply destination affiliate Revshare settings , Apply destination affiliate CPA Qualification",1/20/2025 10:26:38 AM,Affiliates,Yes,35171
bullwaves-67816,67816,2287,35171,"User bullwaves-67816 was moved from affiliate 2287 to  affiliate 35171  With settings : Move media report stats , Move pre calculated commissions , Apply destination affiliate Revshare settings , Apply destination affiliate CPA Qualification",1/20/2025 10:07:06 AM,Affiliates,Yes,35171
bullwaves-95942,95942,2287,35171,"User bullwaves-95942 was moved from affiliate 2287 to  affiliate 35171  With settings : Move media report stats , Move pre calculated commissions",1/20/2025 8:29:50 AM,Partners,Yes,35171
bullwaves-97560,97560,2287,35171,"User bullwaves-97560 was moved from affiliate 2287 to  affiliate 35171  With settings : Move media report stats , Move pre calculated commissions",1/19/2025 9:31:17 AM,Partners,Yes,35171
bullwaves-95880,95880,2287,35171,"User bullwaves-95880 was moved from affiliate 2287 to  affiliate 35171  With settings : Move media report stats , Move pre calculated commissions",1/19/2025 9:30:33 AM,Partners,Yes,35171
bullwaves-95130,95130,2287,35171,"User bullwaves-95130 was moved from affiliate 2287 to  affiliate 35171  With settings : Move media report stats , Move pre calculated commissions",1/18/2025 11:36:26 AM,Partners,Yes,35171
bullwaves-79997,79997,2287,35171,"User bullwaves-79997 was moved from affiliate 2287 to  affiliate 35171  With settings : Move media report stats , Move pre calculated commissions , Apply destination affiliate Revshare settings , Apply destination affiliate CPA Qualification",1/14/2025 1:28:46 PM,Affiliates,Yes,35171
bullwaves-75435,75435,2287,35171,"User bullwaves-75435 was moved from affiliate 2287 to  affiliate 35171  With settings : Move media report stats , Move pre calculated commissions , Apply destination affiliate Revshare settings , Apply destination affiliate CPA Qualification",1/14/2025 1:26:25 PM,Affiliates,Yes,35171
bullwaves-76232,76232,2287,35171,"User bullwaves-76232 was moved from affiliate 2287 to  affiliate 35171  With settings : Move media report stats , Move pre calculated commissions , Apply destination affiliate Revshare settings , Apply destination affiliate CPA Qualification",1/14/2025 1:23:33 PM,Affiliates,Yes,35171
bullwaves-76221,76221,2287,35171,"User bullwaves-76221 was moved from affiliate 2287 to  affiliate 35171  With settings : Move media report stats , Move pre calculated commissions , Apply destination affiliate Revshare settings , Apply destination affiliate CPA Qualification",1/14/2025 1:04:10 PM,Affiliates,Yes,35171
bullwaves-75166,75166,2287,35171,"User bullwaves-75166 was moved from affiliate 2287 to  affiliate 35171  With settings : Move media report stats , Move pre calculated commissions , Apply destination affiliate Revshare settings , Apply destination affiliate CPA Qualification",1/14/2025 1:02:24 PM,Affiliates,Yes,35171
bullwaves-74121,74121,2287,35171,"User bullwaves-74121 was moved from affiliate 2287 to  affiliate 35171  With settings : Move media report stats , Move pre calculated commissions , Apply destination affiliate Revshare settings , Apply destination affiliate CPA Qualification",1/14/2025 12:58:33 PM,Affiliates,Yes,35171
bullwaves-73812,73812,2287,35171,"User bullwaves-73812 was moved from affiliate 2287 to  affiliate 35171  With settings : Move media report stats , Move pre calculated commissions , Apply destination affiliate Revshare settings , Apply destination affiliate CPA Qualification",1/14/2025 12:56:31 PM,Affiliates,Yes,35171
bullwaves-71696,71696,2287,35171,"User bullwaves-71696 was moved from affiliate 2287 to  affiliate 35171  With settings : Move media report stats , Move pre calculated commissions , Apply destination affiliate Revshare settings , Apply destination affiliate CPA Qualification",1/14/2025 11:39:22 AM,Affiliates,Yes,35171
bullwaves-70378,70378,2287,35171,"User bullwaves-70378 was moved from affiliate 2287 to  affiliate 35171  With settings : Move media report stats , Move pre calculated commissions , Apply destination affiliate Revshare settings , Apply destination affiliate CPA Qualification",1/14/2025 11:37:29 AM,Affiliates,Yes,35171
bullwaves-69231,69231,2287,35171,"User bullwaves-69231 was moved from affiliate 2287 to  affiliate 35171  With settings : Move media report stats , Move pre calculated commissions , Apply destination affiliate Revshare settings , Apply destination affiliate CPA Qualification",1/14/2025 11:35:24 AM,Affiliates,Yes,35171
bullwaves-69118,69118,2287,35171,"User bullwaves-69118 was moved from affiliate 2287 to  affiliate 35171  With settings : Move media report stats , Move pre calculated commissions , Apply destination affiliate Revshare settings , Apply destination affiliate CPA Qualification",1/14/2025 11:33:50 AM,Affiliates,Yes,35171
bullwaves-67220,67220,2287,35171,"User bullwaves-67220 was moved from affiliate 2287 to  affiliate 35171  With settings : Move media report stats , Move pre calculated commissions , Apply destination affiliate Revshare settings , Apply destination affiliate CPA Qualification",1/14/2025 11:32:23 AM,Affiliates,Yes,35171
bullwaves-58097,58097,2287,35171,"User bullwaves-58097 was moved from affiliate 2287 to  affiliate 35171  With settings : Move media report stats , Move pre calculated commissions , Apply destination affiliate Revshare settings , Apply destination affiliate CPA Qualification",1/14/2025 11:29:45 AM,Affiliates,Yes,35171
bullwaves-41609,41609,2287,35171,"User bullwaves-41609 was moved from affiliate 2287 to  affiliate 35171  With settings : Move media report stats , Move pre calculated commissions , Apply destination affiliate Revshare settings , Apply destination affiliate CPA Qualification",1/14/2025 11:24:56 AM,Affiliates,Yes,35171
bullwaves-42925,42925,2287,35171,"User bullwaves-42925 was moved from affiliate 2287 to  affiliate 35171  With settings : Move media report stats , Move pre calculated commissions , Apply destination affiliate Revshare settings , Apply destination affiliate CPA Qualification",1/14/2025 11:19:42 AM,Affiliates,Yes,35171
bullwaves-41724,41724,2287,35171,"User bullwaves-41724 was moved from affiliate 2287 to  affiliate 35171  With settings : Move media report stats , Move pre calculated commissions , Apply destination affiliate Revshare settings , Apply destination affiliate CPA Qualification",1/14/2025 11:10:58 AM,Affiliates,Yes,35171
bullwaves-86891,86891,2287,35171,"User bullwaves-86891 was moved from affiliate 2287 to  affiliate 35171  With settings : Move media report stats , Move pre calculated commissions , Apply destination affiliate Revshare settings , Apply destination affiliate CPA Qualification",1/14/2025 9:44:05 AM,Partners,Yes,35171
bullwaves-86671,86671,35053,35054,"User bullwaves-86671 was moved from affiliate 35053 to  affiliate 35054  With settings : Move media report stats , Move pre calculated commissions",1/13/2025 4:38:03 AM,Partners,Yes,35054
bullwaves-86671,86671,2287,35053,"User bullwaves-86671 was moved from affiliate 2287 to  affiliate 35053  With settings : Move media report stats , Move pre calculated commissions",1/13/2025 4:37:01 AM,Partners,Yes,35053
bullwaves-80230,80230,2287,35171,"User bullwaves-80230 was moved from affiliate 2287 to  affiliate 35171  With settings : Move media report stats , Move pre calculated commissions",1/10/2025 9:57:13 AM,Partners,Yes,35171
bullwaves-84442,84442,2287,35171,"User bullwaves-84442 was moved from affiliate 2287 to  affiliate 35171  With settings : Move media report stats , Move pre calculated commissions",1/10/2025 9:56:48 AM,Partners,Yes,35171
bullwaves-83838,83838,2287,35198,"User bullwaves-83838 was moved from affiliate 2287 to  affiliate 35198  With settings : Move media report stats , Move pre calculated commissions , Apply destination affiliate Revshare settings , Apply destination affiliate CPA Qualification",1/9/2025 9:35:00 AM,Partners,Yes,35198
bullwaves-80405,80405,2287,35197,"User bullwaves-80405 was moved from affiliate 2287 to  affiliate 35197  With settings : Move media report stats , Move pre calculated commissions , Apply destination affiliate Revshare settings , Apply destination affiliate CPA Qualification",1/3/2025 11:41:33 AM,Partners,Yes,35197
bullwaves-79300,79300,2287,35197,"User bullwaves-79300 was moved from affiliate 2287 to  affiliate 35197  With settings : Move media report stats , Move pre calculated commissions",1/2/2025 12:56:29 PM,Partners,Yes,35197
bullwaves-77211,77211,2287,35171,"User bullwaves-77211 was moved from affiliate 2287 to  affiliate 35171  With settings : Move media report stats , Move pre calculated commissions",12/27/2024 1:24:06 PM,Partners,Yes,35171
bullwaves-41679,41679,2287,35054,"User bullwaves-41679 was moved from affiliate 2287 to  affiliate 35054  With settings : Move media report stats , Move pre calculated commissions",12/24/2024 9:04:28 PM,Partners,Yes,35054
bullwaves-73996,73996,2287,35171,"User bullwaves-73996 was moved from affiliate 2287 to  affiliate 35171  With settings : Move media report stats , Move pre calculated commissions",12/23/2024 2:20:14 PM,Partners,Yes,35171
bullwaves-75107,75107,2287,35183,"User bullwaves-75107 was moved from affiliate 2287 to  affiliate 35183  With settings : Move media report stats , Move pre calculated commissions",12/23/2024 2:17:30 PM,Partners,Yes,35183
bullwaves-72916,72916,2287,35197,"User bullwaves-72916 was moved from affiliate 2287 to  affiliate 35197  With settings : Move media report stats , Move pre calculated commissions , Apply destination affiliate Revshare settings , Apply destination affiliate CPA Qualification",12/19/2024 3:36:12 PM,Partners,Yes,35197
bullwaves-71261,71261,2287,35197,"User bullwaves-71261 was moved from affiliate 2287 to  affiliate 35197  With settings : Move media report stats , Move pre calculated commissions",12/17/2024 3:05:34 PM,Partners,Yes,35197
bullwaves-69725,69725,2287,35197,"User bullwaves-69725 was moved from affiliate 2287 to  affiliate 35197  With settings : Move media report stats , Move pre calculated commissions",12/16/2024 7:54:15 AM,Partners,Yes,35197
bullwaves-48495,48495,2287,35197,"User bullwaves-48495 was moved from affiliate 2287 to  affiliate 35197  With settings : Move media report stats , Move pre calculated commissions",12/16/2024 7:53:48 AM,Partners,Yes,35197
bullwaves-69923,69923,35197,2287,"User bullwaves-69923 was moved from affiliate 35197 to  affiliate 2287  With settings : Move media report stats , Move pre calculated commissions",12/16/2024 7:50:12 AM,Partners,Yes,2287
bullwaves-69394,69394,2287,35112,"User bullwaves-69394 was moved from affiliate 2287 to  affiliate 35112  With settings : Move media report stats , Move pre calculated commissions",12/14/2024 6:07:37 PM,Partners,Yes,35112
bullwaves-68428,68428,2287,35171,"User bullwaves-68428 was moved from affiliate 2287 to  affiliate 35171  With settings : Move media report stats , Move pre calculated commissions , Apply destination affiliate Revshare settings , Apply destination affiliate CPA Qualification",12/12/2024 2:13:56 PM,Partners,Yes,35171
bullwaves-67707,67707,35171,2287,"User bullwaves-67707 was moved from affiliate 35171 to  affiliate 2287  With settings : Move media report stats , Move pre calculated commissions",12/11/2024 1:41:05 PM,Partners,Yes,2287
bullwaves-65246,65246,2287,35200,"User bullwaves-65246 was moved from affiliate 2287 to  affiliate 35200  With settings : Move media report stats , Move pre calculated commissions",12/9/2024 4:30:36 PM,Partners,Yes,35200
bullwaves-58147,58147,2287,35200,"User bullwaves-58147 was moved from affiliate 2287 to  affiliate 35200  With settings : Move media report stats , Move pre calculated commissions",12/5/2024 2:47:12 PM,Partners,Yes,35200
bullwaves-61881,61881,2287,35180,"User bullwaves-61881 was moved from affiliate 2287 to  affiliate 35180  With settings : Move media report stats , Move pre calculated commissions , Apply destination affiliate Revshare settings , Apply destination affiliate CPA Qualification",12/4/2024 8:40:33 AM,Partners,Yes,35180
bullwaves-59632,59632,2287,35180,"User bullwaves-59632 was moved from affiliate 2287 to  affiliate 35180  With settings : Move media report stats , Move pre calculated commissions",12/3/2024 4:13:27 PM,Partners,Yes,35180
bullwaves-61725,61725,2287,35180,"User bullwaves-61725 was moved from affiliate 2287 to  affiliate 35180  With settings : Move media report stats , Move pre calculated commissions , Apply destination affiliate Revshare settings , Apply destination affiliate CPA Qualification",12/2/2024 4:45:53 PM,Partners,Yes,35180
bullwaves-61725,61725,2287,35180,"User bullwaves-61725 was moved from affiliate 2287 to  affiliate 35180  With settings : Move media report stats , Move pre calculated commissions , Apply destination affiliate Revshare settings , Apply destination affiliate CPA Qualification",12/2/2024 4:45:51 PM,Partners,Yes,35180
bullwaves-61306,61306,2287,35180,"User bullwaves-61306 was moved from affiliate 2287 to  affiliate 35180  With settings : Move media report stats , Move pre calculated commissions , Apply destination affiliate CPA Qualification",12/2/2024 12:56:58 PM,Partners,Yes,35180
bullwaves-60209,60209,2287,35180,"User bullwaves-60209 was moved from affiliate 2287 to  affiliate 35180  With settings : Move media report stats , Move pre calculated commissions",12/2/2024 10:12:14 AM,Partners,Yes,35180
bullwaves-59425,59425,2287,35180,"User bullwaves-59425 was moved from affiliate 2287 to  affiliate 35180  With settings : Move media report stats , Move pre calculated commissions",12/1/2024 5:35:14 PM,Partners,Yes,35180
bullwaves-59071,59071,35143,2287,"User bullwaves-59071 was moved from affiliate 35143 to  affiliate 2287  With settings : Move media report stats , Move pre calculated commissions",11/29/2024 12:41:26 PM,Partners,Yes,2287
bullwaves-59079,59079,35143,2287,"User bullwaves-59079 was moved from affiliate 35143 to  affiliate 2287  With settings : Move media report stats , Move pre calculated commissions",11/29/2024 12:40:38 PM,Partners,Yes,2287
bullwaves-58602,58602,35180,2287,"User bullwaves-58602 was moved from affiliate 35180 to  affiliate 2287  With settings : Move media report stats , Move pre calculated commissions",11/29/2024 12:39:35 PM,Partners,Yes,2287
bullwaves-58274,58274,2287,35180,"User bullwaves-58274 was moved from affiliate 2287 to  affiliate 35180  With settings : Move media report stats , Move pre calculated commissions",11/29/2024 12:29:13 PM,Partners,Yes,35180
bullwaves-8769,8769,2287,35107,"User bullwaves-8769 was moved from affiliate 2287 to  affiliate 35107  With settings : Move media report stats , Move pre calculated commissions",11/29/2024 11:10:57 AM,Partners,Yes,35107
bullwaves-58234,58234,2287,35200,"User bullwaves-58234 was moved from affiliate 2287 to  affiliate 35200  With settings : Move media report stats , Move pre calculated commissions , Apply destination affiliate CPA Qualification",11/28/2024 3:02:22 PM,Partners,Yes,35200
bullwaves-57428,57428,2287,35180,"User bullwaves-57428 was moved from affiliate 2287 to  affiliate 35180  With settings : Move media report stats , Move pre calculated commissions",11/27/2024 8:04:03 PM,Partners,Yes,35180
bullwaves-55753,55753,2287,35107,"User bullwaves-55753 was moved from affiliate 2287 to  affiliate 35107  With settings : Move media report stats , Move pre calculated commissions",11/27/2024 10:41:05 AM,Partners,Yes,35107
bullwaves-55186,55186,2287,35200,"User bullwaves-55186 was moved from affiliate 2287 to  affiliate 35200  With settings : Move media report stats , Move pre calculated commissions , Apply destination affiliate CPA Qualification",11/26/2024 4:42:02 PM,Partners,Yes,35200
bullwaves-55186,55186,35200,2287,"User bullwaves-55186 was moved from affiliate 35200 to  affiliate 2287  With settings : Move media report stats , Move pre calculated commissions , Apply destination affiliate CPA Qualification",11/26/2024 4:41:48 PM,Partners,Yes,2287
bullwaves-55186,55186,2287,35200,"User bullwaves-55186 was moved from affiliate 2287 to  affiliate 35200  With settings : Move media report stats , Move pre calculated commissions",11/25/2024 7:56:45 PM,Partners,Yes,35200
bullwaves-52515,52515,2287,35152,"User bullwaves-52515 was moved from affiliate 2287 to  affiliate 35152  With settings : Move media report stats , Move pre calculated commissions",11/22/2024 1:06:07 PM,Partners,Yes,35152
bullwaves-46789,46789,2287,35152,"User bullwaves-46789 was moved from affiliate 2287 to  affiliate 35152  With settings : Move media report stats , Move pre calculated commissions",11/21/2024 11:45:59 AM,Partners,Yes,35152
bullwaves-47443,47443,2287,35186,"User bullwaves-47443 was moved from affiliate 2287 to  affiliate 35186  With settings : Move media report stats , Move pre calculated commissions",11/18/2024 8:57:39 AM,Partners,Yes,35186
bullwaves-47711,47711,35180,2287,"User bullwaves-47711 was moved from affiliate 35180 to  affiliate 2287  With settings : Move media report stats , Move pre calculated commissions",11/14/2024 8:59:59 PM,Partners,Yes,2287
bullwaves-47711,47711,35180,2287,"User bullwaves-47711 was moved from affiliate 35180 to  affiliate 2287  With settings : Move media report stats , Move pre calculated commissions",11/14/2024 8:59:58 PM,Partners,Yes,2287
bullwaves-47708,47708,35180,2287,"User bullwaves-47708 was moved from affiliate 35180 to  affiliate 2287  With settings : Move media report stats , Move pre calculated commissions",11/14/2024 8:30:10 PM,Partners,Yes,2287
bullwaves-47695,47695,35180,2287,"User bullwaves-47695 was moved from affiliate 35180 to  affiliate 2287  With settings : Move media report stats , Move pre calculated commissions",11/14/2024 8:23:23 PM,Partners,Yes,2287
bullwaves-47691,47691,35180,2287,"User bullwaves-47691 was moved from affiliate 35180 to  affiliate 2287  With settings : Move media report stats , Move pre calculated commissions",11/14/2024 8:23:07 PM,Partners,Yes,2287
bullwaves-36362,36362,2287,35060,"User bullwaves-36362 was moved from affiliate 2287 to  affiliate 35060  With settings : Move media report stats , Move pre calculated commissions",11/14/2024 5:36:14 AM,Partners,Yes,35060
bullwaves-34123,34123,2287,35060,"User bullwaves-34123 was moved from affiliate 2287 to  affiliate 35060  With settings : Move media report stats , Move pre calculated commissions",11/14/2024 5:34:51 AM,Partners,Yes,35060
bullwaves-31976,31976,2287,35060,"User bullwaves-31976 was moved from affiliate 2287 to  affiliate 35060  With settings : Move media report stats , Move pre calculated commissions",11/14/2024 5:33:42 AM,Partners,Yes,35060
bullwaves-45889,45889,2287,35171,"User bullwaves-45889 was moved from affiliate 2287 to  affiliate 35171  With settings : Move media report stats , Move pre calculated commissions",11/11/2024 3:18:28 PM,Partners,Yes,35171
bullwaves-43173,43173,2287,35186,"User bullwaves-43173 was moved from affiliate 2287 to  affiliate 35186  With settings : Move media report stats , Move pre calculated commissions",11/6/2024 11:58:44 AM,Affiliates,Yes,35186
bullwaves-43961,43961,35171,2287,"User bullwaves-43961 was moved from affiliate 35171 to  affiliate 2287  With settings : Move media report stats , Move pre calculated commissions",11/5/2024 1:16:25 PM,Partners,Yes,2287
bullwaves-43969,43969,35171,2287,"User bullwaves-43969 was moved from affiliate 35171 to  affiliate 2287  With settings : Move media report stats , Move pre calculated commissions",11/5/2024 1:15:53 PM,Partners,Yes,2287
bullwaves-43101,43101,2287,35191,"User bullwaves-43101 was moved from affiliate 2287 to  affiliate 35191  With settings : Move media report stats , Move pre calculated commissions",11/4/2024 8:05:35 PM,Partners,Yes,35191
bullwaves-43124,43124,2287,35060,"User bullwaves-43124 was moved from affiliate 2287 to  affiliate 35060  With settings : Move media report stats , Move pre calculated commissions",11/4/2024 8:05:27 PM,Partners,Yes,35060
bullwaves-43169,43169,2287,35060,"User bullwaves-43169 was moved from affiliate 2287 to  affiliate 35060  With settings : Move media report stats , Move pre calculated commissions",11/4/2024 8:04:36 PM,Partners,Yes,35060
bullwaves-43281,43281,2287,35060,"User bullwaves-43281 was moved from affiliate 2287 to  affiliate 35060  With settings : Move media report stats , Move pre calculated commissions",11/4/2024 8:04:02 PM,Partners,Yes,35060
bullwaves-43710,43710,35171,35172,"User bullwaves-43710 was moved from affiliate 35171 to  affiliate 35172  With settings : Move media report stats , Move pre calculated commissions",11/4/2024 4:10:50 PM,Partners,Yes,35172
bullwaves-43702,43702,35171,35172,"User bullwaves-43702 was moved from affiliate 35171 to  affiliate 35172  With settings : Move media report stats , Move pre calculated commissions",11/4/2024 4:10:36 PM,Partners,Yes,35172
bullwaves-43694,43694,35171,35172,"User bullwaves-43694 was moved from affiliate 35171 to  affiliate 35172  With settings : Move media report stats , Move pre calculated commissions",11/4/2024 4:10:00 PM,Partners,Yes,35172
bullwaves-43522,43522,35171,2287,"User bullwaves-43522 was moved from affiliate 35171 to  affiliate 2287  With settings : Move media report stats , Move pre calculated commissions",11/4/2024 10:01:01 AM,Partners,Yes,2287
bullwaves-38220,38220,2287,35060,"User bullwaves-38220 was moved from affiliate 2287 to  affiliate 35060  With settings : Move media report stats , Move pre calculated commissions",11/1/2024 3:13:11 PM,Partners,Yes,35060
bullwaves-35931,35931,2287,35060,"User bullwaves-35931 was moved from affiliate 2287 to  affiliate 35060  With settings : Move media report stats , Move pre calculated commissions",11/1/2024 12:41:53 PM,Partners,Yes,35060
bullwaves-42846,42846,2287,35060,"User bullwaves-42846 was moved from affiliate 2287 to  affiliate 35060  With settings : Move media report stats , Move pre calculated commissions",11/1/2024 12:41:00 PM,Partners,Yes,35060
bullwaves-33746,33746,35157,35182,"User bullwaves-33746 was moved from affiliate 35157 to  affiliate 35182  With settings : Move media report stats , Move pre calculated commissions",10/28/2024 2:45:28 PM,Partners,Yes,35182
bullwaves-41671,41671,35180,2287,"User bullwaves-41671 was moved from affiliate 35180 to  affiliate 2287  With settings : Move media report stats , Move pre calculated commissions",10/28/2024 5:13:02 AM,Partners,Yes,2287
bullwaves-41708,41708,35180,2287,"User bullwaves-41708 was moved from affiliate 35180 to  affiliate 2287  With settings : Move media report stats , Move pre calculated commissions",10/28/2024 5:11:06 AM,Partners,Yes,2287
bullwaves-41679,41679,35180,2287,"User bullwaves-41679 was moved from affiliate 35180 to  affiliate 2287  With settings : Move media report stats , Move pre calculated commissions",10/28/2024 5:10:57 AM,Partners,Yes,2287
bullwaves-35957,35957,2287,35060,"User bullwaves-35957 was moved from affiliate 2287 to  affiliate 35060  With settings : Move media report stats , Move pre calculated commissions",10/7/2024 8:07:42 AM,Partners,Yes,35060
bullwaves-35975,35975,2287,35054,"User bullwaves-35975 was moved from affiliate 2287 to  affiliate 35054  With settings : Move media report stats , Move pre calculated commissions",9/25/2024 11:09:09 AM,Partners,Yes,35054
bullwaves-32922,32922,2287,35054,"User bullwaves-32922 was moved from affiliate 2287 to  affiliate 35054  With settings : Move media report stats , Move pre calculated commissions",9/20/2024 6:19:23 AM,Partners,Yes,35054
bullwaves-32164,32164,2287,35054,"User bullwaves-32164 was moved from affiliate 2287 to  affiliate 35054  With settings : Move media report stats , Move pre calculated commissions",9/17/2024 8:12:11 AM,Partners,Yes,35054
bullwaves-32434,32434,2287,35060,"User bullwaves-32434 was moved from affiliate 2287 to  affiliate 35060  With settings : Move media report stats , Move pre calculated commissions",9/11/2024 12:15:05 PM,Partners,Yes,35060
bullwaves-32501,32501,2287,35060,"User bullwaves-32501 was moved from affiliate 2287 to  affiliate 35060  With settings : Move media report stats , Move pre calculated commissions",9/11/2024 12:14:55 PM,Partners,Yes,35060
bullwaves-28933,28933,2287,35060,"User bullwaves-28933 was moved from affiliate 2287 to  affiliate 35060  With settings : Move media report stats , Move pre calculated commissions",9/11/2024 12:02:57 PM,Partners,Yes,35060
bullwaves-25861,25861,2287,35060,"User bullwaves-25861 was moved from affiliate 2287 to  affiliate 35060  With settings : Move media report stats , Move pre calculated commissions",9/11/2024 11:56:43 AM,Partners,Yes,35060
bullwaves-27215,27215,2287,35060,"User bullwaves-27215 was moved from affiliate 2287 to  affiliate 35060  With settings : Move media report stats , Move pre calculated commissions",9/11/2024 11:55:29 AM,Partners,Yes,35060
bullwaves-28707,28707,2287,35060,"User bullwaves-28707 was moved from affiliate 2287 to  affiliate 35060  With settings : Move media report stats , Move pre calculated commissions",9/11/2024 11:53:04 AM,Partners,Yes,35060
bullwaves-32011,32011,2287,35060,"User bullwaves-32011 was moved from affiliate 2287 to  affiliate 35060  With settings : Move media report stats , Move pre calculated commissions",9/11/2024 11:52:05 AM,Partners,Yes,35060
bullwaves-29791,29791,2287,35060,"User bullwaves-29791 was moved from affiliate 2287 to  affiliate 35060  With settings : Move media report stats , Move pre calculated commissions",9/11/2024 11:50:15 AM,Partners,Yes,35060
bullwaves-31994,31994,2287,35060,"User bullwaves-31994 was moved from affiliate 2287 to  affiliate 35060  With settings : Move media report stats , Move pre calculated commissions",9/11/2024 11:43:08 AM,Partners,Yes,35060
bullwaves-32001,32001,2287,35060,"User bullwaves-32001 was moved from affiliate 2287 to  affiliate 35060  With settings : Move media report stats , Move pre calculated commissions",9/11/2024 11:42:34 AM,Partners,Yes,35060
bullwaves-27503,27503,35157,2287,"User bullwaves-27503 was moved from affiliate 35157 to  affiliate 2287  With settings : Move media report stats , Move pre calculated commissions",8/29/2024 12:24:59 PM,Partners,Yes,2287
bullwaves-27503,27503,2287,35157,User bullwaves-27503 was moved from affiliate 2287 to  affiliate 35157,8/28/2024 8:24:28 AM,CRM,Yes,35157
bullwaves-27503,27503,35157,2287,"User bullwaves-27503 was moved from affiliate 35157 to  affiliate 2287  With settings : Move media report stats , Move pre calculated commissions , Apply destination affiliate Revshare settings , Apply destination affiliate CPA Qualification",8/28/2024 7:20:24 AM,Partners,Yes,2287
bullwaves-27503,27503,2287,35157,User bullwaves-27503 was moved from affiliate 2287 to  affiliate 35157,8/27/2024 8:20:15 PM,CRM,Yes,35157
bullwaves-27503,27503,35157,2287,"User bullwaves-27503 was moved from affiliate 35157 to  affiliate 2287  With settings : Move media report stats , Move pre calculated commissions",8/27/2024 4:09:06 PM,Partners,Yes,2287
bullwaves-27503,27503,2287,35157,User bullwaves-27503 was moved from affiliate 2287 to  affiliate 35157,8/27/2024 2:18:15 PM,CRM,Yes,35157
bullwaves-27503,27503,35157,2287,"User bullwaves-27503 was moved from affiliate 35157 to  affiliate 2287  With settings : Move media report stats , Move pre calculated commissions",8/27/2024 8:49:01 AM,Partners,Yes,2287
bullwaves-9211,9211,35133,2287,"User bullwaves-9211 was moved from affiliate 35133 to  affiliate 2287  With settings : Move media report stats , Move pre calculated commissions",8/26/2024 2:11:40 PM,Partners,Yes,2287
bullwaves-27503,27503,2287,35157,User bullwaves-27503 was moved from affiliate 2287 to  affiliate 35157,8/26/2024 2:10:13 PM,CRM,Yes,35157
bullwaves-27503,27503,35157,2287,"User bullwaves-27503 was moved from affiliate 35157 to  affiliate 2287  With settings : Move media report stats , Move pre calculated commissions",8/26/2024 12:33:41 PM,Partners,Yes,2287
,,2287,35060,"User moonance-3264 was moved from affiliate 2287 to  affiliate 35060  With settings : Move media report stats , Move pre calculated commissions",6/18/2024 8:01:40 AM,Partners,Yes,2287
,,2287,35060,"User moonance-3259 was moved from affiliate 2287 to  affiliate 35060  With settings : Move media report stats , Move pre calculated commissions",6/17/2024 7:18:26 AM,Partners,Yes,35060
,,2287,35060,"User moonance-3259 was moved from affiliate 2287 to  affiliate 35060  With settings : Move media report stats , Move pre calculated commissions",6/17/2024 7:18:25 AM,Partners,Yes,2287
,,2287,35060,"User moonance-3260 was moved from affiliate 2287 to  affiliate 35060  With settings : Move media report stats , Move pre calculated commissions",6/17/2024 7:18:11 AM,Partners,Yes,35060
,,2287,35060,"User moonance-3208 was moved from affiliate 2287 to  affiliate 35060  With settings : Move media report stats , Move pre calculated commissions",5/30/2024 9:23:38 AM,Partners,Yes,35060
,,2287,35060,"User moonance-3189 was moved from affiliate 2287 to  affiliate 35060  With settings : Move media report stats , Move pre calculated commissions",5/23/2024 10:38:22 AM,Partners,Yes,35060
,,2287,35060,"User moonance-3186 was moved from affiliate 2287 to  affiliate 35060  With settings : Move media report stats , Move pre calculated commissions",5/21/2024 4:08:58 PM,Partners,Yes,35060
,,2287,35060,"User moonance-3138 was moved from affiliate 2287 to  affiliate 35060  With settings : Move media report stats , Move pre calculated commissions",5/3/2024 10:00:58 AM,Partners,Yes,35060
,,2287,35107,"User moonance-3128 was moved from affiliate 2287 to  affiliate 35107  With settings : Move media report stats , Move pre calculated commissions",4/30/2024 11:28:18 AM,Partners,Yes,35107
,,2287,35107,"User moonance-3132 was moved from affiliate 2287 to  affiliate 35107  With settings : Move media report stats , Move pre calculated commissions",4/30/2024 11:28:00 AM,Partners,Yes,35107
,,2287,35107,"User moonance-3133 was moved from affiliate 2287 to  affiliate 35107  With settings : Move media report stats , Move pre calculated commissions",4/30/2024 11:27:47 AM,Partners,Yes,35107
,,2287,35107,"User moonance-3134 was moved from affiliate 2287 to  affiliate 35107  With settings : Move media report stats , Move pre calculated commissions",4/30/2024 11:27:32 AM,Partners,Yes,35107
,,2287,35060,"User moonance-3060 was moved from affiliate 2287 to  affiliate 35060  With settings : Move media report stats , Move pre calculated commissions",4/22/2024 11:49:28 AM,Partners,Yes,35060
,,2287,35060,"User moonance-3064 was moved from affiliate 2287 to  affiliate 35060  With settings : Move media report stats , Move pre calculated commissions",4/22/2024 11:44:36 AM,Partners,Yes,35060
,,2287,35107,"User moonance-3048 was moved from affiliate 2287 to  affiliate 35107  With settings : Move media report stats , Move pre calculated commissions",4/22/2024 8:41:38 AM,Partners,Yes,35107
,,2287,35060,"User moonance-2965 was moved from affiliate 2287 to  affiliate 35060  With settings : Move media report stats , Move pre calculated commissions",4/7/2024 5:49:22 PM,Partners,Yes,35060
,,2287,35060,"User moonance-2953 was moved from affiliate 2287 to  affiliate 35060  With settings : Move media report stats , Move pre calculated commissions",4/3/2024 4:36:54 PM,Partners,Yes,35060
,,2287,35060,"User moonance-2917 was moved from affiliate 2287 to  affiliate 35060  With settings : Move media report stats , Move pre calculated commissions",3/21/2024 1:30:44 PM,Partners,Yes,35060
,,2287,35060,"User moonance-2900 was moved from affiliate 2287 to  affiliate 35060  With settings : Move media report stats , Move pre calculated commissions",3/18/2024 2:18:53 PM,Partners,Yes,35060
,,2287,35060,"User moonance-2903 was moved from affiliate 2287 to  affiliate 35060  With settings : Move media report stats , Move pre calculated commissions",3/18/2024 2:18:26 PM,Partners,Yes,35060
,,2287,35060,"User moonance-2845 was moved from affiliate 2287 to  affiliate 35060  With settings : Move media report stats , Move pre calculated commissions",3/4/2024 2:08:02 PM,Partners,Yes,35060
,,2287,35107,"User moonance-2842 was moved from affiliate 2287 to  affiliate 35107  With settings : Move media report stats , Move pre calculated commissions",3/4/2024 9:19:23 AM,Partners,Yes,35107
,,2287,35107,"User moonance-2841 was moved from affiliate 2287 to  affiliate 35107  With settings : Move media report stats , Move pre calculated commissions",3/4/2024 9:19:07 AM,Partners,Yes,35107
,,2287,35060,"User moonance-2835 was moved from affiliate 2287 to  affiliate 35060  With settings : Move media report stats , Move pre calculated commissions",3/3/2024 3:15:48 PM,Partners,Yes,35060
,,2287,35107,"User moonance-2831 was moved from affiliate 2287 to  affiliate 35107  With settings : Move media report stats , Move pre calculated commissions",3/2/2024 12:59:20 PM,Partners,Yes,35107
,,2287,35060,"User moonance-118 was moved from affiliate 2287 to  affiliate 35060  With settings : Move media report stats , Move pre calculated commissions",2/28/2024 9:40:41 AM,Partners,Yes,35060
,,2287,35060,"User moonance-2790 was moved from affiliate 2287 to  affiliate 35060  With settings : Move media report stats , Move pre calculated commissions",2/26/2024 3:48:24 PM,Partners,Yes,35060
,,2287,35060,"User moonance-2786 was moved from affiliate 2287 to  affiliate 35060  With settings : Move media report stats , Move pre calculated commissions",2/26/2024 10:43:30 AM,Partners,Yes,35060
,,2287,35060,"User moonance-2788 was moved from affiliate 2287 to  affiliate 35060  With settings : Move media report stats , Move pre calculated commissions",2/26/2024 10:43:18 AM,Partners,Yes,35060
,,2287,35060,"User moonance-2778 was moved from affiliate 2287 to  affiliate 35060  With settings : Move media report stats , Move pre calculated commissions",2/23/2024 10:50:21 AM,Partners,Yes,35060
,,2287,35060,"User moonance-2775 was moved from affiliate 2287 to  affiliate 35060  With settings : Move media report stats , Move pre calculated commissions",2/22/2024 10:55:44 AM,Partners,Yes,35060
,,2287,35112,"User moonance-2764 was moved from affiliate 2287 to  affiliate 35112  With settings : Move media report stats , Move pre calculated commissions",2/21/2024 2:45:15 PM,Partners,Yes,35112
,,2287,35107,"User moonance-2767 was moved from affiliate 2287 to  affiliate 35107  With settings : Move media report stats , Move pre calculated commissions",2/21/2024 2:43:16 PM,Partners,Yes,35107
,,2287,35060,"User moonance-2741 was moved from affiliate 2287 to  affiliate 35060  With settings : Move media report stats , Move pre calculated commissions",2/16/2024 4:19:12 PM,Partners,Yes,35060
,,2287,35060,"User moonance-2737 was moved from affiliate 2287 to  affiliate 35060  With settings : Move media report stats , Move pre calculated commissions",2/16/2024 1:43:22 PM,Partners,Yes,35060
,,2287,35060,"User moonance-2702 was moved from affiliate 2287 to  affiliate 35060  With settings : Move media report stats , Move pre calculated commissions",2/14/2024 3:11:11 PM,Partners,Yes,35060
,,2287,35060,"User moonance-2689 was moved from affiliate 2287 to  affiliate 35060  With settings : Move media report stats , Move pre calculated commissions",2/14/2024 9:19:37 AM,Partners,Yes,35060
,,2287,35107,"User moonance-2677 was moved from affiliate 2287 to  affiliate 35107  With settings : Move media report stats , Move pre calculated commissions",2/13/2024 11:05:50 PM,Partners,Yes,35107
,,2287,35060,"User moonance-2649 was moved from affiliate 2287 to  affiliate 35060  With settings : Move media report stats , Move pre calculated commissions",2/12/2024 9:45:35 AM,Partners,Yes,35060
,,2287,35060,"User moonance-2552 was moved from affiliate 2287 to  affiliate 35060  With settings : Move media report stats , Move pre calculated commissions",2/5/2024 9:59:56 AM,Partners,Yes,35060
,,2287,35060,"User moonance-2216 was moved from affiliate 2287 to  affiliate 35060  With settings : Move media report stats , Move pre calculated commissions",2/5/2024 9:59:02 AM,Partners,Yes,35060
,,2287,35060,"User moonance-2548 was moved from affiliate 2287 to  affiliate 35060  With settings : Move media report stats , Move pre calculated commissions",2/5/2024 8:59:28 AM,Partners,Yes,35060
,,2287,35060,"User moonance-2596 was moved from affiliate 2287 to  affiliate 35060  With settings : Move media report stats , Move pre calculated commissions",2/5/2024 8:30:43 AM,Partners,Yes,35060
,,2287,35060,"User moonance-2600 was moved from affiliate 2287 to  affiliate 35060  With settings : Move media report stats , Move pre calculated commissions",2/5/2024 8:30:23 AM,Partners,Yes,35060
,,2287,35060,"User moonance-2572 was moved from affiliate 2287 to  affiliate 35060  With settings : Move media report stats , Move pre calculated commissions",1/31/2024 8:42:16 PM,Partners,Yes,35060
,,2287,35060,"User moonance-2575 was moved from affiliate 2287 to  affiliate 35060  With settings : Move media report stats , Move pre calculated commissions",1/31/2024 8:41:59 PM,Partners,Yes,35060
,,2287,35060,"User moonance-2551 was moved from affiliate 2287 to  affiliate 35060  With settings : Move media report stats , Move pre calculated commissions",1/29/2024 11:30:52 AM,Partners,Yes,35060
,,2287,35060,"User moonance-2480 was moved from affiliate 2287 to  affiliate 35060  With settings : Move media report stats , Move pre calculated commissions",1/22/2024 8:33:11 AM,Partners,Yes,35060
,,2287,35061,"User moonance-2458 was moved from affiliate 2287 to  affiliate 35061  With settings : Move media report stats , Move pre calculated commissions",1/18/2024 5:07:30 PM,Partners,Yes,35061
,,2287,35060,"User moonance-2438 was moved from affiliate 2287 to  affiliate 35060  With settings : Move media report stats , Move pre calculated commissions",1/17/2024 8:18:16 PM,Partners,Yes,35060
,,2287,35060,"User moonance-2389 was moved from affiliate 2287 to  affiliate 35060  With settings : Move media report stats , Move pre calculated commissions",1/15/2024 5:04:15 PM,Partners,Yes,35060
,,2287,35060,"User moonance-2361 was moved from affiliate 2287 to  affiliate 35060  With settings : Move media report stats , Move pre calculated commissions",1/14/2024 8:44:45 PM,Partners,Yes,35060
,,2287,35060,"User moonance-2307 was moved from affiliate 2287 to  affiliate 35060  With settings : Move media report stats , Move pre calculated commissions",1/11/2024 4:14:51 PM,Partners,Yes,35060
,,2287,35060,"User moonance-2323 was moved from affiliate 2287 to  affiliate 35060  With settings : Move media report stats , Move pre calculated commissions",1/11/2024 4:14:28 PM,Partners,Yes,35060
,,2287,35060,"User moonance-2329 was moved from affiliate 2287 to  affiliate 35060  With settings : Move media report stats , Move pre calculated commissions",1/11/2024 4:08:19 PM,Partners,Yes,35060
,,2287,35060,"User moonance-2264 was moved from affiliate 2287 to  affiliate 35060  With settings : Move media report stats , Move pre calculated commissions",1/5/2024 2:34:59 PM,Partners,Yes,35060
,,2287,35060,"User moonance-2130 was moved from affiliate 2287 to  affiliate 35060  With settings : Move media report stats , Move pre calculated commissions",12/29/2023 10:28:41 AM,Partners,Yes,35060
,,2287,35060,"User moonance-2185 was moved from affiliate 2287 to  affiliate 35060  With settings : Move media report stats , Move pre calculated commissions",12/29/2023 10:27:44 AM,Partners,Yes,35060
,,2287,35060,"User moonance-2194 was moved from affiliate 2287 to  affiliate 35060  With settings : Move media report stats , Move pre calculated commissions",12/29/2023 10:27:21 AM,Partners,Yes,35060
,,2287,35060,"User moonance-2143 was moved from affiliate 2287 to  affiliate 35060  With settings : Move media report stats , Move pre calculated commissions",12/21/2023 6:20:46 PM,Partners,Yes,35060
,,2287,35060,"User moonance-2061 was moved from affiliate 2287 to  affiliate 35060  With settings : Move media report stats , Move pre calculated commissions",12/14/2023 11:59:33 AM,Partners,Yes,35060
,,2287,35060,"User moonance-2015 was moved from affiliate 2287 to  affiliate 35060  With settings : Move media report stats , Move pre calculated commissions",12/7/2023 4:33:43 PM,Partners,Yes,35060
,,2287,35060,"User moonance-2013 was moved from affiliate 2287 to  affiliate 35060  With settings : Move media report stats , Move pre calculated commissions",12/7/2023 9:22:22 AM,Partners,Yes,35060
,,2287,35060,"User moonance-1999 was moved from affiliate 2287 to  affiliate 35060  With settings : Move media report stats , Move pre calculated commissions",12/5/2023 11:56:38 AM,Partners,Yes,35060
,,2287,35060,"User moonance-1986 was moved from affiliate 2287 to  affiliate 35060  With settings : Move media report stats , Move pre calculated commissions",12/4/2023 8:12:17 AM,Partners,Yes,35060
,,2287,35060,"User moonance-1995 was moved from affiliate 2287 to  affiliate 35060  With settings : Move media report stats , Move pre calculated commissions",12/4/2023 8:09:34 AM,Partners,Yes,35060
,,2287,35060,"User moonance-1964 was moved from affiliate 2287 to  affiliate 35060  With settings : Move media report stats , Move pre calculated commissions",12/1/2023 10:55:22 AM,Partners,Yes,35060
,,2287,35060,"User moonance-1985 was moved from affiliate 2287 to  affiliate 35060  With settings : Move media report stats , Move pre calculated commissions",12/1/2023 10:54:59 AM,Partners,Yes,35060
,,2287,35060,"User moonance-1947 was moved from affiliate 2287 to  affiliate 35060  With settings : Move media report stats , Move pre calculated commissions",11/27/2023 8:51:12 AM,Partners,Yes,35060
,,2287,35060,"User moonance-1582 was moved from affiliate 2287 to  affiliate 35060  With settings : Move media report stats , Move pre calculated commissions",11/13/2023 10:45:43 AM,Partners,Yes,35060
,,2287,35060,"User moonance-1589 was moved from affiliate 2287 to  affiliate 35060  With settings : Move media report stats , Move pre calculated commissions",11/13/2023 10:44:04 AM,Partners,Yes,35060
,,2287,35060,"User moonance-1490 was moved from affiliate 2287 to  affiliate 35060  With settings : Move media report stats , Move pre calculated commissions",11/7/2023 10:12:13 AM,Partners,Yes,35060
,,2287,35060,"User moonance-1486 was moved from affiliate 2287 to  affiliate 35060  With settings : Move media report stats , Move pre calculated commissions",11/6/2023 3:06:17 PM,Partners,Yes,35060
,,2287,35060,"User moonance-1457 was moved from affiliate 2287 to  affiliate 35060  With settings : Move media report stats , Move pre calculated commissions",11/3/2023 3:16:22 PM,Partners,Yes,35060
,,2287,35060,"User moonance-1459 was moved from affiliate 2287 to  affiliate 35060  With settings : Move media report stats , Move pre calculated commissions",11/3/2023 3:14:37 PM,Partners,Yes,35060
,,2287,35060,"User moonance-1463 was moved from affiliate 2287 to  affiliate 35060  With settings : Move media report stats , Move pre calculated commissions",11/3/2023 3:13:40 PM,Partners,Yes,35060
,,2287,35060,"User moonance-1465 was moved from affiliate 2287 to  affiliate 35060  With settings : Move media report stats , Move pre calculated commissions",11/3/2023 3:11:31 PM,Partners,Yes,35060
,,2287,35060,"User moonance-75 was moved from affiliate 2287 to  affiliate 35060  With settings : Move media report stats , Move pre calculated commissions",10/20/2023 9:14:27 AM,Partners,Yes,35060
,,2287,35061,"User moonance-806 was moved from affiliate 2287 to  affiliate 35061  With settings : Move media report stats , Move pre calculated commissions",10/17/2023 10:38:22 AM,Partners,Yes,35061
,,2287,35061,"User moonance-959 was moved from affiliate 2287 to  affiliate 35061  With settings : Move media report stats , Move pre calculated commissions",10/17/2023 10:37:55 AM,Partners,Yes,35061
,,2287,35060,"User moonance-1379 was moved from affiliate 2287 to  affiliate 35060  With settings : Move media report stats , Move pre calculated commissions",10/16/2023 8:18:20 AM,Partners,Yes,35060
,,2287,35060,"User moonance-1371 was moved from affiliate 2287 to  affiliate 35060  With settings : Move media report stats , Move pre calculated commissions",10/13/2023 11:34:31 AM,Partners,Yes,35060
,,2287,35060,"User moonance-1369 was moved from affiliate 2287 to  affiliate 35060  With settings : Move media report stats , Move pre calculated commissions",10/12/2023 12:33:16 PM,Partners,Yes,35060
,,2287,35060,"User moonance-1365 was moved from affiliate 2287 to  affiliate 35060  With settings : Move media report stats , Move pre calculated commissions",10/11/2023 5:31:43 PM,Partners,Yes,35060
,,2287,35060,"User moonance-1325 was moved from affiliate 2287 to  affiliate 35060  With settings : Move media report stats , Move pre calculated commissions",10/4/2023 9:51:12 AM,Partners,Yes,35060
,,2287,35060,"User moonance-1321 was moved from affiliate 2287 to  affiliate 35060  With settings : Move media report stats , Move pre calculated commissions",10/3/2023 8:20:05 AM,Partners,Yes,35060
,,2287,35060,"User moonance-1287 was moved from affiliate 2287 to  affiliate 35060  With settings : Move media report stats , Move pre calculated commissions",9/29/2023 3:25:05 PM,Partners,Yes,35060
,,2287,35060,"User moonance-1302 was moved from affiliate 2287 to  affiliate 35060  With settings : Move media report stats , Move pre calculated commissions",9/28/2023 7:18:33 PM,Partners,Yes,35060
,,2287,35060,"User moonance-1299 was moved from affiliate 2287 to  affiliate 35060  With settings : Move media report stats , Move pre calculated commissions",9/28/2023 3:20:48 PM,Partners,Yes,35060
,,2287,35060,"User moonance-1288 was moved from affiliate 2287 to  affiliate 35060  With settings : Move media report stats , Move pre calculated commissions",9/27/2023 7:08:36 AM,Partners,Yes,35060
,,2287,35060,"User moonance-1235 was moved from affiliate 2287 to  affiliate 35060  With settings : Move media report stats , Move pre calculated commissions",9/18/2023 6:30:22 AM,Partners,Yes,35060
,,2287,35060,"User moonance-1225 was moved from affiliate 2287 to  affiliate 35060  With settings : Move media report stats , Move pre calculated commissions",9/13/2023 1:01:33 PM,Partners,Yes,35060
,,2287,35060,"User moonance-122 was moved from affiliate 2287 to  affiliate 35060  With settings : Move media report stats , Move pre calculated commissions",8/28/2023 3:16:13 PM,Partners,Yes,35060
,,2287,35060,"User moonance-182 was moved from affiliate 2287 to  affiliate 35060  With settings : Move media report stats , Move pre calculated commissions",8/28/2023 3:15:40 PM,Partners,Yes,35060
,,2287,35060,"User moonance-1132 was moved from affiliate 2287 to  affiliate 35060  With settings : Move media report stats , Move pre calculated commissions",8/24/2023 9:28:11 AM,Partners,Yes,35060
,,2287,35060,"User moonance-833 was moved from affiliate 2287 to  affiliate 35060  With settings : Move media report stats , Move pre calculated commissions",8/21/2023 10:31:52 AM,Partners,Yes,35060
,,2287,35060,"User moonance-960 was moved from affiliate 2287 to  affiliate 35060  With settings : Move media report stats , Move pre calculated commissions",8/17/2023 9:14:13 AM,Partners,Yes,35060
,,35093,35060,"User moonance-1056 was moved from affiliate 35093 to  affiliate 35060  With settings : Move media report stats , Move pre calculated commissions",8/16/2023 8:16:51 PM,Partners,Yes,35060
,,2287,35060,"User moonance-1076 was moved from affiliate 2287 to  affiliate 35060  With settings : Move media report stats , Move pre calculated commissions",8/11/2023 12:46:33 PM,Partners,Yes,35060
,,2287,35060,"User moonance-1072 was moved from affiliate 2287 to  affiliate 35060  With settings : Move media report stats , Move pre calculated commissions",8/11/2023 12:46:02 PM,Partners,Yes,35060
,,2287,35060,"User moonance-1046 was moved from affiliate 2287 to  affiliate 35060  With settings : Move media report stats , Move pre calculated commissions",8/7/2023 4:36:38 PM,Partners,Yes,35060
,,2287,35060,"User moonance-943 was moved from affiliate 2287 to  affiliate 35060  With settings : Move media report stats , Move pre calculated commissions",7/28/2023 8:16:44 AM,Partners,Yes,35060
,,2287,35060,"User moonance-930 was moved from affiliate 2287 to  affiliate 35060  With settings : Move media report stats , Move pre calculated commissions",7/27/2023 9:25:26 AM,Partners,Yes,35060
,,2287,35093,"User moonance-861 was moved from affiliate 2287 to  affiliate 35093  With settings : Move media report stats , Move pre calculated commissions",7/25/2023 10:46:54 AM,Partners,Yes,35093
,,2287,35060,"User moonance-836 was moved from affiliate 2287 to  affiliate 35060  With settings : Move media report stats , Move pre calculated commissions",7/17/2023 7:28:34 AM,Partners,Yes,35060
,,35089,35091,"User moonance-789 was moved from affiliate 35089 to  affiliate 35091  With settings : Move media report stats , Move pre calculated commissions",7/10/2023 12:36:45 PM,Affiliates,Yes,35091
,,2287,35060,"User moonance-740 was moved from affiliate 2287 to  affiliate 35060  With settings : Move media report stats , Move pre calculated commissions",7/3/2023 2:27:14 PM,Partners,Yes,35060
,,2287,35060,User moonance-680 was moved from affiliate 2287 to  affiliate 35060,6/28/2023 1:28:01 PM,Partners,Yes,35060
,,2287,35060,User moonance-79 was moved from affiliate 2287 to  affiliate 35060,6/27/2023 3:06:24 PM,Partners,Yes,35060
,,2287,35060,User moonance-84 was moved from affiliate 2287 to  affiliate 35060,6/27/2023 3:04:21 PM,Partners,Yes,35060
,,2287,35060,User moonance-660 was moved from affiliate 2287 to  affiliate 35060,6/27/2023 9:16:26 AM,Partners,Yes,35060
,,2287,35060,User moonance-661 was moved from affiliate 2287 to  affiliate 35060,6/27/2023 9:16:13 AM,Partners,Yes,35060
,,2287,35060,User moonance-642 was moved from affiliate 2287 to  affiliate 35060,6/24/2023 11:13:44 AM,Partners,Yes,35060
,,2287,35060,User moonance-646 was moved from affiliate 2287 to  affiliate 35060,6/24/2023 11:13:04 AM,Partners,Yes,35060
,,2287,35060,User moonance-641 was moved from affiliate 2287 to  affiliate 35060,6/23/2023 11:53:59 AM,Partners,Yes,35060
,,2287,35060,User moonance-626 was moved from affiliate 2287 to  affiliate 35060,6/22/2023 9:58:24 AM,Partners,Yes,35060
,,2287,35060,User moonance-627 was moved from affiliate 2287 to  affiliate 35060,6/22/2023 9:58:12 AM,Partners,Yes,35060
,,2287,35060,User moonance-617 was moved from affiliate 2287 to  affiliate 35060,6/21/2023 8:22:18 AM,Partners,Yes,35060
,,2287,35060,User moonance-616 was moved from affiliate 2287 to  affiliate 35060,6/21/2023 8:22:04 AM,Partners,Yes,35060
,,2287,35060,User moonance-616 was moved from affiliate 2287 to  affiliate 35060,6/21/2023 8:22:03 AM,Partners,Yes,2287
,,2287,35060,User moonance-611 was moved from affiliate 2287 to  affiliate 35060,6/20/2023 12:43:28 PM,Partners,Yes,35060
,,2287,35060,User moonance-489 was moved from affiliate 2287 to  affiliate 35060,6/12/2023 3:03:52 PM,Partners,Yes,35060
,,2287,35060,User moonance-292 was moved from affiliate 2287 to  affiliate 35060,6/12/2023 3:03:26 PM,Partners,Yes,35060
,,2287,35060,User moonance-137 was moved from affiliate 2287 to  affiliate 35060,6/12/2023 3:03:12 PM,Partners,Yes,35060
,,2287,35060,User moonance-134 was moved from affiliate 2287 to  affiliate 35060,6/12/2023 3:02:49 PM,Partners,Yes,35060
,,2287,35060,User moonance-141 was moved from affiliate 2287 to  affiliate 35060,6/12/2023 2:59:41 PM,Partners,Yes,35060
,,2287,35060,User moonance-58 was moved from affiliate 2287 to  affiliate 35060,6/12/2023 2:59:15 PM,Partners,Yes,35060
,,2287,35060,User moonance-459 was moved from affiliate 2287 to  affiliate 35060,6/12/2023 2:58:58 PM,Partners,Yes,35060
,,2287,35060,User moonance-463 was moved from affiliate 2287 to  affiliate 35060,6/12/2023 2:56:58 PM,Partners,Yes,35060
,,2287,35060,User moonance-170 was moved from affiliate 2287 to  affiliate 35060,6/12/2023 2:54:39 PM,Partners,Yes,35060
,,2287,35060,User moonance-537 was moved from affiliate 2287 to  affiliate 35060,6/12/2023 2:51:05 PM,Partners,Yes,35060
,,2287,35060,User moonance-133 was moved from affiliate 2287 to  affiliate 35060,6/12/2023 2:50:30 PM,Partners,Yes,35060
,,2287,35060,User moonance-558 was moved from affiliate 2287 to  affiliate 35060,6/12/2023 2:49:36 PM,Partners,Yes,35060
,,2287,35060,User moonance-559 was moved from affiliate 2287 to  affiliate 35060,6/12/2023 2:48:03 PM,Partners,Yes,35060
,,2287,35060,User moonance-106 was moved from affiliate 2287 to  affiliate 35060,6/12/2023 2:47:09 PM,Partners,Yes,35060
,,2287,35060,User moonance-573 was moved from affiliate 2287 to  affiliate 35060,6/12/2023 2:43:55 PM,Partners,Yes,35060
,,2287,35060,User moonance-96 was moved from affiliate 2287 to  affiliate 35060,5/26/2023 2:07:30 PM,Partners,Yes,35060
,,2287,35060,User moonance-131 was moved from affiliate 2287 to  affiliate 35060,5/26/2023 7:33:44 AM,Partners,Yes,35060
,,2287,35056,User moonance-455 was moved from affiliate 2287 to  affiliate 35056,5/23/2023 4:26:57 PM,Partners,Yes,35056
bullwaves-829640,829640,2287,35637,"User bullwaves-829640 was moved from affiliate 2287 to  affiliate 35637  With settings : Move media report stats , Move pre calculated commissions , Apply destination affiliate Revshare settings , Apply destination affiliate CPA Qualification",1/13/2026 3:28:20 PM,Partners,Yes,35637
bullwaves-828370,828370,2287,35637,"User bullwaves-828370 was moved from affiliate 2287 to  affiliate 35637  With settings : Move media report stats , Move pre calculated commissions , Apply destination affiliate Revshare settings , Apply destination affiliate CPA Qualification",1/13/2026 3:27:00 PM,Partners,Yes,35637
bullwaves-809319,809319,35272,35180,"User bullwaves-809319 was moved from affiliate 35272 to  affiliate 35180  With settings : Move media report stats , Move pre calculated commissions , Apply destination affiliate Revshare settings , Apply destination affiliate CPA Qualification",1/13/2026 2:11:09 PM,SONJA,Yes,35180
bullwaves-293315,293315,35290,35180,"User bullwaves-293315 was moved from affiliate 35290 to  affiliate 35180  With settings : Move media report stats , Move pre calculated commissions , Apply destination affiliate Revshare settings , Apply destination affiliate CPA Qualification",1/13/2026 2:10:28 PM,SONJA,Yes,35180
bullwaves-863884,863884,35270,35335,"User bullwaves-863884 was moved from affiliate 35270 to  affiliate 35335  With settings : Move media report stats , Move pre calculated commissions , Apply destination affiliate Revshare settings , Apply destination affiliate CPA Qualification",1/13/2026 1:33:24 PM,SONJA,Yes,35335
bullwaves-787480,787480,35180,35607,"User bullwaves-787480 was moved from affiliate 35180 to  affiliate 35607  With settings : Move media report stats , Move pre calculated commissions , Apply destination affiliate Revshare settings , Apply destination affiliate CPA Qualification",1/13/2026 1:31:52 PM,SONJA,Yes,35607
bullwaves-759211,759211,35477,35198,"User bullwaves-759211 was moved from affiliate 35477 to  affiliate 35198  With settings : Move media report stats , Move pre calculated commissions",1/13/2026 12:21:23 PM,Partners,Yes,35198
bullwaves-786705,786705,35477,35231,"User bullwaves-786705 was moved from affiliate 35477 to  affiliate 35231  With settings : Move media report stats , Move pre calculated commissions , Apply destination affiliate Revshare settings , Apply destination affiliate CPA Qualification",1/13/2026 11:18:27 AM,Partners,Yes,35231
bullwaves-578689,578689,35427,2287,"User bullwaves-578689 was moved from affiliate 35427 to  affiliate 2287  With settings : Move media report stats , Move pre calculated commissions",1/20/2026 1:24:23 PM,Partners,Yes,2287
bullwaves-817199,817199,2287,35637,"User bullwaves-817199 was moved from affiliate 2287 to  affiliate 35637  With settings : Move media report stats , Move pre calculated commissions , Apply destination affiliate Revshare settings , Apply destination affiliate CPA Qualification",1/20/2026 1:20:13 PM,Partners,Yes,2287
bullwaves-338646,338646,2287,35637,"User bullwaves-338646 was moved from affiliate 2287 to  affiliate 35637  With settings : Move media report stats , Move pre calculated commissions , Apply destination affiliate Revshare settings , Apply destination affiliate CPA Qualification",1/20/2026 1:20:01 PM,Partners,Yes,2287
bullwaves-193045,193045,2287,35637,"User bullwaves-193045 was moved from affiliate 2287 to  affiliate 35637  With settings : Move media report stats , Move pre calculated commissions , Apply destination affiliate Revshare settings , Apply destination affiliate CPA Qualification",1/20/2026 10:27:34 AM,Partners,Yes,2287
bullwaves-880183,880183,2287,35197,"User bullwaves-880183 was moved from affiliate 2287 to  affiliate 35197  With settings : Move media report stats , Move pre calculated commissions , Apply destination affiliate Revshare settings , Apply destination affiliate CPA Qualification",1/20/2026 10:13:43 AM,paolov,Yes,2287
bullwaves-830889,830889,2287,35637,"User bullwaves-830889 was moved from affiliate 2287 to  affiliate 35637  With settings : Move media report stats , Move pre calculated commissions , Apply destination affiliate Revshare settings , Apply destination affiliate CPA Qualification",1/20/2026 9:36:57 AM,Partners,Yes,2287
bullwaves-858882,858882,2287,35180,"User bullwaves-858882 was moved from affiliate 2287 to  affiliate 35180  With settings : Move media report stats , Move pre calculated commissions",1/19/2026 2:47:04 PM,nevena,Yes,2287
bullwaves-838941,838941,2287,35475,"User bullwaves-838941 was moved from affiliate 2287 to  affiliate 35475  With settings : Move media report stats , Move pre calculated commissions",1/19/2026 2:43:27 PM,nevena,Yes,2287
bullwaves-861575,861575,2287,35597,"User bullwaves-861575 was moved from affiliate 2287 to  affiliate 35597  With settings : Move media report stats , Move pre calculated commissions , Apply destination affiliate Revshare settings , Apply destination affiliate CPA Qualification",1/19/2026 10:20:50 AM,Partners,Yes,2287
bullwaves-856183,856183,2287,35597,"User bullwaves-856183 was moved from affiliate 2287 to  affiliate 35597  With settings : Move media report stats , Move pre calculated commissions , Apply destination affiliate Revshare settings , Apply destination affiliate CPA Qualification",1/19/2026 10:19:02 AM,Partners,Yes,2287
bullwaves-855901,855901,2287,35597,"User bullwaves-855901 was moved from affiliate 2287 to  affiliate 35597  With settings : Move media report stats , Move pre calculated commissions , Apply destination affiliate Revshare settings , Apply destination affiliate CPA Qualification",1/19/2026 10:17:08 AM,Partners,Yes,2287
bullwaves-703364,703364,2287,35180,"User bullwaves-703364 was moved from affiliate 2287 to  affiliate 35180  With settings : Move media report stats , Move pre calculated commissions , Apply destination affiliate Revshare settings , Apply destination affiliate CPA Qualification",1/19/2026 8:45:51 AM,Partners,Yes,2287
bullwaves-875231,875231,2287,35270,"User bullwaves-875231 was moved from affiliate 2287 to  affiliate 35270  With settings : Move media report stats , Apply destination affiliate Revshare settings , Apply destination affiliate CPA Qualification",1/19/2026 8:17:58 AM,Partners,Yes,2287
bullwaves-534956,534956,2287,35180,"User bullwaves-534956 was moved from affiliate 2287 to  affiliate 35180  With settings : Move media report stats , Move pre calculated commissions , Apply destination affiliate Revshare settings , Apply destination affiliate CPA Qualification",1/16/2026 1:25:15 PM,Partners,Yes,2287
bullwaves-856071,856071,2287,35597,"User bullwaves-856071 was moved from affiliate 2287 to  affiliate 35597  With settings : Move media report stats , Move pre calculated commissions , Apply destination affiliate Revshare settings , Apply destination affiliate CPA Qualification",1/15/2026 4:58:10 PM,Partners,Yes,2287
bullwaves-873514,873514,2287,35198,"User bullwaves-873514 was moved from affiliate 2287 to  affiliate 35198  With settings : Move media report stats , Move pre calculated commissions , Apply destination affiliate Revshare settings , Apply destination affiliate CPA Qualification",1/15/2026 12:59:10 PM,SONJA,Yes,2287
bullwaves-826188,826188,2287,35529,"User bullwaves-826188 was moved from affiliate 2287 to  affiliate 35529  With settings : Move media report stats , Move pre calculated commissions , Apply destination affiliate Revshare settings , Apply destination affiliate CPA Qualification",1/15/2026 11:48:58 AM,SONJA,Yes,2287
bullwaves-860177,860177,2287,35270,"User bullwaves-860177 was moved from affiliate 2287 to  affiliate 35270  With settings : Move media report stats , Apply destination affiliate Revshare settings , Apply destination affiliate CPA Qualification",1/15/2026 11:02:33 AM,Partners,Yes,2287
bullwaves-737829,737829,2287,35597,"User bullwaves-737829 was moved from affiliate 2287 to  affiliate 35597  With settings : Move media report stats , Move pre calculated commissions , Apply destination affiliate Revshare settings , Apply destination affiliate CPA Qualification",1/15/2026 9:02:58 AM,SONJA,Yes,2287
bullwaves-870565,870565,2287,35272,"User bullwaves-870565 was moved from affiliate 2287 to  affiliate 35272  With settings : Move media report stats , Move pre calculated commissions , Apply destination affiliate Revshare settings , Apply destination affiliate CPA Qualification",1/15/2026 7:01:12 AM,SONJA,Yes,2287
bullwaves-844381,844381,2287,35597,"User bullwaves-844381 was moved from affiliate 2287 to  affiliate 35597  With settings : Move media report stats , Move pre calculated commissions , Apply destination affiliate Revshare settings , Apply destination affiliate CPA Qualification",1/15/2026 7:00:17 AM,SONJA,Yes,2287
bullwaves-871227,871227,2287,35597,"User bullwaves-871227 was moved from affiliate 2287 to  affiliate 35597  With settings : Move media report stats , Move pre calculated commissions , Apply destination affiliate Revshare settings , Apply destination affiliate CPA Qualification",1/15/2026 6:59:55 AM,SONJA,Yes,2287
bullwaves-735615,735615,2287,35660,"User bullwaves-735615 was moved from affiliate 2287 to  affiliate 35660  With settings : Move media report stats , Move pre calculated commissions , Apply destination affiliate Revshare settings , Apply destination affiliate CPA Qualification",1/12/2026 10:54:46 AM,Partners,Yes,2287
bullwaves-739045,739045,2287,35475,"User bullwaves-739045 was moved from affiliate 2287 to  affiliate 35475  With settings : Move media report stats , Move pre calculated commissions , Apply destination affiliate Revshare settings , Apply destination affiliate CPA Qualification",1/12/2026 10:02:34 AM,SONJA,Yes,2287
bullwaves-861946,861946,35461,35180,"User bullwaves-861946 was moved from affiliate 35461 to  affiliate 35180  With settings : Move media report stats , Move pre calculated commissions",1/19/2026 3:06:34 PM,ivana,Yes,35180
bullwaves-865885,865885,35272,35180,"User bullwaves-865885 was moved from affiliate 35272 to  affiliate 35180  With settings : Move media report stats , Move pre calculated commissions , Apply destination affiliate Revshare settings , Apply destination affiliate CPA Qualification",1/15/2026 4:56:24 PM,Partners,Yes,35180
bullwaves-609917,609917,35198,35270,"User bullwaves-609917 was moved from affiliate 35198 to  affiliate 35270  With settings : Move media report stats , Apply destination affiliate Revshare settings , Apply destination affiliate CPA Qualification",1/19/2026 10:32:02 AM,Partners,Yes,35198
bullwaves-323050,323050,35198,35475,"User bullwaves-323050 was moved from affiliate 35198 to  affiliate 35475  With settings : Move media report stats , Move pre calculated commissions",1/12/2026 1:16:08 PM,ivana,Yes,35198
bullwaves-861395,861395,35224,35427,"User bullwaves-861395 was moved from affiliate 35224 to  affiliate 35427  With settings : Move media report stats , Apply destination affiliate Revshare settings , Apply destination affiliate CPA Qualification",1/19/2026 8:24:02 AM,Partners,Yes,35224
bullwaves-707674,707674,35247,35427,"User bullwaves-707674 was moved from affiliate 35247 to  affiliate 35427  With settings : Move media report stats , Apply destination affiliate Revshare settings , Apply destination affiliate CPA Qualification",1/12/2026 12:49:53 PM,Partners,Yes,35247
bullwaves-279949,279949,35256,35263,"User bullwaves-279949 was moved from affiliate 35256 to  affiliate 35263  With settings : Move media report stats , Apply destination affiliate Revshare settings , Apply destination affiliate CPA Qualification",1/19/2026 6:48:53 PM,Partners,Yes,35256
bullwaves-442233,442233,35256,35392,"User bullwaves-442233 was moved from affiliate 35256 to  affiliate 35392  With settings : Move media report stats , Move pre calculated commissions , Apply destination affiliate Revshare settings , Apply destination affiliate CPA Qualification",1/12/2026 1:38:12 PM,Partners,Yes,35256
bullwaves-825938,825938,35431,35270,"User bullwaves-825938 was moved from affiliate 35431 to  affiliate 35270  With settings : Move media report stats , Apply destination affiliate Revshare settings , Apply destination affiliate CPA Qualification",1/19/2026 8:18:56 AM,Partners,Yes,35270
bullwaves-434239,434239,35272,35273,"User bullwaves-434239 was moved from affiliate 35272 to  affiliate 35273  With settings : Move media report stats , Move pre calculated commissions , Apply destination affiliate Revshare settings , Apply destination affiliate CPA Qualification",1/16/2026 11:11:47 AM,Partners,Yes,35272
bullwaves-300161,300161,35272,35427,"User bullwaves-300161 was moved from affiliate 35272 to  affiliate 35427  With settings : Move media report stats , Apply destination affiliate Revshare settings , Apply destination affiliate CPA Qualification",1/12/2026 12:55:42 PM,Partners,Yes,35272
,,,,A commission amount of 800 was removed; Commission ID: 104188; User Reference: 768135; by admin: Partners,1/12/2026 12:32:56 PM,Partners,Yes,35637
bullwaves-897652,897652,2287,35272,"User bullwaves-897652 was moved from affiliate 2287 to  affiliate 35272  With settings : Move media report stats , Move pre calculated commissions , Apply destination affiliate Revshare settings , Apply destination affiliate CPA Qualification",1/26/2026 11:32:44 AM,paolov,Yes,35272
bullwaves-893011,893011,2287,35302,"User bullwaves-893011 was moved from affiliate 2287 to  affiliate 35302  With settings : Move media report stats , Move pre calculated commissions",1/23/2026 3:22:40 PM,ivana,Yes,35302
bullwaves-645282,645282,2287,35180,"User bullwaves-645282 was moved from affiliate 2287 to  affiliate 35180  With settings : Move media report stats , Move pre calculated commissions",1/23/2026 12:46:49 PM,ivana,Yes,35180
bullwaves-692201,692201,2287,35637,"User bullwaves-692201 was moved from affiliate 2287 to  affiliate 35637  With settings : Move media report stats , Move pre calculated commissions , Apply destination affiliate Revshare settings , Apply destination affiliate CPA Qualification",1/22/2026 10:55:59 AM,Partners,Yes,35637
bullwaves-730687,730687,2287,35596,"User bullwaves-730687 was moved from affiliate 2287 to  affiliate 35596  With settings : Move media report stats , Move pre calculated commissions , Apply destination affiliate Revshare settings , Apply destination affiliate CPA Qualification",1/21/2026 10:38:35 AM,Partners,Yes,35596